title,price,price_text,currency,price_usd,condition,metal_item_page,purity_item_page,weight_item_page,length_item_page,url,brand,metal,metal_url
"Tiffany Co 18k Yellow Gold Elsa Peretti Diamond by the Yard Necklace 16""",649.99,US $649.99,USD,649.99,Pre-owned - Good Pre-owned - Good More information - About this item condition,,,,,https://www.ebay.com/itm/116790370464?_skw=Tiffany+%26+Co.+%22Yellow+Gold%22&itmmeta=01K68TCX8H6JRXRAM601XXPRCG&hash=item1b313fa0a0:g:vrAAAeSwadlo0A6j&itmprp=enc%3AAQAKAAABAFkggFvd1GGDu0w3yXCmi1cxEtO3lNddfCCUzYqLJZptsMo1%2BqTecJYE7edVMMmsTrJEWsm%2B9%2F470HCE3CzuJg%2B7VeTWkL1M76oifXvl9PvPw%2F8V7mfSPKrZsX48S4kbamSTXtjjm9YJSuodkjpdLv2kMry1Dp5dv1l%2FYCFDv7tsJ2xVIx%2Byy%2BfxrO4a3NTofAq0P8aBCgdqD1k7Ac1%2Bfn9JBJn65KXpLhpG85mJK2fIF0RZTUz6MPDggsvYRJjEsjUAYFIv5GB7mQZ0hVuG2ICztHNYKC5qwWK4ZoHBDRj4n84WEsVG%2B--Nge7S2HF08y8Qf%2FcEN8KhlW6x6cHgvnI%3D%7Ctkp%3ABk9SR9bUs5qyZg,Tiffany & Co.,Yellow Gold,https://www.ebay.com/b/Tiffany-Co/bn_21836959?Brand=Tiffany%2520%2526%2520Co%252E&Metal=Yellow%2520Gold&mag=1&rt=nc
Tiffany & Co. Bean Pendant Necklace 18k Yellow Gold 750 Elsa Peretti excellent,675.02,US $675.02,USD,675.02,Pre-owned - Excellent Pre-owned - Excellent More information - About this item condition,,,,,https://www.ebay.com/itm/285507690310?_skw=Tiffany+%26+Co.+%22Yellow+Gold%22&itmmeta=01K68TCX8H31ABHRSQYXGDY7AM&hash=item4279959f46:g:74YAAeSwx8ho1kN4&itmprp=enc%3AAQAKAAABAFkggFvd1GGDu0w3yXCmi1fNM8eZplcxjiIE47n2vGzmXek70vKAS0mcNMzqHkywIy3zCJ6mQFSf5iV6IEAPHkxkzaBOWm8WfddUOVY9xTwPKJSh7ht%2F3tYYd%2FytssjHhn4HFqClGRnGZuSwOPlyHwaBmO0YRxb%2F1Puv592Uu5ffQzVLUDLbwPGZzJYhZLQa1Vv3VX57ta3YFGL2CsnX02uVIl73LEAS18SImIbM0HcQzFSeiem53clW9GX1ZOzRwFoHTSnj2CidiwuoMnM2vnSzV%2Bx4QSk3IpKifoRUyAfXQ%2FnuiRORi--9NNbBQESXn7A%2F0jAAI19wqISBl5SKY5g%3D%7Ctkp%3ABFBM1NSzmrJm,Tiffany & Co.,Yellow Gold,https://www.ebay.com/b/Tiffany-Co/bn_21836959?Brand=Tiffany%2520%2526%2520Co%252E&Metal=Yellow%2520Gold&mag=1&rt=nc
Vintage Tiffany & Co 14K  585  Yellow Gold Oval Locket 4.48 Grams,699.99,US $699.99,USD,699.99,Pre-owned - Good Pre-owned - Good More information - About this item condition,,,,,https://www.ebay.com/itm/167807383338?_skw=Tiffany+%26+Co.+%22Yellow+Gold%22&itmmeta=01K68TCXA0Z014PFJVYY94D25Y&hash=item271219772a:g:TJQAAeSwSUto0FW3,Tiffany & Co.,Yellow Gold,https://www.ebay.com/b/Tiffany-Co/bn_21836959?Brand=Tiffany%2520%2526%2520Co%252E&Metal=Yellow%2520Gold&mag=1&rt=nc
Tiffany & Co. 18K Yellow Gold T Wire Bracelet Medium Size Flawless W/Box,910.0,US $910.00,USD,910.0,Pre-owned - Excellent Pre-owned - Excellent More information - About this item condition,,,,,https://www.ebay.com/itm/306513491500?_skw=Tiffany+%26+Co.+%22Yellow+Gold%22&itmmeta=01K68TCX8H1Q5Z2Q61MTVBV0CB&hash=item475da0b62c:g:oB4AAeSw88No0yTi&itmprp=enc%3AAQAKAAABAFkggFvd1GGDu0w3yXCmi1etlqnhRjF4RT5DSfydSgXbOkWWpZ%2FGPvR8ReQ%2BSXm932j4f98sb0dmH--OIaPuKCWlZA9YAPjqa6C%2BD%2BmgOh9mdi%2FKDw3BASoFX0is88DEddlxUtqgwdSyHH%2Bx1bMAPXg4j1PuX%2Bmicb%2B8eA0x7kC0DTScKvRxuN3R4bO%2BurqgEzrjpppRvIlg7K%2FDeiLR9EUBzLWl11ALlfcCOLcWDazpp2g%2FRa95jgskBrzRlb0yJo8RBDyMqMYFvkXZAqA8tRSrunJFb2iDZ4VWCSiZr0XDnW8U8YkDJOKjM2v0Dpr%2F0S0XAIJV3LwlNfFlBWgeYKY%3D%7Ctkp%3ABk9SR9bUs5qyZg,Tiffany & Co.,Yellow Gold,https://www.ebay.com/b/Tiffany-Co/bn_21836959?Brand=Tiffany%2520%2526%2520Co%252E&Metal=Yellow%2520Gold&mag=1&rt=nc
Tiffany & Co. 18k Solid Yellow Gold Lovey Dovey Charm Pendant,1500.0,"US $1,500.00",USD,1500.0,Pre-owned - Good Pre-owned - Good More information - About this item condition,,,,,https://www.ebay.com/itm/205746575386?_skw=Tiffany+%26+Co.+%22Yellow+Gold%22&itmmeta=01K68TCX8JRAWCXJ806SXVDFA0&hash=item2fe773981a:g:RqAAAeSwaA5o1dPK&itmprp=enc%3AAQAKAAABAFkggFvd1GGDu0w3yXCmi1eMVCXVSepNRiqy35hDkYk0sHFZ7GK201crNFW%2BbMx5ErexlWV4GLj6IFVwB792ZkY7Bt7tynGtXxbug4IYTf2pFvxueohTZrauEvjVGetzcx7jjTy9PBnua8ZaX7j3P%2FaeClIOIswOamf%2BVHhlsdHZHhyx8OcPOd9zvjlEZgQurJnDbfxBuJoiSqg9OX5jr3Csah73A%2FMD0g8xPm3O2uQ4WIhOFX8vGfuBPVkvJUaBj0NI8aOseaxhZsrkqg7oCbdYVZtkCpcVlnBOb7Q4MwFQQmQQS36bLKEskwT58N7p8MpVrTQRh2rpxxXtiRS8j%2Bc%3D%7Ctkp%3ABFBM2NSzmrJm,Tiffany & Co.,Yellow Gold,https://www.ebay.com/b/Tiffany-Co/bn_21836959?Brand=Tiffany%2520%2526%2520Co%252E&Metal=Yellow%2520Gold&mag=1&rt=nc
"TIFFANY & Co Honeycomb Honey Bumble Bee Pendant Necklace 18k Gold 16"" Inch 4gm.",1009.0,"US $1,009.00",USD,1009.0,Pre-owned - Good Pre-owned - Good More information - About this item condition,,,,,https://www.ebay.com/itm/277395747465?_skw=Tiffany+%26+Co.+%22Yellow+Gold%22&itmmeta=01K68TCXA0T0WDSZZJ2V6BZRB8&hash=item4096133289:g:-7MAAeSwZCVo0Eem,Tiffany & Co.,Yellow Gold,https://www.ebay.com/b/Tiffany-Co/bn_21836959?Brand=Tiffany%2520%2526%2520Co%252E&Metal=Yellow%2520Gold&mag=1&rt=nc
Tiffany Co 18k Yellow Gold 750 Mini Padlock Lock 1837 Pendant Charm Necklace 16”,999.0,US $999.00,USD,999.0,Pre-owned - Good Pre-owned - Good More information - About this item condition,,,,,https://www.ebay.com/itm/127361439540?_skw=Tiffany+%26+Co.+%22Yellow+Gold%22&itmmeta=01K68TCX8HEXSG2JM8JF90D10Q&hash=item1da7555734:g:SzgAAeSw3ZVowLEp&itmprp=enc%3AAQAKAAABAFkggFvd1GGDu0w3yXCmi1fwhcSuprOamGaztXhWiczDwy3yMTHdKdKFHuJHCV4GwLAzhsYPXgzoJQYrVucNehut7gK%2BuTxMxvLf3IZyPvuaKJK9ccod8MyrO2FftekNykjE3MAchr3Qfze2lWy1KIqgQM4SBl2WvjZexwoLWIZJxqTtpkAuHeBZkmv5ZP1Zx%2BpZNZHIttkgx2ta6AYvyemKyY3t6wvPXk%2FYVafJx7ySoAG%2F6Y9DpoNuSEKhDf5B%2FEp20ZnxH7w%2BdBwIb7RIYd5dJsX%2Fwi90mimystu9sjdabPVhmDFd9hXzmSzZpATP3insoyavk6l28neK%2FqACEwE%3D%7Ctkp%3ABk9SR9TUs5qyZg,Tiffany & Co.,Yellow Gold,https://www.ebay.com/b/Tiffany-Co/bn_21836959?Brand=Tiffany%2520%2526%2520Co%252E&Metal=Yellow%2520Gold&mag=1&rt=nc
Tiffany Co 18k Yellow Gold 750 Mini Padlock Lock 1837 Pendant Charm Necklace 16”,999.0,US $999.00,USD,999.0,Pre-owned - Good Pre-owned - Good More information - About this item condition,,,,,https://www.ebay.com/itm/127361439540?_skw=Tiffany+%26+Co.+%22Yellow+Gold%22&itmmeta=01K68TCXA0F5WMZ50C3ZSKPCGV&hash=item1da7555734:g:SzgAAeSw3ZVowLEp,Tiffany & Co.,Yellow Gold,https://www.ebay.com/b/Tiffany-Co/bn_21836959?Brand=Tiffany%2520%2526%2520Co%252E&Metal=Yellow%2520Gold&mag=1&rt=nc
Tiffany & Co. Vintage Sterling 925 & 750 Gold Hook And Eye Ring,160.0,US $160.00,USD,160.0,Pre-owned - Good Pre-owned - Good More information - About this item condition,,,,,https://www.ebay.com/itm/116795381959?_skw=Tiffany+%26+Co.+%22Yellow+Gold%22&itmmeta=01K68TCX8H4EYNW9AYS8JWAE50&hash=item1b318c18c7:g:aTwAAeSwz2Jo1F76&itmprp=enc%3AAQAKAAABAFkggFvd1GGDu0w3yXCmi1d1W%2FYlOIvCUe82LX4BIvPfND3O0oR7vck8pZJ4F0WUpTHTmSfOowB%2BubdEdF5zqpmcHGoTxN%2FIDPGHZIczwj8mVt9KZh%2FLNvCnvqZg%2BUh2EYevjYfOd4gV6txeai3xz9%2BkBli9TEFMUZ%2F7%2BRj%2FOdidSASo9v814tBLQIk%2BHMNeidZoaVUL9EYo6pex%2BnpmMk0WRRNE5ZToBnj--BKkS9wmdVoaC2aG1kQyjxcxdIiC1562BF795fWrw20JWzB%2BoiTYvpQ6AbSvdSk4zmgX3VZhACCRWA%2FVtS7RHCzeFYq7C2SQ1vzH%2BQPxHZEadim7T7A%3D%7Ctkp%3ABFBM1tSzmrJm,Tiffany & Co.,Yellow Gold,https://www.ebay.com/b/Tiffany-Co/bn_21836959?Brand=Tiffany%2520%2526%2520Co%252E&Metal=Yellow%2520Gold&mag=1&rt=nc
,,,,,,,,,,https://ebay.com/itm/123456?itmmeta=012DEW30YG0MEEKND7NH&hash=item123546:g:acwAA9KNiJowH:sc:ShippingMethodStandard!95008!US!-1&itmprp=enc%3AbgepL1tlUHjMGCVfSTGJh%2BzsVKeJ3CQk7NizDI4BZeppuFnmyS6Ijyp8lh%2FnEw%2BWqO7uTV1Q6izE1R0T54aV8j71F4xlWfVcGft4%2FiOQhtqVXA1rW6M1atPARQRmhqUxtEPJKhKtSFgI%2Bvwlzb0GwVCtkp%3ABlBMUObkmabpYw,Tiffany & Co.,Yellow Gold,https://www.ebay.com/b/Tiffany-Co/bn_21836959?Brand=Tiffany%2520%2526%2520Co%252E&Metal=Yellow%2520Gold&mag=1&rt=nc
,,,,,,,,,,https://www.ebay.com/itm/306520927289?_skw=Tiffany+%26+Co.+%22Yellow+Gold%22&itmmeta=01K68TCX8HA68YMA34HNKQGCKF&hash=item475e122c39:g:eXcAAeSwlXdo2PRc&itmprp=enc%3AAQAKAAAA4FkggFvd1GGDu0w3yXCmi1cl6B3YKhlfIAW5ii3Yg3fWnXpoiua%2Bkwgi2ajetGky43zdwaF1zHu43gBsiBR1FF9vdjXmlCG%2BodSTMENtgJlNEJJIvDAntjqnZu1m%2Fd9ec3IE4uLq%2B%2Fhl9oqx%2BRh6fjOkuU2Iy6tg9M4%2BDmbWR2oRs8U6xiBbZGNynRjuTXpT3pU2AHogD3ofwSEgmzR2X%2FkrADlKlijnFOQhzxBT%2F4TfqdZP3HS4I4VUpOBbVQcghjwlTRkiDgYOQhD6pHxbhAciqAVujcHCDEIlUYgeVnLq%7Ctkp%3ABk9SR9TUs5qyZg,Tiffany & Co.,Yellow Gold,https://www.ebay.com/b/Tiffany-Co/bn_21836959?Brand=Tiffany%2520%2526%2520Co%252E&Metal=Yellow%2520Gold&mag=1&rt=nc
,,,,,,,,,,https://www.ebay.com/itm/167810252197?_skw=Tiffany+%26+Co.+%22Yellow+Gold%22&itmmeta=01K68TCX8H6AH03Z7TH0JCBM8W&hash=item2712453da5:g:IpQAAeSwICpo0dhw&itmprp=enc%3AAQAKAAABAFkggFvd1GGDu0w3yXCmi1fWN36KpFKU0ca%2FqxtQpVmgoT87eRYwIIcFxXaMmC1R%2FZbjibcSEds5%2Fuw%2FKlUgphzL7rvWrP5FUJVbzNFXokkXeLgo%2Biy%2B48g1VDp1qEYuHLVEmAkKLzXCAYGn2SfbCT0C2YjJhtiVlLQwL6trlG2GhX9yoGl7enzPB%2B77z932AWb9kwAuPpJ9fQ8KiUKd2vskwUvSmr%2F3XHxqalG1xtU%2FNOGAWegGRAp6Zzen38Lxf2qlhxgdDFQErJvECsVgir--n9AWRIxG9vDxyJsdZgWTLMIoblzdeUmJD%2B2ytbdozd8fnjlhHEsLcZ2PF25YtkE%3D%7Ctkp%3ABk9SR9jUs5qyZg,Tiffany & Co.,Yellow Gold,https://www.ebay.com/b/Tiffany-Co/bn_21836959?Brand=Tiffany%2520%2526%2520Co%252E&Metal=Yellow%2520Gold&mag=1&rt=nc
,,,,,,,,,,https://www.ebay.com/itm/177437296022?_skw=Tiffany+%26+Co.+%22Yellow+Gold%22&itmmeta=01K68TCX8H5RHA4ZRWA72R1CQD&hash=item2950164596:g:0NQAAeSwud1o1HY9&itmprp=enc%3AAQAKAAABAFkggFvd1GGDu0w3yXCmi1dfGGvpUwS7x5rp3T286eAsEGsT%2FuX%2BZh%2F%2B9XoNzgbVzQ22Io4rkBu4VHYDuxRcH6af4RzWDYYuq4pmElamBzHS%2BZBs1DmAIqLY6Zjpqj0xBlabk0THFUG%2FqXMOU%2BqUTba07gRxidOKYev0HXeQ0%2B29IqSDqgvb%2BZccUnK%2BIbXFKw1MBOdvz6b%2BrqkhQTb7XoThD9HA9J7idJwfSfGkcxEnNzuXrJV5RIxlyX5WGZsgZub59lOUmTJVu1nJN8cOINvxA2RfJ%2B6VPeDpw2SXgItnkdBBokSYkm2OxgG3rjt2cTw6hNq9C6pm3CwW4Uw23F0%3D%7Ctkp%3ABFBM1NSzmrJm,Tiffany & Co.,Yellow Gold,https://www.ebay.com/b/Tiffany-Co/bn_21836959?Brand=Tiffany%2520%2526%2520Co%252E&Metal=Yellow%2520Gold&mag=1&rt=nc
,,,,,,,,,,https://www.ebay.com/itm/177436857434?_skw=Tiffany+%26+Co.+%22Yellow+Gold%22&itmmeta=01K68TCX8HMVF6Y4770928FABR&hash=item29500f945a:g:x4wAAeSw6PJo1DVy&itmprp=enc%3AAQAKAAAA4FkggFvd1GGDu0w3yXCmi1fAlS3%2F1QI9rfGm7XSZ5ggFZuXH3PgEcM5Hr7Wum6n3kdZPG7um7lMBCLygwu7B2eKYQtE7lJ%2BbzD9JcZKCaOd%2FYW%2FzkHYlpgTQrylsHMKC0fAPqsOHlIxPhZnRGJQiPSDKvuif8V2z8Jg%2FmND3WwFThETpkAdUWm5LQdGluJsIgMo0%2FkSWSbVW5BiOJu6zkPtN0Uq%2FqxokfUFZqOqwWjhtrtLscFB0ARpJChzz3cEDHlvnwvJrze2jlMBirWP2BaZYYEubkCqcFdvNoMf6y1x8%7Ctkp%3ABk9SR9bUs5qyZg,Tiffany & Co.,Yellow Gold,https://www.ebay.com/b/Tiffany-Co/bn_21836959?Brand=Tiffany%2520%2526%2520Co%252E&Metal=Yellow%2520Gold&mag=1&rt=nc
,,,,,,,,,,https://www.ebay.com/itm/177416261727?_skw=Tiffany+%26+Co.+%22Yellow+Gold%22&itmmeta=01K68TCX8HWXYJWA1Q3C2BEAZ3&hash=item294ed5505f:g:HngAAeSwF5ZoyPPV&itmprp=enc%3AAQAKAAABAFkggFvd1GGDu0w3yXCmi1crDp3e56qDt%2Br6%2FMv5PjKhr3L%2F%2B5D8beTI1R6JC4hBAioHFh%2FFcoKK8saIvfYySZ9RlZ75wUZUCkhPN695Cs87gwJf5aNmB%2Fx5WY0ddJc%2ByRh0lUy1N9xksZhXwVKlacCkYRT3fhKM89wpk86GAHzOqrGJ088YGk1%2BXK%2Famn2s0taSInySKpn2%2Bjhkl1ZwFhjRY1pfKaJUF2FQ4CKTuANLtWAmXND%2Bu37gzxe0rv790ICn6kc7s28IYG5u%2F5YzmcMXc3xPTVMO37hGMTJe9eiGEkBYsS6Fwfno2zTiOL8IjdeD3DOepTGSUhn5cyC06ks%3D%7Ctkp%3ABk9SR9bUs5qyZg,Tiffany & Co.,Yellow Gold,https://www.ebay.com/b/Tiffany-Co/bn_21836959?Brand=Tiffany%2520%2526%2520Co%252E&Metal=Yellow%2520Gold&mag=1&rt=nc
,,,,,,,,,,https://www.ebay.com/itm/146832459915?_skw=Tiffany+%26+Co.+%22Yellow+Gold%22&itmmeta=01K68TCX8H726W8M8SECHCXABZ&hash=item222fe5888b:g:yHcAAeSwRAZoxzOc&itmprp=enc%3AAQAKAAABAFkggFvd1GGDu0w3yXCmi1eO0CNbHnuqkJ01r9ENHTvkYgNGrA8t0sxSFCMamrN9w6gBpKz5zJZ9ZHETd6dnMjg0%2FqIVSLiQxZdwyLxachvYc0sWwn4yyoggfyMg6FM8yHotf2AsvLmlEWDWsFOgzJbq7lFEuJ8a9s1YwxH3GeOiPgAwlG%2Fa84RmzpWHxcljl7UsCi0ViGyV959jRgmeM0MV9a%2F9zcVZPvz9aYH7lQJHDD%2FJP7Yv1ew1pM8y67A%2Fw0%2B7ayxbNZP%2FhwTwKnNKTHpd1uYf%2BXFfJoHHU8OlNva4hRL5s0QUNO3F08lb2sSSgVlGBDUn%2F%2BAqNmr9l7d0ncM%3D%7Ctkp%3ABFBM0tSzmrJm,Tiffany & Co.,Yellow Gold,https://www.ebay.com/b/Tiffany-Co/bn_21836959?Brand=Tiffany%2520%2526%2520Co%252E&Metal=Yellow%2520Gold&mag=1&rt=nc
,,,,,,,,,,https://www.ebay.com/itm/277395747465?_skw=Tiffany+%26+Co.+%22Yellow+Gold%22&itmmeta=01K68TCX8H7MJVKCPVVEE9CT6T&hash=item4096133289:g:-7MAAeSwZCVo0Eem&itmprp=enc%3AAQAKAAAA4FkggFvd1GGDu0w3yXCmi1enISK0tqxnF4TAWMp6vD2IESFEpmyMjivKp1DMpQ3lmSWqjq9lzoheGsIAimRmqANJmGmSsS%2BCfKh3PURrRF%2BeKlAse%2FbL%2F2t4vNt5bCaaYpQFSF1kOiIqBeKGv4VyLQPHtPlviauegahw%2FLtAsfk30gBThI4Fb9bLV5Q0kra0LCPLRbiF%2F18Z4B%2Bka2qkXsMHgjTNsDgiukbCJeDtsUkmH8blCnDTMcaH2he%2FT1ZdOB0qKfyXfjAPby05g%2FF%2FxTTd0CWO9UJAUL9IupaJEU3o%7Ctkp%3ABk9SR9TUs5qyZg,Tiffany & Co.,Yellow Gold,https://www.ebay.com/b/Tiffany-Co/bn_21836959?Brand=Tiffany%2520%2526%2520Co%252E&Metal=Yellow%2520Gold&mag=1&rt=nc
,,,,,,,,,,https://www.ebay.com/itm/177347741964?_skw=Tiffany+%26+Co.+%22Yellow+Gold%22&itmmeta=01K68TCX8H8F5K355A6S4K66J4&hash=item294abfc90c:g:92oAAeSwkspoo0PB&itmprp=enc%3AAQAKAAAA4FkggFvd1GGDu0w3yXCmi1cOWF88KkooclCNbv0Np6KmVnZONf3FQEAJMcekvrrFsjw624R6LQqokNQw2ZAMaAF%2FKw3cbAHqAmfy7bqQ61qIgo0HxSpfUaSt68kAlv0cMOiD6EIMO%2FPirSIelKJ3ezjLoSsmXcoXNp5dcteesPhPmaQ50qTt0lnMy3Bax0drOVK3yCXfu%2Fex9B35yRQl5s8XiRUdn5biQ5Us94gKcXhZ0ejueXna0oUzGhUfAC0%2FujSEA7OCfvZTKTLKL%2FVmBziwPJWFC7tpILxtiVdJjmso%7Ctkp%3ABk9SR9bUs5qyZg,Tiffany & Co.,Yellow Gold,https://www.ebay.com/b/Tiffany-Co/bn_21836959?Brand=Tiffany%2520%2526%2520Co%252E&Metal=Yellow%2520Gold&mag=1&rt=nc
,,,,,,,,,,https://www.ebay.com/itm/306505497717?_skw=Tiffany+%26+Co.+%22Yellow+Gold%22&itmmeta=01K68TCX8HR1XVE2QMZS54BJP1&hash=item475d26bc75:g:YOYAAeSwMqRozHYS&itmprp=enc%3AAQAKAAABAFkggFvd1GGDu0w3yXCmi1cY0heKYV6gJciu%2BNK388HHoVMYTmCWkXrFFr6i0OMNveRlRF46oVeerEgY5D0vaEvWa7vGs8gNePlPNpQm5PD97J9wFqyevu%2BJ5IlOeOGmcTEVnzS6SXq3DvUXjRu5ems9a168TMjhuYUON%2BMhmn21obTCYWzJfavZjnMivZOBm7D2BGF9l%2F8mrU6nT9ArNhQ6KjcBYD1WviNsONSR3yeFbMwgqw6dF3JMf8iWKe2kfPhJK70%2F1xUnQabhVKXYhrL7UCm%2Bd4YwR7%2F971gmWg9hc33NGI5NzqaH0JMVfWsIwlP3QdOz3oAdfrp2mhHgPRk%3D%7Ctkp%3ABk9SR9TUs5qyZg,Tiffany & Co.,Yellow Gold,https://www.ebay.com/b/Tiffany-Co/bn_21836959?Brand=Tiffany%2520%2526%2520Co%252E&Metal=Yellow%2520Gold&mag=1&rt=nc
,,,,,,,,,,https://www.ebay.com/itm/205746508510?_skw=Tiffany+%26+Co.+%22Yellow+Gold%22&itmmeta=01K68TCX8HHXZQZ6ZZD0C2BNWT&hash=item2fe77292de:g:54EAAeSwNVRo1cGM&itmprp=enc%3AAQAKAAABAFkggFvd1GGDu0w3yXCmi1fSPQ9P3sIaHbbpbEDE%2B%2F%2Byp6LxPYm5d3mXnBgdLKmTtsYVvCgwpUuDzQkZ%2FKvmgus3lM%2FFxOn7J9olm%2FN0bMvA4njiG%2FwXFikFElAAw7UnBB5nN5Sw3Pr11j7zrPzE5hoMD0MYwl84%2FEhdYdk3FnVz62PNnNd9%2Fx%2BZ%2B%2B31LIcR%2BY%2BjlOlqZZrhAAoG23INWCEppYpahsriAB102uc3LuEASdLFKhrshjf1XWgzTK9otDulUb4CmbCdPGX4O9rAJaLbYLelyR5o1SGq2MaT8rXjkY5%2BDjI8DKU4P0mHu1jGGS9hJDkPvyUxPSlXBb7vHdE%3D%7Ctkp%3ABFBM0tSzmrJm,Tiffany & Co.,Yellow Gold,https://www.ebay.com/b/Tiffany-Co/bn_21836959?Brand=Tiffany%2520%2526%2520Co%252E&Metal=Yellow%2520Gold&mag=1&rt=nc
,,,,,,,,,,https://www.ebay.com/itm/355668471963?_skw=Tiffany+%26+Co.+%22Yellow+Gold%22&itmmeta=01K68TCX8JY3PFE9XH8GGFXP88&hash=item52cf7e309b:g:ef0AAOSwi5VmK7~r&itmprp=enc%3AAQAKAAABAFkggFvd1GGDu0w3yXCmi1cG48kNBwxMkdpZpDxSGRKVaBKYeipwkq%2B2I7uUOB9PPaOzMDW5a7sdDriwhTo1n8ZO5Rzsfp4UP%2BYuKea7F5RGEQ5j1UZKB0uSqiACjZft7sW77piR5nJm5fIrmOCV9Q6r3Q2noKkrsvIlB98oQDV%2Fm4eMChnqTLMY1OdAuQIW5yZuY%2B5AXKkX0zatG3%2BaEaZ6kfwYqj6Q5gETu0unL%2FPmtX7t8BLKJQdc%2F4jr777S8RyFiyODKi3kSx5rOQ0psJymFceiP%2FnhxYfln5z4YEVQnRAhWYkQwMl07zKELDZle2yAMH%2FHUl%2BZ5u4PD0SQQ3M%3D%7Ctkp%3ABFBM2NSzmrJm,Tiffany & Co.,Yellow Gold,https://www.ebay.com/b/Tiffany-Co/bn_21836959?Brand=Tiffany%2520%2526%2520Co%252E&Metal=Yellow%2520Gold&mag=1&rt=nc
,,,,,,,,,,https://www.ebay.com/itm/317329046648?_skw=Tiffany+%26+Co.+%22Yellow+Gold%22&itmmeta=01K68TCX8H2E74CVMFXVCX8X9N&hash=item49e248fc78:g:Qp0AAeSwQc5oyzyI&itmprp=enc%3AAQAKAAABAFkggFvd1GGDu0w3yXCmi1fpU%2BvOuOD%2BTAfGdtA%2F2nwRnZwaFvwqBUME2WKgMohcIfmTAf1TxeoAVY56r%2B99w4Ox8fQ6A7v6qvQoOUJQYhMbdWKX12v5Lqb00brkRM%2BlS6MPENfNcWkBA1Y90%2BeUhtJm9B5kiDP1YEj4vqr5%2F6Lm66u0U8DNNs%2BHcKZ8rPb8Y1ihAipDtOBHsarUAKX1CZwFCQc6QqwYPG%2BZz9ikArUPPjWvam7UmvM4Hf8Bqcfc2h3qJ3LKYIxNIcEd1wrMxr%2FJOCkEOhasXcfGOZhz7mCUZ8gZffxXyNIwgquaInk%2Fvza6gODyZ%2F5zUYrFQKcIcvg%3D%7Ctkp%3ABFBM1tSzmrJm,Tiffany & Co.,Yellow Gold,https://www.ebay.com/b/Tiffany-Co/bn_21836959?Brand=Tiffany%2520%2526%2520Co%252E&Metal=Yellow%2520Gold&mag=1&rt=nc
,,,,,,,,,,https://www.ebay.com/itm/157347918858?_skw=Tiffany+%26+Co.+%22Yellow+Gold%22&itmmeta=01K68TCX8HTT37Z0HKE13WNBRM&hash=item24a2aab40a:g:7vQAAeSwadlo1bQj&itmprp=enc%3AAQAKAAAA4FkggFvd1GGDu0w3yXCmi1dZWNE0D9KdLkieQcRu384SfOmMadZevqu31dpSHe2xlanw2AvvCDL8nRd0guO4mp9rJToAQMz3zUsa7HgTeIl3U081%2FdcuXP%2FFOtmsTmapGkKSG2u2M1j3zFpTMfxWn4pZR7rbQMZDt%2FNG0WqIXHPThq8hcKIv%2Fj3N4Xdny4Bxm9HjFhf1BE7qbHBQYyFI11FnpNj9AbsgeKG0Xx2c91HYO2u7xhHV6%2BaAsSNKzYCyoKdKs54ehfP%2BtSx0M9rho1f7PIUJuoy7zMqxjfM2PioY%7Ctkp%3ABk9SR9bUs5qyZg,Tiffany & Co.,Yellow Gold,https://www.ebay.com/b/Tiffany-Co/bn_21836959?Brand=Tiffany%2520%2526%2520Co%252E&Metal=Yellow%2520Gold&mag=1&rt=nc
,,,,,,,,,,https://www.ebay.com/itm/306511917417?_skw=Tiffany+%26+Co.+%22Yellow+Gold%22&itmmeta=01K68TCX8H18WRBYWGK9ZBP3J6&hash=item475d88b169:g:jz8AAeSw44VozHol&itmprp=enc%3AAQAKAAABAFkggFvd1GGDu0w3yXCmi1cFB1x%2BVydKKos0USIbYcFHq8tOSnBg6LLbRuMCYrVFivbpq1el9cz2vNu%2FgchY7hrmqrHeQTH0%2FXF0DlDCCzpm60%2FZpDiCmBIGEW5FsFGPTL0at33LjLsVGmPQ7OaO9V6njNQcOn0CBGoEaaRGCP3PQ2MvxxDX0uT5DcSiqwt3uYiN%2FHAVmUcImDq5SR1om7yH--o2wFdoI%2FFw7kYZMiobIFsQN5Codprmo%2FduEJ9uJQuqtZDSvpII8XuNHE7HecOo4bDWqA8DU0ARi7E1e1bSLou7SuH6BJpzBzNZD48pP6XGWlRYBwxYYshjuOQVjv4%3D%7Ctkp%3ABk9SR9TUs5qyZg,Tiffany & Co.,Yellow Gold,https://www.ebay.com/b/Tiffany-Co/bn_21836959?Brand=Tiffany%2520%2526%2520Co%252E&Metal=Yellow%2520Gold&mag=1&rt=nc
,,,,,,,,,,https://www.ebay.com/itm/306520927289?_skw=Tiffany+%26+Co.+%22Yellow+Gold%22&itmmeta=01K68TCXA0XJTDJVHY3S59KBQQ&hash=item475e122c39:g:eXcAAeSwlXdo2PRc,Tiffany & Co.,Yellow Gold,https://www.ebay.com/b/Tiffany-Co/bn_21836959?Brand=Tiffany%2520%2526%2520Co%252E&Metal=Yellow%2520Gold&mag=1&rt=nc
,,,,,,,,,,https://www.ebay.com/itm/357564773446?_skw=Tiffany+%26+Co.+%22Yellow+Gold%22&itmmeta=01K68TCXA03T8KHFE3GVS1W6DC&hash=item5340857446:g:Om8AAeSwKKpouJ7C,Tiffany & Co.,Yellow Gold,https://www.ebay.com/b/Tiffany-Co/bn_21836959?Brand=Tiffany%2520%2526%2520Co%252E&Metal=Yellow%2520Gold&mag=1&rt=nc
,,,,,,,,,,https://www.ebay.com/itm/397096631796?_skw=Tiffany+%26+Co.+%22Yellow+Gold%22&itmmeta=01K68TCX8H1XEE9T15ZY0BBQGK&hash=item5c74cdbdf4:g:mhMAAeSw9EVo1vF4&itmprp=enc%3AAQAKAAAA4FkggFvd1GGDu0w3yXCmi1cIYQi80vNYWQ3DgyaxjMrpUQkxeIcz3ueo0l5A185PbwLElS3E%2FrnliIF5ULhJreow9zzQJeO4tSk9uUqU2qlvy6SiNsyPk4mRJj54iCvH886Ghck1hbT%2BNA5CTKmMbTsdlmtwpH8MzaTJJ%2Fo8OA%2B%2BwYcmuriUI7zhfTwSmbkDE1%2FnvPHWZRSsqWGlJsload8K3UIwtky5WL1nZ%2BsZXGAeVPaX6lZGUjw6Qc7ACVns%2FNRz2dUJF6JRK4g0cQ7pcN7nh1LxBNaevFB5eiVE750w%7Ctkp%3ABk9SR9TUs5qyZg,Tiffany & Co.,Yellow Gold,https://www.ebay.com/b/Tiffany-Co/bn_21836959?Brand=Tiffany%2520%2526%2520Co%252E&Metal=Yellow%2520Gold&mag=1&rt=nc
,,,,,,,,,,https://www.ebay.com/itm/336125511365?_skw=Tiffany+%26+Co.+%22Yellow+Gold%22&epid=21057822685&itmmeta=01K68TCX8HE2P1R6N4KFAZN91P&hash=item4e42a446c5:g:9-AAAeSwCyNonlGl&itmprp=enc%3AAQAKAAAA4FkggFvd1GGDu0w3yXCmi1d0sGtd%2BJxyjUu4m3pqluZZSrJzuX7t%2FnkhfPzuZH1Jm7%2FlrjIestOaIi8zT28oEyqVsfypyLK%2BCfRuuAEtEWNSPgdzdwdvnQLklxwtLp2xkRa9vP9sbB%2BgsLi95KzyHR%2BpLeOt8L%2BGF45q%2F4jEGwlv4e0YkgAmyyFh0hZQiIB7io0agD%2BQ5K1gyeNSfPngBKIS7%2BkHZqvFF%2FVi45hclhI%2BAYdZVY03%2FtwY03CrrDNVBoJ8V89ybewLmVJVwbOlgp7okE8n1ffMjAwEO3J%2BuJAc%7Ctkp%3ABk9SR9jUs5qyZg,Tiffany & Co.,Yellow Gold,https://www.ebay.com/b/Tiffany-Co/bn_21836959?Brand=Tiffany%2520%2526%2520Co%252E&Metal=Yellow%2520Gold&mag=1&rt=nc
,,,,,,,,,,https://www.ebay.com/itm/406181995039?_skw=Tiffany+%26+Co.+%22Yellow+Gold%22&itmmeta=01K68TCX8HR6AZWD22CZB3KZY7&hash=item5e9255621f:g:sF4AAeSwCtNotysd&itmprp=enc%3AAQAKAAAA4FkggFvd1GGDu0w3yXCmi1f0jfKXxC7A7MLr%2BnVgfCofmYyWY873hHKoS1DeYjhIh7i6egFcmVh89Py%2F2oqI0CbM%2FSONCMQKuwKQo3A3ZDt%2BhigvBIMpdWw6EHdALGqY6nK%2BwElCvAjtD%2Fz%2FHflvx4X9KNndjBNldZ6cDGCuvwFwKMdGoP%2BCDSu39HbtNLzf1qKmNQli4lnPNJo6J1Yy8npPsTdv2wlT9Oabb1e792i6Z1o%2BB8NYcHXov6ptF7yGG1YVatDIx5Di4gIJqw2Mkh5x%2FCC93JUHB6WCzEwXUyQz%7Ctkp%3ABk9SR9bUs5qyZg,Tiffany & Co.,Yellow Gold,https://www.ebay.com/b/Tiffany-Co/bn_21836959?Brand=Tiffany%2520%2526%2520Co%252E&Metal=Yellow%2520Gold&mag=1&rt=nc
,,,,,,,,,,https://www.ebay.com/itm/257067315619?_skw=Tiffany+%26+Co.+%22Yellow+Gold%22&itmmeta=01K68TCX8H3A2E3KXGPX5WGP58&hash=item3bda67f1a3:g:bSMAAeSwuf1on2jq&itmprp=enc%3AAQAKAAABAFkggFvd1GGDu0w3yXCmi1eXFYbSwPQnhpHlZX%2BVZrL4X3iaLZw4F1ukATp8q0Csqoe1MJTIB3FCHbUg5U4Q0TJMWxhUlFLQAc5D95%2FDx3dns2CH83%2B3lcGiw32tTPZ5BcYC3V%2BmcrotNNQUilTJ9ZYfUo7Iv5Ea5ukZzzjkwkBS1U%2Bylq9IOH4HAhdru1xGIn3OSV4UYhIl8e%2FBuy190k13IN1Kv3iISnDQWYSXGflt47y%2FntapVnLRgT78s%2BvsDuDyc3DCvtylqvhojIW6e3jv0N9DHRZLlCtZhCvN%2Fs24KpbncQKclzB0NkaGWAXZCJ8%2B22JvGLZQw0dgIHgBqrw%3D%7Ctkp%3ABFBM0tSzmrJm,Tiffany & Co.,Yellow Gold,https://www.ebay.com/b/Tiffany-Co/bn_21836959?Brand=Tiffany%2520%2526%2520Co%252E&Metal=Yellow%2520Gold&mag=1&rt=nc
,,,,,,,,,,https://www.ebay.com/itm/167807383338?_skw=Tiffany+%26+Co.+%22Yellow+Gold%22&itmmeta=01K68TCX8H28P43JJEHSGDRKPP&hash=item271219772a:g:TJQAAeSwSUto0FW3&itmprp=enc%3AAQAKAAABAFkggFvd1GGDu0w3yXCmi1cH6Ph7RvN%2BnKDGRh59Cubs4IHRacXOMoPZbOMmEBcUyRG3nKjCzVVtR5WLhpcppTSFgGUj2JrYg2EGHFGTv2YzDm1paaB1qJ%2FfD3dkpH2btNiIFOyBpQ8w5JnFdUamAkDI3NZJA3kPesmMdyonH53raIk1%2FVecsqRCgJdyMXfRl1MleFnlSXPS3pfHeh%2BeLDKpl4mZfMU0HuqS1ioS%2Bx%2FUzwNYecSQ8BGBZB%2FoVFYX09%2BhmfYytJWMoH%2FfA3vSGh6EvaF4%2B8uJGZjw%2BlfSq%2B3erRdKvO4iV8joANykn19zV3JtLGpbwicYP2y9sQsWdkM%3D%7Ctkp%3ABk9SR9TUs5qyZg,Tiffany & Co.,Yellow Gold,https://www.ebay.com/b/Tiffany-Co/bn_21836959?Brand=Tiffany%2520%2526%2520Co%252E&Metal=Yellow%2520Gold&mag=1&rt=nc
,,,,,,,,,,https://www.ebay.com/itm/326753574479?_skw=Tiffany+%26+Co.+%22Yellow+Gold%22&itmmeta=01K68TCX8HENCVYQ1SKVNBMBX6&hash=item4c1407de4f:g:IeUAAeSwnbtotP1H&itmprp=enc%3AAQAKAAABAFkggFvd1GGDu0w3yXCmi1c6JkXFLel1jYmUdQC3zfc3hLoe%2FvVopAVdF3sOPYX3kIP6uJSyxvh3ttFAsbCQwB2YAz9ACc7Gwpb4UWLv3OflkfvShDG%2BJwIuEpGZebl2gFTnMsoMRFWmhNdLuKjWQi%2FGaqC%2B4uVgu7wP%2FUOsh0rGnBhSKmTgqphfCJPdc1EHqeNGgL59q08rCQeNaiOuGldQIKDFAPouxMkRC77X53B5Z%2BtXoR9K%2FDC39Aq6nyCFDokTUN9vPuTLkLBhWolyVcAwKTAVLG%2FCN%2BESHt%2FdPYiVdM%2B9MFxBD7mOMTYcov9RxVUJVh3qBIPkMZW9NwhtyGY%3D%7Ctkp%3ABk9SR9bUs5qyZg,Tiffany & Co.,Yellow Gold,https://www.ebay.com/b/Tiffany-Co/bn_21836959?Brand=Tiffany%2520%2526%2520Co%252E&Metal=Yellow%2520Gold&mag=1&rt=nc
,,,,,,,,,,https://www.ebay.com/itm/177350477577?_skw=Tiffany+%26+Co.+%22Yellow+Gold%22&itmmeta=01K68TCX8J3HFYP8J4N9T41DG3&hash=item294ae98709:g:ayEAAeSw8vtoQ1NP&itmprp=enc%3AAQAKAAABAFkggFvd1GGDu0w3yXCmi1d4gYEZ3De4skQgV50RM4FfX6Indhc%2FwKM3JsXe8PmbAeDVGyrMzu--XdRZpApOe4m%2Fe6%2FuIteaOJJGb9XbZjnIxgp%2Be%2FHitRe009xO30%2BDd5CfP2vByKmlpm9rrb5GSvHH80snf%2FxdtGWkr%2B0IkaFhiNM9hagI6hRUyestXgZw6TbP0XEbG%2FatNO38bSX15YvEzxFV7VPER7nBNvD%2FaPLMEG8hnHHSQwFesT%2BS77I0ZA7yvREbD9XQxBPxfEeR58KE4Qi%2Bf%2Fkg7VQhsJkmkq3MQt9gOGQ3hwEZYElFuFXpU90M6dt4v9AF%2FYQW1r8cs0c%3D%7Ctkp%3ABFBM2NSzmrJm,Tiffany & Co.,Yellow Gold,https://www.ebay.com/b/Tiffany-Co/bn_21836959?Brand=Tiffany%2520%2526%2520Co%252E&Metal=Yellow%2520Gold&mag=1&rt=nc
,,,,,,,,,,https://www.ebay.com/itm/205698830585?_skw=Tiffany+%26+Co.+%22Yellow+Gold%22&itmmeta=01K68TCX8HD4D1MC0ZJ1A4MA4Q&hash=item2fe49b10f9:g:VeoAAeSwQbtoof4y&itmprp=enc%3AAQAKAAABAFkggFvd1GGDu0w3yXCmi1dpP2IsNrT9xjbU5VKeDqmHPQ7x6EW7CtZOjiy2YNe7PKwxAWtfL4xnZTYw45PMmxWSHiIzM8x6lvZfsZvNAIrH0ghs20Yjvxh2M5xFycz2al8wUZShkZLPc7UukO1LInhOl038U6MIM1Gs8gsFKCVLJQ%2BY%2BHxb1Q7CaIvnB0LVlPw2osqhMp7l5%2BeQzvV%2BP%2BNS7PGIBPxitWQtNAmA6H%2FeBNUuBlsPLaOjwzWfW4WqwWscOqBRhEl%2BVAp5GtmmARK%2FADp4VG9SkCJclNRe46MdQg01ZWkrjOycvcUYMwNI8%2B7IsnI0P%2F364urYuiVva%2Fw%3D%7Ctkp%3ABk9SR9TUs5qyZg,Tiffany & Co.,Yellow Gold,https://www.ebay.com/b/Tiffany-Co/bn_21836959?Brand=Tiffany%2520%2526%2520Co%252E&Metal=Yellow%2520Gold&mag=1&rt=nc
,,,,,,,,,,https://www.ebay.com/itm/205698830585?_skw=Tiffany+%26+Co.+%22Yellow+Gold%22&itmmeta=01K68TCXA02XV2B9Z62K5H3XDX&hash=item2fe49b10f9:g:VeoAAeSwQbtoof4y,Tiffany & Co.,Yellow Gold,https://www.ebay.com/b/Tiffany-Co/bn_21836959?Brand=Tiffany%2520%2526%2520Co%252E&Metal=Yellow%2520Gold&mag=1&rt=nc
,,,,,,,,,,https://www.ebay.com/itm/205746508510?_skw=Tiffany+%26+Co.+%22Yellow+Gold%22&itmmeta=01K68TCXA002HCYV5XY4K018EX&hash=item2fe77292de:g:54EAAeSwNVRo1cGM,Tiffany & Co.,Yellow Gold,https://www.ebay.com/b/Tiffany-Co/bn_21836959?Brand=Tiffany%2520%2526%2520Co%252E&Metal=Yellow%2520Gold&mag=1&rt=nc
,,,,,,,,,,https://www.ebay.com/itm/187601438073?_skw=Tiffany+%26+Co.+%22Yellow+Gold%22&itmmeta=01K68TCX8JVPN1EMF5PVBWSCSH&hash=item2badeac579:g:FZEAAeSwl~Fo14pc&itmprp=enc%3AAQAKAAABAFkggFvd1GGDu0w3yXCmi1dfuNVbko7OCvfsLI8WSzWLY3iXyhStVHPi0ZCvUZ6wNDH48gtJL0qmCg2Nt3rF6zuIeiguRNZrxx1OtxlyUQYADS8XLbB2NKQ0dg5RW5Fds%2F1eYDjENcg5oFs6BjP6YcUSYZ5vrGVVl6BfXN1s01xiVrBg7Y7FhPm6yKFBbojbAxL%2FdPLw5DpxBzNG6ze8Wv7BKT9c0askElXbmREFpWGwMotcNCUEmsDB1mhtVGJs5jYp986B5gqx5UuM1ujqPzBes8eX7mBpyQ5gNbyGxHywK0lgatPmwEN%2B8oCRswecJxJn0eA887yDThjij%2BbvZbQ%3D%7Ctkp%3ABk9SR9jUs5qyZg,Tiffany & Co.,Yellow Gold,https://www.ebay.com/b/Tiffany-Co/bn_21836959?Brand=Tiffany%2520%2526%2520Co%252E&Metal=Yellow%2520Gold&mag=1&rt=nc
,,,,,,,,,,https://www.ebay.com/itm/357564773446?_skw=Tiffany+%26+Co.+%22Yellow+Gold%22&itmmeta=01K68TCX8HQCRV2AE2FRF21PZK&hash=item5340857446:g:Om8AAeSwKKpouJ7C&itmprp=enc%3AAQAKAAAA4FkggFvd1GGDu0w3yXCmi1e50umrrYXRECli6N11JuiebT1T1hwzhW--ufk6oMwZmTNowt4itNBXZPi3on9qMAd2EpEJC2LGijP4y3CqHXHtl5%2BVjv4iBISjJbCSgyiPYnVY45%2BYMko%2FxK91pFMjrXhXNXUJZccuMk7CmEd%2BJawmpn8EAYT%2B0Gw0A35IKBaIPEUTNUL%2BRX2qwbpaIaiu8VGFzdYA0mXxxAtQZ6ikDksx1HHsK5wjVOuVFi5rKEbnFqec1k%2FhAxAkf7chVNxh3QqLENYMFDiSGAbmdJmk6d%2F6%7Ctkp%3ABk9SR9TUs5qyZg,Tiffany & Co.,Yellow Gold,https://www.ebay.com/b/Tiffany-Co/bn_21836959?Brand=Tiffany%2520%2526%2520Co%252E&Metal=Yellow%2520Gold&mag=1&rt=nc
,,,,,,,,,,https://www.ebay.com/itm/306511917417?_skw=Tiffany+%26+Co.+%22Yellow+Gold%22&itmmeta=01K68TCXA03PQF6GEGPBCV8EXK&hash=item475d88b169:g:jz8AAeSw44VozHol,Tiffany & Co.,Yellow Gold,https://www.ebay.com/b/Tiffany-Co/bn_21836959?Brand=Tiffany%2520%2526%2520Co%252E&Metal=Yellow%2520Gold&mag=1&rt=nc
,,,,,,,,,,https://www.ebay.com/itm/167807648530?_skw=Tiffany+%26+Co.+%22Yellow+Gold%22&itmmeta=01K68TCX8JQPFEB6EQDC2ND59V&hash=item27121d8312:g:KPYAAeSwj2Vo0Irz&itmprp=enc%3AAQAKAAAA4FkggFvd1GGDu0w3yXCmi1fgJYVsWNER91Kj%2FYoM8eBTg7Hya6B718VDsDQ%2FzSxYwB%2FfDaJ83xllCNhV5oY0SWCeD8UdLZToIAhG6ef2SXjYVlBHhaOb9Xht3MoTu6M3xRtqgwCHxp4%2FqSv%2Fb%2FVNwuvhzlaQGuf3RGtoC8axQZoLpnmdaj5UzGIUhYUeNwtk3BEu3jJP76aeeuvLpk1bW0%2FC3Oa%2F1sw9OSp6pwYit940cmDKI56UrnBGwu5nej%2Fn13zRQtvsoe%2Fj%2BktItyRi6XTGJJWU3cYf%2B6V38ZWexWmr%7Ctkp%3ABk9SR9jUs5qyZg,Tiffany & Co.,Yellow Gold,https://www.ebay.com/b/Tiffany-Co/bn_21836959?Brand=Tiffany%2520%2526%2520Co%252E&Metal=Yellow%2520Gold&mag=1&rt=nc
Tiffany & Co. Sterling Silver “LOVE” pendant Necklace,68.0,US $68.00,USD,68.0,New without packaging New without packaging More information - About this item condition,,,,,https://www.ebay.com/itm/257130342714?_skw=Tiffany+%26+Co.+%22Sterling+Silver%22&itmmeta=01K6E3CSGXBH58FG54DQRQEEVT&hash=item3bde29a93a:g:jw0AAeSwjvlotueJ&itmprp=enc%3AAQAKAAAA4FkggFvd1GGDu0w3yXCmi1cJqpioy6b5LLv260BF13Yu7TuVrIz4yRo95oPOUZ1YKtC0SAgMYl8OdXd1bU88ZJ5I7e%2FZ1DKRFeVspj%2F060roUJAoQ7Uag%2BaV2%2BNGTzO3zvaPNhPB%2FmZpPeS6rzX%2FuK1Cs6MSe%2ByoB6wLOM50pFc409H7f9wI%2BQvtOAZtfRH1TQobE7al3Hg7AmsKwwKxiy8W2e0ys9zHkC3d69bRYmOKVahJvczc77Ed2P5sIQK9x1ZVS%2FkgeOdxjP75NaW1LuxHJOV0q94NsOdbdowuhsZm%7Ctkp%3ABk9SR_iYs8OzZg,Tiffany & Co.,Sterling Silver,https://www.ebay.com/b/Tiffany-Co/bn_21836959?Brand=Tiffany%2520%2526%2520Co%252E&Metal=Sterling%2520Silver&mag=1&rt=nc
Tiffany & Co. Necklace Silver Heart Tag Toggle Pendant Chain & Crystal Gift Box,121.46,GBP 121.46,GBP,154.25,Pre-owned - Excellent Pre-owned - Excellent More information - About this item condition,,,,,https://www.ebay.com/itm/146839890836?_skw=Tiffany+%26+Co.+%22Sterling+Silver%22&itmmeta=01K6E3CSGX3G8K3XAXX2HR6H3K&hash=item223056eb94:g:fU4AAeSwHEtoy7v1&itmprp=enc%3AAQAKAAAA4FkggFvd1GGDu0w3yXCmi1cXQJjy5bUiS2VfhhPW1Ke535QTjfrywucmaZkarBLzpmP8RGBn146OgnQOlLO%2Bm5jR7FjwFHeoQ2YI41JSW8e083kq%2BI%2FxtbMnhdeszJKV6UwNAiRrDS%2FYz29TQ5Bu1KereyKZIrpfFj36fYR%2B1grv0SfRhIYOy%2BUt3mIT8rrmvG--lsPn57V9e%2BHJm6PBy70xG2xDdHSoW01BCYrNqJ0WxSBMkQw76fxhu2pV6cx%2FLYaIOpaybgXy9aMjQkfRp4vyDbKtyg2Vjwi8PVzCrMSr%7Ctkp%3ABk9SR_iYs8OzZg,Tiffany & Co.,Sterling Silver,https://www.ebay.com/b/Tiffany-Co/bn_21836959?Brand=Tiffany%2520%2526%2520Co%252E&Metal=Sterling%2520Silver&mag=1&rt=nc
Auth Tiffany & Co. Photo frame Elsa Peretti beans design Sterling Silver #5925,280.0,US $280.00,USD,280.0,Pre-owned - Good Pre-owned - Good More information - About this item condition,,,,,https://www.ebay.com/itm/236358481194?_skw=Tiffany+%26+Co.+%22Sterling+Silver%22&itmmeta=01K6E3CSGXERWPPVFX4VKGTWPT&hash=item370810352a:g:D1YAAeSw5Dpo2yxH&itmprp=enc%3AAQAKAAABAFkggFvd1GGDu0w3yXCmi1cHKIBA77i2W%2B1r0PfFwZw6zLK09XwCwzhFGV9uSYGSAJzatJZ9OCHrbdBqwRN%2FUTlNM2Dvs2yvtaCTrnBXzxZc1cMQbFeGCqkfXyeYhUktnQRx1xnA6Ts%2FK7TZTNYopg0fMdyGpsXZKuROekfo4r6MM6cesHdYZwR5yzU1qQwK%2BxczT%2BW723jyL0hQEb0mRTRFzUQgR9THy2kpeAi2qPBqiVA1fVMWn6V81gxELB8mPDydXGVttEzcyFTVZkxaoTBSUGEREhQysTtGMahcrhaJClBWz%2FrDc%2BLi%2FqHKHCpRZ%2FLTxdzLOLB8z8nLwDih0I8%3D%7Ctkp%3ABk9SR_iYs8OzZg,Tiffany & Co.,Sterling Silver,https://www.ebay.com/b/Tiffany-Co/bn_21836959?Brand=Tiffany%2520%2526%2520Co%252E&Metal=Sterling%2520Silver&mag=1&rt=nc
Tiffany & Co. Heart Pendant Necklace Blue Enamel Sterling Silver 925 gift set,66.0,US $66.00,USD,66.0,New without packaging New without packaging More information - About this item condition,,,,,https://www.ebay.com/itm/257130342734?_skw=Tiffany+%26+Co.+%22Sterling+Silver%22&itmmeta=01K6E3CSGXWMG6NTD70BVS9WV8&hash=item3bde29a94e:g:kkcAAeSw3B5otuiC&itmprp=enc%3AAQAKAAAA4FkggFvd1GGDu0w3yXCmi1cdtsGBO9F99gTu4g9GMYh5BUaRpp2zrFJTlBsoAjER7HLsA2UtATSSpPkI1HsdSSbB95EWTJGwrh%2BfHn6tdFarO71qcH0Fp4lnMs8AI6hu6CAZQgdMLsWDGJ4W%2B2NnCy%2FY6bVJKdu62ha2b4u%2FZyJo3FyZBG3uE6IwD5c8qdxMDbM9omFZv1ojfZiCrda%2F3xeG62OoaMMS0Sn8xnOZJ45%2BJ6CRt1S37567rW67VqCaSvMJNJmWGlJ31v3wHj85zkYWubfwC5jHZ4VcjgMeSweq%7Ctkp%3ABk9SR_iYs8OzZg,Tiffany & Co.,Sterling Silver,https://www.ebay.com/b/Tiffany-Co/bn_21836959?Brand=Tiffany%2520%2526%2520Co%252E&Metal=Sterling%2520Silver&mag=1&rt=nc
Love Tiffany Blue® Heart Earrings,189.0,US $189.00,USD,189.0,Pre-owned - Excellent Pre-owned - Excellent More information - About this item condition,,,,,https://www.ebay.com/itm/376584840205?_skw=Tiffany+%26+Co.+%22Sterling+Silver%22&itmmeta=01K6E3CSGX5CGB9ZG3Q08CK6ES&hash=item57ae34a40d:g:eA8AAOSw6QpnLzvb&itmprp=enc%3AAQAKAAABAFkggFvd1GGDu0w3yXCmi1cDC8u8hxtzkEr4Jil4j1EMcdKrrDwZdDC0SVzcbVlCangdaUg7iebZWWuzxl%2FWHTICQC9pFVCZuQsIsy%2FfUCfKLnM88XqPp3Ac%2FCdhpdN%2BhjN3teTcO3zUvV27%2FkMThf4kP0whVuOVxcQUtsQvA%2FMcDVL05ZGXkMEGc7cT9Ke%2FCasIa9Vv8AAn1luzGPuxshgMWD9%2BrdzXDX2P0hmiXlC7hPG5qQ3wJIia0N0Q0I9PS7f9VznPyXpLHQxR3P%2B3HMAXXkVVFRPU9t4GrPnF9z4ZulH%2BEt3iE3oUTMo4ucu%2B3E9X0HOeUwsTiTuiqZzr3Hk%3D%7Ctkp%3ABFBM-Jizw7Nm,Tiffany & Co.,Sterling Silver,https://www.ebay.com/b/Tiffany-Co/bn_21836959?Brand=Tiffany%2520%2526%2520Co%252E&Metal=Sterling%2520Silver&mag=1&rt=nc
Return Tiffany Co LOVE Blue Heart Sterling Silver Mini 11mm Heart Stud Earrings,229.99,US $229.99,USD,229.99,Pre-owned - Good Pre-owned - Good More information - About this item condition,,,,,https://www.ebay.com/itm/286830144288?_skw=Tiffany+%26+Co.+%22Sterling+Silver%22&itmmeta=01K6E3CSGX9EJTZ8DQZB4FA5PR&hash=item42c868ab20:g:CqgAAOSwmDRoRbyT&itmprp=enc%3AAQAKAAABAFkggFvd1GGDu0w3yXCmi1fblnX3dQJ6BoyWDieHC73i4rRR2Yd1GWUW%2FNOgNoPoUxh1QkmTUcEY9PyceSSfVCk90oVZTdm20QckUHczcMA9EH13DLUbdvPj7rpjzGXTMkBLMvqvdFERQV0rmn46MKQhzX7bFMATizn5nQDpuUCIxgIfgddBvbRQvn7rn2f9tSPvLhhHHkHl0uEIqnzQXDcGUbNwBrO2C4MEYJ8i5DZ%2FIrv%2FctDHZh79arY%2BxQmf0eDagAGlJ7bsgjKo6JUraYhp6U%2BaXftTuMI%2FofGwtiGOFOrnrIAKE4rvDZjQaPVoIwnYt%2Fu9MBJzNGrPSxBh2BM%3D%7Ctkp%3ABFBM-Jizw7Nm,Tiffany & Co.,Sterling Silver,https://www.ebay.com/b/Tiffany-Co/bn_21836959?Brand=Tiffany%2520%2526%2520Co%252E&Metal=Sterling%2520Silver&mag=1&rt=nc
Please Return To Tiffany & Co. Mini Heart Sterling Silver 10mm Stud Earrings FZZ,160.0,US $160.00,USD,160.0,Pre-owned - Excellent Pre-owned - Excellent More information - About this item condition,,,,,https://www.ebay.com/itm/236295506315?_skw=Tiffany+%26+Co.+%22Sterling+Silver%22&itmmeta=01K6E3CSGXQN2TREAVRSTZ8G74&hash=item37044f498b:g:qc0AAeSwHwFosSUU&itmprp=enc%3AAQAKAAAA4FkggFvd1GGDu0w3yXCmi1dgQvo8bYqwzYTuYoKkM7aZkAzSoThOlp174UMR4VIdtIdEZmVDkG0XIOvkgPebCiLUGoHP7Bd7nvBGUdFl%2BdbUD9oSo69NAnf8DprjB1zz3t4ltx0LT7Sw0XsARbCHKZNjgPMZl%2FpG8Elth9RZGcZrY7lVQS0iqLHhD9dOxDMl%2BHMVMEu6lmSZ8kHZMpFr2jzZlnqePhM%2BSViE%2Blx4y9pXAwPIY54QeV4jfjIVHOGPxYLz1vHb%2B8dvt1I0a8%2B5pywLzc55i21P26zwz4lDssVu%7Ctkp%3ABk9SR_iYs8OzZg,Tiffany & Co.,Sterling Silver,https://www.ebay.com/b/Tiffany-Co/bn_21836959?Brand=Tiffany%2520%2526%2520Co%252E&Metal=Sterling%2520Silver&mag=1&rt=nc
Tiffany & Co. Sterling Silver Elsa Peretti Open Heart Stud Earrings,110.0,US $110.00,USD,110.0,Pre-owned - Good Pre-owned - Good More information - About this item condition,,,,,https://www.ebay.com/itm/406250343420?_skw=Tiffany+%26+Co.+%22Sterling+Silver%22&itmmeta=01K6E3CSGXW4KGD4C1E9T3HWHT&hash=item5e96684bfc:g:CtIAAeSwQnpo2oiQ&itmprp=enc%3AAQAKAAAA4FkggFvd1GGDu0w3yXCmi1d%2BhcZR0TTQsyOZlbOOEjKEMCFaE6ujpQds4cEnEkVtrQ99noW2jjnR%2BZO5YptFhkmI23ZJtkaOF6%2Br7FTWca5KiCV4LYHpRmaioSzeERTscc2lpEouKVNMja3ySxW1eBOJCHQE3%2F8xtcA1wPdoT2Sud%2F4JcbF3r0WWPhHfQ74IwQSXu0W2yD7d03WRYn1k4%2BDcd92IuGSJ%2Fq6duM5kvfTIYxswpzrUIlEUeI7fW61W3CKAf1QthBZOKIxqdIi8URmNaGpRwTEKYynmGRfvcJic%7Ctkp%3ABk9SR_iYs8OzZg,Tiffany & Co.,Sterling Silver,https://www.ebay.com/b/Tiffany-Co/bn_21836959?Brand=Tiffany%2520%2526%2520Co%252E&Metal=Sterling%2520Silver&mag=1&rt=nc
Tiffany & Co. Sterling Silver Return To Tiffany & Co. Heart Pendant and Necklace,170.0,US $170.00,USD,170.0,Pre-owned - Good Pre-owned - Good More information - About this item condition,,,,,https://www.ebay.com/itm/267421344695?_skw=Tiffany+%26+Co.+%22Sterling+Silver%22&itmmeta=01K6E3CSGX43XVK1ZNRB2Z512C&hash=item3e438de3b7:g:G5UAAeSwkbto2~Wg&itmprp=enc%3AAQAKAAABAFkggFvd1GGDu0w3yXCmi1d%2BeoKNNtUVoUPwEexYzRWNqSSGWFo4OiPkGKwUB%2FSS3mkiZQIE4p88wQUGPfGOe6y4Y4r0Zu6G2Ho7EuVTdVVVrQigkE1yLpstT5QCze%2BQpgq0SumgEiTLO3fAxIqU1MhVGJeIj1aE8jaEtnmp9f1pdlvEIfDzxtMHcIqP%2FDnYKhd18QQ5t9NBC2o%2F3H5soN71eloFMB62TwfyNJaqUgqpL%2B%2B%2BtitzrBlAaOGgbZVI%2FB9RJLJmwIMlBR7PfbZuV9lI2QbmzIyBI1%2BVTO3d3HZ0huQhAXyRZ4qABhWlgbmNoeyviYeY5yl31D8UJ9TMbr4%3D%7Ctkp%3ABk9SR_iYs8OzZg,Tiffany & Co.,Sterling Silver,https://www.ebay.com/b/Tiffany-Co/bn_21836959?Brand=Tiffany%2520%2526%2520Co%252E&Metal=Sterling%2520Silver&mag=1&rt=nc
"Tiffany & Co. Sterling Silver 925 Teardrop Hoop Pierced Earrings 1"" - 5g- READ",62.0,US $62.00,USD,62.0,Pre-owned - Fair Pre-owned - Fair More information - About this item condition,,,,,https://www.ebay.com/itm/389033432904?_skw=Tiffany+%26+Co.+%22Sterling+Silver%22&itmmeta=01K6E3CSGX5B2RPB3JQ80Z4ZA3&hash=item5a94331748:g:idMAAeSwdhpo25gc&itmprp=enc%3AAQAKAAABAFkggFvd1GGDu0w3yXCmi1dLb8kcyzgvImVwfjvEXMrx5nAL0sD4QcGUjhNSBqCl9cIuogotvZVFE2CosoFG5Ji5T9BjqsonQ3e6Vy7qhde0hks97IlAMWvezx0AI1r10sZT8vAMk2lysDElyEPfwxhZo7EudFTol2ZGd0z3E3z%2FsokD6488PDEcdBsz17eVRwAsodTczhHnDx63iV6qJItrWRa%2FiThfGQ44vh%2BkouCUMyKWi218thhxVXINakFAwt0K%2FdSsXyPPwnV0wZ3ARI3ThBznILKhsggQbxqG8WD158ujvVmBPNdP%2BK4qLs3a2as%2BinMH9QXUsFlSdRMGE8o%3D%7Ctkp%3ABk9SR_iYs8OzZg,Tiffany & Co.,Sterling Silver,https://www.ebay.com/b/Tiffany-Co/bn_21836959?Brand=Tiffany%2520%2526%2520Co%252E&Metal=Sterling%2520Silver&mag=1&rt=nc
"36"" Tiffany & Co. Sterling Silver Venetian Box Link Chain Necklace 78.5 Grams",959.99,US $959.99,USD,959.99,Pre-owned - Good Pre-owned - Good More information - About this item condition,,,,,https://www.ebay.com/itm/256750051985?_skw=Tiffany+%26+Co.+%22Sterling+Silver%22&itmmeta=01K6E3CSGXBJXQS95JYAZXNN8F&hash=item3bc77ee291:g:zu8AAOSwShJnRA8s&itmprp=enc%3AAQAKAAAA4FkggFvd1GGDu0w3yXCmi1cBWoF84kz3Iy1rP2PsiP8MVJn0AA92G7vAlRulj9fUN7T1Wwo8ifpOSBQTPDiXmdByKm%2Fsr6ADgevaGshHqiwT81x9Z%2FF3Y51hLXEsxA2CVc%2F2vjBVdrDnWVPWMAu4bf%2FQ%2BZzn6H0EIsPw%2Bs%2BSWy291qHlJa%2F6%2F8F5OAYhfnMMLvAj0W1sMj%2BYhI6QkgLdC9mjpFIbmmo%2BArkfF1dLWTPlv25HifxpmAS2RZVsyaZYeG3ACSa3mDCKviYNGnCrTdNGVdxcFZAS3tMmZfFVMQJY%7Ctkp%3ABlBMUPiYs8OzZg,Tiffany & Co.,Sterling Silver,https://www.ebay.com/b/Tiffany-Co/bn_21836959?Brand=Tiffany%2520%2526%2520Co%252E&Metal=Sterling%2520Silver&mag=1&rt=nc
Tiffany & Co. genuine Sterling Silver Eiffel Tower Charm Pendant,179.99,US $179.99,USD,179.99,,,,,,https://www.ebay.com/itm/257635098859?_skw=Tiffany+%26+Co.+%22Silver%22&itmmeta=01KY5WKW3P79EN2WW0YHKA5N2D&hash=item3bfc3fa0eb:g:KRkAAeSwraVqX~Ft&itmprp=enc%3AAQALAAAA8GfYFPkwiKCW4ZNSs2u11xDFaPJMRvdmmk%2Fnas41CUhmmT2F3FFT4y3D7ZUMgBI9OmAFKIPD5bmxapuY6XqIZg5Gz%2F7SCfGSdydDMojvxhLi3cnp6eTa%2B3d8MVewE6N6eZWhQx7PtLuqIAjyFs0liDA48SykxrvKCJ7ho7%2BjJsX4dVmE4WkgFWRNrWNzbFKnQ%2FmLyakH99gCfJFSovuRL0WZs6fQma77rJo%2BkvBe0IcOTCtCbFiwEeuigtVH74g4Bg1%2F8oXg5BXsXkzSOKdeG8kLRhiWvQ4fgzuGQ0NpvLT6iqEMxubROwfhcXM%2BdtS5Xw%3D%3D%7Ctkp%3ABk9SR57Cz7zxZw,Tiffany & Co.,Silver,https://www.ebay.com/b/Tiffany-Co/bn_21836959?Brand=Tiffany%2520%2526%2520Co%252E&Metal=Silver&mag=1&rt=nc
🔥✨ Tiffany & Co Sterling Silver Peretti Heart Pendant & Bracelet 🔥✨,224.0,US $224.00,USD,224.0,,,,,,https://www.ebay.com/itm/287408200613?_skw=Tiffany+%26+Co.+%22Silver%22&itmmeta=01KY5WKW3N0DVXQHQC3YGGH75F&hash=item42eadd1ba5:g:XXEAAOSwtYlnGXta&itmprp=enc%3AAQALAAAA8GfYFPkwiKCW4ZNSs2u11xAob8LtN9lKzGWu6p48FUJ6e%2FaxIPpy7TkPTBbKenFtX%2FL0%2Fckw7ggTpk4VgYbars%2B8TBEqfRl1AMsKtFcLGTGiaAZpSECFBL%2B7NUd5%2BWjSnLdofIGhybg3uE4vBYWQmMQty0PL8CWQIxh8WvJLUxRkIygTFYk6FgwRIxRw0fKxiXxAPPizZghHcYvpeYOzBeSAfgKKMwqCE%2FkRY%2FMyYgRa6NP709THIVxcsjApk%2FAYEKlp67OZ%2BgxbICpRX21sJIscw3OxLLMhwyqQNXjMT32d%2BsHP7qBXN8D3S8B0ifWaOQ%3D%3D%7Ctkp%3ABFBMnMLPvPFn,Tiffany & Co.,Silver,https://www.ebay.com/b/Tiffany-Co/bn_21836959?Brand=Tiffany%2520%2526%2520Co%252E&Metal=Silver&mag=1&rt=nc
Tiffany & Co Return to Tiffany 925 Sterling Silver Round Tag Drop Earrings,249.99,US $249.99or Best Offer,USD,249.99,,,,,,https://www.ebay.com/itm/137533561398?_skw=Tiffany+%26+Co.+%22Silver%22&itmmeta=01KY5WKW3N8GAY69BCWNA2Z2XY&hash=item2005a39a36:g:jG8AAeSwEbBqXl5m&itmprp=enc%3AAQALAAAA8GfYFPkwiKCW4ZNSs2u11xA2fQ5svTwkMSRMCjL7leU%2BhtYZAtNhoGn88xcvz5%2FmlcTtJIHFCagqtamzyLTYNixhGvaCAhe065rLCYhIyQNty8cAHnGIJEdSJVFf2I8CxstFzPras3YjG7LDGUjKLQQ8TCr0LlLYNRwBHi%2Fz%2BJEpHopTuASVLJabBNBgKc%2B%2F4d%2BqqpVqQ3rCSE%2Fs6KHFWG4xSuMM8aIjWYSt70KBfUjf2sfd4HDHPhCj3UC3u3X1ru7P7AFpKdtIS9ehDUsvRAj5ADbJ3lMKAFVeTvajEe4G1hR%2F83d%2BVOS4%2BDFeXpzC5g%3D%3D%7Ctkp%3ABk9SR5zCz7zxZw,Tiffany & Co.,Silver,https://www.ebay.com/b/Tiffany-Co/bn_21836959?Brand=Tiffany%2520%2526%2520Co%252E&Metal=Silver&mag=1&rt=nc
"Tiffany & Co. Sterling Silver Elsa Peretti Eternal Circle Bracelet 7.25""",105.0,US $105.00or Best Offer,USD,105.0,,,,,,https://www.ebay.com/itm/178323320796?_skw=Tiffany+%26+Co.+%22Silver%22&itmmeta=01KY5WKW3NENW6APP821410NMR&hash=item2984e5efdc:g:EvIAAeSwws5qXBp9&itmprp=enc%3AAQALAAAA0GfYFPkwiKCW4ZNSs2u11xCCS%2F0pQWvV2MDoT8pnnPveYUMABQ9gHZtyFjOjkiiqKpDxgjQNI7Cbc6GYnm0et85PYKXD06LggUBrN%2FY1cJETP1A8nqiD69WbC5gpY%2BkR6RvwdkGuZhv7jV4uYnPnSUxp41Dcbe4IdpVEfZgxf4Y8jJsXDxbOR53bl6ZIBbap7ApMY1kxD5ZSlzHL7zIM3KlMzuz4xe0%2BEMP%2BuRvT%2FPEMx1Ii5Z8kZxnLz2WzpT%2F1kw%2FwuexBNc2unTCFxW4bARU%3D%7Ctkp%3ABk9SR5zCz7zxZw,Tiffany & Co.,Silver,https://www.ebay.com/b/Tiffany-Co/bn_21836959?Brand=Tiffany%2520%2526%2520Co%252E&Metal=Silver&mag=1&rt=nc
Tiffany & Co. Continuous Heart Bracelet Sterling Silver (RETIRED STYLE) 7 in,274.99,US $274.99or Best Offer,USD,274.99,,,,,,https://www.ebay.com/itm/327270211816?_skw=Tiffany+%26+Co.+%22Silver%22&itmmeta=01KY5WKW3P8BWA9087MB7KQFV2&hash=item4c32d320e8:g:-NkAAeSwsFZqXm4n&itmprp=enc%3AAQALAAAA0GfYFPkwiKCW4ZNSs2u11xAqcNCWMV80Z52vMICT9JKdRC5NI4%2BVUaog%2Fn4crr2ys6GGMFuI5Ya3EC29TLMzs1554SUOZJXEPeXclicSr0jr0PlTiV8LBaRTg3PwG2RNGSruxQ8pdupx%2FqslLg%2BQaLfpKa41suOJ7SxSsltH7%2FTruSC%2FBo5TOA5eSnkoyjLOzHPkUwUHq%2F7O%2FRIufMyb0m0roYwdLc4tbR3FxcfsuA4f%2B0f%2BZ5pOKLRskicqh16rmCcFCXblNKT5eX67gGFC%2BFE%3D%7Ctkp%3ABk9SR5zCz7zxZw,Tiffany & Co.,Silver,https://www.ebay.com/b/Tiffany-Co/bn_21836959?Brand=Tiffany%2520%2526%2520Co%252E&Metal=Silver&mag=1&rt=nc
Tiffany & Co. Signed 925 Sterling Silver Cross Pendant Necklace Cable Chain,200.0,US $200.00or Best Offer,USD,200.0,,,,,,https://www.ebay.com/itm/137529532708?_skw=Tiffany+%26+Co.+%22Silver%22&itmmeta=01KY5WKW3PFSFACCX5B2NPZVYG&hash=item2005662124:g:W5oAAeSwzmFqXQP0&itmprp=enc%3AAQALAAAA8GfYFPkwiKCW4ZNSs2u11xDLoln45Jx4PNvgK8ixl%2FTzLmLQYj53Nd0PzJpeJ8pxt%2FY8nbS7QWJk1xqnzGPFdurhIo8%2BLt31lz35EMMGX2aaOOv9jxlolrO4dBZ4mcXnuUwcljiHy33oS9BeA1QB2PDpSgPFsY8mh8Bohcjddqp4XhWgabmudGQ5Apfc2SyjRb2MEM888Oj6hDkA%2Bddvboq%2FeYi2wIjho%2FWkGFlkA1HOSksyGDj4rL7Y32pTuWKzQwAh976oBpqDdqv2hGL9fLFjRHG8qUlLNfYVwa9ftPDxhq1QP%2BGtVMy9EqcrtZd3%2Bg%3D%3D%7Ctkp%3ABk9SR57Cz7zxZw,Tiffany & Co.,Silver,https://www.ebay.com/b/Tiffany-Co/bn_21836959?Brand=Tiffany%2520%2526%2520Co%252E&Metal=Silver&mag=1&rt=nc
Tiffany & Co. Present Gift Bag Charm Pendant Sterling Silver and Enamel,179.99,US $179.99,USD,179.99,,,,,,https://www.ebay.com/itm/257635001690?_skw=Tiffany+%26+Co.+%22Silver%22&itmmeta=01KY5WKW3P8VT3JVJS61EB5H8T&hash=item3bfc3e255a:g:5tsAAeSwYttqX-Jv&itmprp=enc%3AAQALAAAA0GfYFPkwiKCW4ZNSs2u11xAG6s1eoYqSWcldoa888%2FmiKI0SD4zfrHLKgGfka5SFVDYvxBrjXIakjShmPBDzNuSsFp%2FkxdRX7mNAFJndEvybKA0NFjWuL9AaZm41p0JUXoKdNj%2FSPEZScet%2BBZh6otLU%2Frg6SopjnGOUMQB96V%2FCIvfoIfbL1h1qxiBvjiSQo9TAjqD6EoQ8%2Bv9OClwd4C1NpQHSe859xdgIxW9R09mPO%2FibpqHv7OcTJcNTVyB9p%2Bh2pOitoBInNDxKr8BdSxk%3D%7Ctkp%3ABk9SR57Cz7zxZw,Tiffany & Co.,Silver,https://www.ebay.com/b/Tiffany-Co/bn_21836959?Brand=Tiffany%2520%2526%2520Co%252E&Metal=Silver&mag=1&rt=nc
"Tiffany & Co. Signed 925 Sterling Silver Cuff Bracelet, Silver, No Stone",175.0,US $175.00,USD,175.0,,,,,,https://www.ebay.com/itm/336700638326?_skw=Tiffany+%26+Co.+%22Silver%22&itmmeta=01KY5WKW3P462SXGP1847F6629&hash=item4e64ec0476:g:dQcAAeSwR-dqXTov&itmprp=enc%3AAQALAAAA8GfYFPkwiKCW4ZNSs2u11xBxnt%2Fuac1Y4jfCT%2FgEldYmGauj8y0ygCAwjQDwZjlJ0mMuFoEwoDD8fqS7kXuCuzS%2Fr5UjaFHEIMCxdmwrRlXioi0C0ND2YksI%2F3PUgbj68c9SAqWT%2B7IntJacTTeYTDV8Ei4iI7lQWXIjaTdMC40TIQogZWhwz50GZseBHRaNRyg6lfcD45UV0AlPNwO910Qo10RMc7CEF1jvwFtMIzx0oYWV8m3TJgxbmiyslK8XHMS2RpzQhtXnbsojlOuMu2nxk50tqj0HlCOImL0IX1GUKckm6R2cxeeuzBlnIF2POQ%3D%3D%7Ctkp%3ABk9SR5zCz7zxZw,Tiffany & Co.,Silver,https://www.ebay.com/b/Tiffany-Co/bn_21836959?Brand=Tiffany%2520%2526%2520Co%252E&Metal=Silver&mag=1&rt=nc
"Tiffany & Co Return to Tiffany Oval Tag 925 Sterling Silver 15.5"" Necklace",525.0,C $525.00,UNKNOWN,,,,,,,https://www.ebay.com/itm/366551162011?_skw=Tiffany+%26+Co.+%22Silver%22&itmmeta=01KY5WKW3PB6Q6FHS2AF2547BR&hash=item555826dc9b:g:-I8AAeSwdqlqXAYY&itmprp=enc%3AAQALAAAA8GfYFPkwiKCW4ZNSs2u11xDUSgM3Ht9Y47%2Fb4pVMgJAjalsG8U7pUcZRvY6Sd%2F0QYo5tTsIChjtFPwiE7FcJGnABI1GSmwQgDV1Hd0r2OK%2Bd391oQFRP5e%2BkJEn2xCd0ger%2F%2BHZW36lFE7yxylUQhvpWOM5R8NQs%2FM%2FUV93uSoLvmODKX7%2F%2BD0G9JUUIvGuAj60CzWTPpatj%2FKD6xYL8fNeXB04gWMxPxBsePUWxpkgVSJW90vrUFE7See0GreL7da73AaT15%2BK4jn22%2BLhw7Te2Kh56sJnEAEUZBu16QhKfkPxOZCo%2BaoCfD2rupgNyQA%3D%3D%7Ctkp%3ABk9SR57Cz7zxZw,Tiffany & Co.,Silver,https://www.ebay.com/b/Tiffany-Co/bn_21836959?Brand=Tiffany%2520%2526%2520Co%252E&Metal=Silver&mag=1&rt=nc
Tiffany & Co. Signed 925 Sterling Silver Teardrop Charm Pendant Cable Necklace,126.75,US $126.75or Best Offer,USD,126.75,,,,,,https://www.ebay.com/itm/327253861486?_skw=Tiffany+%26+Co.+%22Silver%22&itmmeta=01KY5WKW3N47KJM0TKVT1J1KNJ&hash=item4c31d9a46e:g:rhwAAeSwT0xqTuzF&itmprp=enc%3AAQALAAABAGfYFPkwiKCW4ZNSs2u11xAtYdR%2FrFtc7Q6rojx%2BfkawaNX7GIQ%2FA3T1%2FSZ8MRcq8g2Nm3pQ%2FrVJ%2FIT1ylmrcjXMs3QXNnMoL45ZKDts19uhAoCXiP%2FifYq1KF6ATokQCGLO%2F8B9hAiyiPzAWH4nqnbPWvOlDLHofjGckFOumst%2BTB5d23lpT55RW3pIgXTfzBqGp2T3Xn3JMNkKmExbTYZfQxzMP9EZxO%2BGJy4ZFjBNy99pmeCqEwuA6ndlTtu6dTTwfpItFZz9BLEmjDt3tZU7pFg%2BtmUrG%2Bxhaxxf2EujKJmy0ftOM0gK1d7lNCkh3fwWpLQlB8p3g5CWh9oEkh4%3D%7Ctkp%3ABFBMnMLPvPFn,Tiffany & Co.,Silver,https://www.ebay.com/b/Tiffany-Co/bn_21836959?Brand=Tiffany%2520%2526%2520Co%252E&Metal=Silver&mag=1&rt=nc
Tiffany & Co. Ziegfeld Black Spinel Ring Size 6.5 Sterling Silver 925,179.99,US $179.99or Best Offer,USD,179.99,,,,,,https://www.ebay.com/itm/168531580011?_skw=Tiffany+%26+Co.+%22Silver%22&itmmeta=01KY5WKW3N38ZVQWX99WAM69FT&hash=item273d43d46b:g:ujEAAeSw-1dqVCsj&itmprp=enc%3AAQALAAAA8GfYFPkwiKCW4ZNSs2u11xA0obTP9O6wPMgGPJnaxbDeGW1JVf6u5VBUoQRiYBl4dUsnxDALQQpSPVl8jU%2FN6uvpg0Em2cphP3HAmeYMZOR2LoGR5xFTeDf0hniclheiWBGU2NPMathfbEudIm4cA7sTwvoZacwKfo7FhYbuI4FzsDQil5lUZmH%2FcgwypV0lnJ5psyF6Wcz2pEg54NKHjKQeTIxTnqeftEF%2FExaFV%2Fx9HMkyD5vcCRN3lTF4U6RNCARnBZ3cYHf%2BOO4%2BTEJqlTPYXU10sdDBpP5Cv2By8dbyZasQstKLBMHrzYjm6sI87g%3D%3D%7Ctkp%3ABFBMnMLPvPFn,Tiffany & Co.,Silver,https://www.ebay.com/b/Tiffany-Co/bn_21836959?Brand=Tiffany%2520%2526%2520Co%252E&Metal=Silver&mag=1&rt=nc
David Yurman Cable Chain Link Bracelet 925Sterling Silver 18K Gold Two Tone 21cm,285.0,US $285.00or Best Offer,USD,285.0,,,,,,https://www.ebay.com/itm/318536103885?_skw=David+Yurman+%22Sterling+Silver%22&itmmeta=01KY5WNRXSXFFQE1YBFCCPKZXB&hash=item4a2a3b37cd:g:I6oAAeSwNDJqRyzh&itmprp=enc%3AAQALAAABAGfYFPkwiKCW4ZNSs2u11xBihck7Z1PZy2oC5QZzG6h4PQy6yOoLXT6Gnqx0ojLgrIgEeA12XBVxEeOfe%2BQQBu1yHd0i93Ss2md2kiEoRF0bJwmxqBEEDixF8%2BtQoAxMr%2Fw6tSAuZITyW8et5y0MN2Bpx4IEu5nYEDBpZw5ho6QLpQSRUlWPvzThduH1RvcVOnJ6Pp5NBgI8lcE6TBX2fJ6TbU3GbGxWVfaH0dztFmHHt3JpNy8CpRBQ6%2FjHNVUrgnGDtVmcw9sbUXg7LE%2BYH2ZwO36xvoQ5CIwNrnb%2FBBITZBwMy0692MvbyB5mAADpYR%2B%2BqpksPMEOjhlj7ATkXDI%3D%7Ctkp%3ABFBMno_XvPFn,David Yurman,Sterling Silver,https://www.ebay.com/b/David-Yurman/bn_21823139?Brand=David%2520Yurman&Metal=Sterling%2520Silver&mag=1&rt=nc
"David Yurman 925 Sterling Silver Cable Twist Hoop Huggie Earrings, excellent con",325.0,US $325.00or Best Offer,USD,325.0,,,,,,https://www.ebay.com/itm/227443021713?_skw=David+Yurman+%22Sterling+Silver%22&itmmeta=01KY5WNRXSBJKVG1ZGD9P4XAFW&hash=item34f4a91791:g:dbkAAeSwhINqYTEG&itmprp=enc%3AAQALAAAA4GfYFPkwiKCW4ZNSs2u11xBW3kQB9uYye4F6piX2fn8UpGe6pZzERwknLwXbX0jevDABgcsSH6YrvCHxr%2B5xgHq1LlW%2BUZpTyyoO9pdSTlzo21sHg%2FTX%2B4lQVkb%2FhT%2F0Amgg4hT6LNu4EAQsPcEANgeppErGAOxskzwDBtGueHBx2Qgmghp0YGwKIamb0XUXwwlH7N%2Fx%2BM5%2BQ1T24SSnb9yA9mFtvtBDCZL2HZV1LJuSvh1nDNqIF3HEv1nPiARwLPrGTF7DJNkVtkVwHw1vTU%2F3xqGwKirJP7HicADBbtnL%7Ctkp%3ABk9SR56P17zxZw,David Yurman,Sterling Silver,https://www.ebay.com/b/David-Yurman/bn_21823139?Brand=David%2520Yurman&Metal=Sterling%2520Silver&mag=1&rt=nc
Authentic David Yurman 925 Sterling Silver 14K Gold Cable Open Ring Size 6.5,98.0,US $98.00,USD,98.0,,,,,,https://www.ebay.com/itm/800349456544?_skw=David+Yurman+%22Sterling+Silver%22&itmmeta=01KY5WNRXSSAGPBQ9779KNYYA7&hash=itemba588b88a0:g:FjoAAeSw2JtqWDFs&itmprp=enc%3AAQALAAABAGfYFPkwiKCW4ZNSs2u11xCTxKbV0CN8tp6OjO15oQT0nGb05bwhf0GyCtHBQvTvZPgdwuxtWwbrYoTAKRC0GSNH--PFdXFB2EbzYWdSfEMaN6qw6CEJi1c7SaS7j53yf48U5yyOYtTtCdagRW2G1MCxGQxgxnWKoCWFT3VfJWpSh6niK62%2BYpOi6w0R4Wekr98SeUkrBt%2FHXHfY0FU4905oa2G8nmK31vS8faH%2FRJbpBGtqO0hieWQ3R48MWlEGNnZmLEDzEHsYMJXFuWMcyrIFp2fCFPliSryeW7YY0%2FLIKBs2vhtPkeenN09O2JyF%2F7ycVoT13QkLeK2bt4ugDNs%3D%7Ctkp%3ABk9SR56P17zxZw,David Yurman,Sterling Silver,https://www.ebay.com/b/David-Yurman/bn_21823139?Brand=David%2520Yurman&Metal=Sterling%2520Silver&mag=1&rt=nc
David Yurman 925 Sterling Silver 18K Gold Chevron Cable Cross Pendant Necklace,276.15,US $276.15or Best Offer,USD,276.15,,,,,,https://www.ebay.com/itm/206345465417?_skw=David+Yurman+%22Sterling+Silver%22&itmmeta=01KY5WNRXSAQ54FAJRVEW4496M&hash=item300b25ee49:g:Hd8AAeSwkvJqLC1n&itmprp=enc%3AAQALAAABAGfYFPkwiKCW4ZNSs2u11xD%2BH4yIa8N4BzHQUI3vt2%2BzrnJueVY08xf%2BCVsJWwO2w86AdMTwPOo7xIE6avD6DpTZpEM24Ta8B3EqgtVmb1I92yfh4s9Ijmw94It6KDZ%2B3zT8ICsGZOs06Lq1TVvI3PKwkt8lV5%2FOe4twDoyaEiORO66lzRmbPBMqYREy%2BzVKj%2B%2FxTyMz20p2l7LhhJv0WlkcuKtw1A7meZog7GuRf7TPKRk7cCIgw65pkVwDzj7WbXvZavkOtjU7UmcqhizFY7o1Ffi9xpKg4jvbMHz0wH8pYQNp4Ebw%2FPBDQyOB1NhZMvSrCU1udrU0Ull%2BZ%2FJyaaU%3D%7Ctkp%3ABFBMno_XvPFn,David Yurman,Sterling Silver,https://www.ebay.com/b/David-Yurman/bn_21823139?Brand=David%2520Yurman&Metal=Sterling%2520Silver&mag=1&rt=nc
David Yurman 925 Sterling Silver Spiritual Ball Bead Tiger Eye Compass Bracelet,269.99,US $269.99,USD,269.99,,,,,,https://www.ebay.com/itm/168501803755?_skw=David+Yurman+%22Sterling+Silver%22&itmmeta=01KY5WNRZHBQS20M862DRMYD7B&hash=item273b7d7aeb:g:c6sAAeSwsotp68KY&itmprp=enc%3AAQALAAABAGfYFPkwiKCW4ZNSs2u11xDhy3SnT7xJBxU8p%2FRMNi%2FTAsDgPP3RhzyMTzfNL2tJaQzxJJ7m73KWqO64nQte%2BqSMinfmj0qJ3GVXNhcLuZPP0k79Xml8OsvLbuFU%2BT35y8W%2FpccQudljzbceAQNEQczZ5qzEBY7GgkeAvDz0lGcAnAwvSwLjK74HLp%2B2aR%2FqXTBns0EPhf3ahihE%2FYYtcYXyeD6A9LAryR4bJahK8Gs3z9K3ZeF04%2BA%2BKtjobwyuO6TOLl6LSTv4jFEakXWfTGkizOBtT%2F4o3RRX3i%2FXAuAyqvhGpMYWQKHAx01WhqAQnyzYdVDvrv4JAlJ91CgHiPY%3D%7Ctkp%3ABFBMjJDXvPFn,David Yurman,Sterling Silver,https://www.ebay.com/b/David-Yurman/bn_21823139?Brand=David%2520Yurman&Metal=Sterling%2520Silver&mag=1&rt=nc
DAVID YURMAN STERLING SILVER 18K GOLD BOLD SCULPTED ENHANCER PENDANT!,289.0,US $289.00,USD,289.0,,,,,,https://www.ebay.com/itm/358761545599?_skw=David+Yurman+%22Sterling+Silver%22&itmmeta=01KY5WNRZHRDD4PAB449V3N41Z&hash=item5387dabf7f:g:6xkAAeSwwz5qS2V4&itmprp=enc%3AAQALAAABAGfYFPkwiKCW4ZNSs2u11xAaDG3BrRf9LIRPwGnWf%2BXl4YLC8qnXqBYQLr5aE70n6eTrd7SRjGixbz%2FPqP0sDNfZtQfo%2BYpZKgd3GwPd5i9Fe0y0uiQRUhuW7pOMgyYPTs4ZT4zrR%2FCRTuv%2FwDhZBBhcaTPo1OysiEtezxVkmq0pmAsYcOAot0U%2F4TlYnwEbPdP33pkMEa69AYYVyFQzAtmVsJ1fIA%2BLqdDJJowrT6gl3V%2BAphQmWaok%2BKxPUYDj9%2FeN2FNXEUS2owE7jX2Umj%2BjR6yVfD7tMEdUf6bLL1S7aEbg%2F1Du8OWmPmWNn7H22UT5RWkWvVuLy7AhJCRLbnc%3D%7Ctkp%3ABFBMjJDXvPFn,David Yurman,Sterling Silver,https://www.ebay.com/b/David-Yurman/bn_21823139?Brand=David%2520Yurman&Metal=Sterling%2520Silver&mag=1&rt=nc
David Yurman Sterling Silver Spiritual Bead Lapis Ball Star of David Bracelet,299.99,US $299.99,USD,299.99,,,,,,https://www.ebay.com/itm/157858423661?_skw=David+Yurman+%22Sterling+Silver%22&itmmeta=01KY5WNRZHC5B7SM38HC04ZEMV&hash=item24c118636d:g:vT4AAeSwQOlp68Ok&itmprp=enc%3AAQALAAABAGfYFPkwiKCW4ZNSs2u11xCRu4w7apekD5rcQW5tVXIA68C7r%2FayRipWUrQ2z%2FMSy1o0Xmn7bS0qEzgKNIjhYIooW7y%2BHUCVgvjD2ybNsEBcGVgHkRSdKH6YTxbWMA2wsu6F%2BUmX8a1phGA%2FlSQ8KqcDI3wtOCRRiji%2FF0TLqh0IqgDj0EE0pNRdESyNiwoy4YrgmQ0ue6ck69JkQPhBgMlvd6PWne1fDnsaXvmXGlX1EMsrBpqM%2FDwV%2BTJcIuGlM8DZaG%2FgqicP10iEAinv4IPsifhBB1RNBI%2BDYGqp7fa1qXQQQuqINZnlTyDH3hFtH7V%2B2D0IVAEROsNOcaKyVX4%3D%7Ctkp%3ABFBMjJDXvPFn,David Yurman,Sterling Silver,https://www.ebay.com/b/David-Yurman/bn_21823139?Brand=David%2520Yurman&Metal=Sterling%2520Silver&mag=1&rt=nc
David yurman Sterling Silver 925 Box Chain Bracelet 8 in Lobster Clasp Silver,225.0,US $225.00or Best Offer,USD,225.0,,,,,,https://www.ebay.com/itm/147450386067?_skw=David+Yurman+%22Sterling+Silver%22&itmmeta=01KY5WNRXRMNX3493TYJK2A2FE&hash=item2254ba5693:g:YYgAAeSwxhdqXr88&itmprp=enc%3AAQALAAAA4GfYFPkwiKCW4ZNSs2u11xBRtrzb7o9aq2mhUodYEj9qoDq%2B%2BhKRV4WNVoM0JOe9YU3gY9CSJcwT87geOeDOgR65VVJMyuuTLCKGv4r5%2F8n%2Fo2r3%2FrxRzYQG4nIIvynu3zGTlk2PdWScT2iqGa6eI7JlSjX38gBYUwnTTWS%2FRF9Uz8kuE3gJ3HR9eg%2Fbu7WakEawD1TBJT6EF3wtaneIGKD9UEWq0e1HN%2Fa2GdUNArnpaoPDDDhFzoeDR2mQM92bogR%2FJJkiy6rsPFzb58KO5W99bw%2BDxMnF6QC%2BeBw6lu1J%7Ctkp%3ABk9SR5yP17zxZw,David Yurman,Sterling Silver,https://www.ebay.com/b/David-Yurman/bn_21823139?Brand=David%2520Yurman&Metal=Sterling%2520Silver&mag=1&rt=nc
David Yurman Wellesley Chain Link Collection 7mm Sterling Silver  Ring Size 11,295.0,US $295.00or Best Offer,USD,295.0,,,,,,https://www.ebay.com/itm/127987535501?_skw=David+Yurman+%22Sterling+Silver%22&itmmeta=01KY5WNRXS48JM7GW5WWPF77F6&hash=item1dcca6ce8d:g:JrwAAeSwv99qYAI8&itmprp=enc%3AAQALAAAA4GfYFPkwiKCW4ZNSs2u11xA53JlbKyNbsasEf0Tu%2FCnQN4oDIh%2FxIJ2cMI%2FUdgG08v1GasGV1AAkN%2BOlTpshGXRiYJKD0QZ9j2HRlU6P9Mr2TaFOUlxh5U0mh8uMofRUlJqoQuL6FTd5UQJf3SS5GJxJ9A2VibTZ8Coyvrtazo2jfK0nlVXkxmwQumjbgfDA0gyVpkgeSThmwrdNpBHE78qnvxKcVY8B79YQJ1I3krlAiogk5qu4nMwViHO1c1Gz1nK7WYJ%2FfUx2pI22fPnKGeHbTAhiTECyq%2FjGTllFlw8L%7Ctkp%3ABk9SR56P17zxZw,David Yurman,Sterling Silver,https://www.ebay.com/b/David-Yurman/bn_21823139?Brand=David%2520Yurman&Metal=Sterling%2520Silver&mag=1&rt=nc
David Yurman 925 Sterling Silver Box Chain Bracelet - 6.5-7 inch or 16.5-17.8 cm,187.5,US $187.50or Best Offer,USD,187.5,,,,,,https://www.ebay.com/itm/227435334967?_skw=David+Yurman+%22Sterling+Silver%22&itmmeta=01KY5WNRXS5JXN2H5CZ63E7RFF&hash=item34f433cd37:g:wBkAAeSw6XlqWjZZ&itmprp=enc%3AAQALAAABAGfYFPkwiKCW4ZNSs2u11xA6bI9rSM1cTmXD8hqXyYGkLnmZ6aO4wLnS7d5iGeOjzxYPH3kUt6bENossgm0oc9Lh2Gi3j2JZNfI0kuhG1jVxqFDAdXp0Ng1yBoMuw2ep4%2FwnotFbZStx8dN%2BW1oxhIHpxjKiecodgBi4eudTgGF0B0cSMTq5I0r6O4RcB7%2BWhAl7YjCoVmSGFmhwWe3dOPfKL0m4nxkN558SFXfavxj6uiDDQ%2Ba6sMazd4eKHTR%2BiQbdcu2QiOVmyIuc3At59JIcGawpdiqKvmL2ugc8ClqHRC6pDHm7YAcJZVzpXm2APTZOZbUVLzNuEq0VzjLlOCU%3D%7Ctkp%3ABk9SR56P17zxZw,David Yurman,Sterling Silver,https://www.ebay.com/b/David-Yurman/bn_21823139?Brand=David%2520Yurman&Metal=Sterling%2520Silver&mag=1&rt=nc
David Yurman 925 Sterling Silver Twisted Cable Large Link Statement Necklace 55,295.0,US $295.00or Best Offer,USD,295.0,,,,,,https://www.ebay.com/itm/206342097140?_skw=David+Yurman+%22Sterling+Silver%22&itmmeta=01KY5WNRXSS337EMY6JZ2ECG51&hash=item300af288f4:g:1PYAAeSw7IhqLDEM&itmprp=enc%3AAQALAAABAGfYFPkwiKCW4ZNSs2u11xC1ckthd6EBtlsgBrnmwvSgIHpzUKpgYSeP8OitBqsi2NOWsmKjzq02vHboIqBB5oNTeJDnOft8HxNvGHzrRbV9ZPbk7UJd8riKWknN2bPRYJNCHLcu3uiHlXxNmOQK1VS9bZHd5Gm3dFfKUwiCRWyV5Mho%2BucNcFbU1NLZOsXPOlTAFdmNFiYKKPx6%2FwHLVn925fXM5K1d8KVu1uO0ETSf1fMUcSSH--vW3KKbAZiCS9vGmPEPQYUx1K45C%2BddRusOSkc9kkUMlvWtviaxDwR3JzJu13cGkuK1Z09iiPzVBl4eV9HbYgOWyQdEmRRCwjc%3D%7Ctkp%3ABFBMno_XvPFn,David Yurman,Sterling Silver,https://www.ebay.com/b/David-Yurman/bn_21823139?Brand=David%2520Yurman&Metal=Sterling%2520Silver&mag=1&rt=nc
18K Yellow Gold David Yurman 19mm Cross Amulet Pendant (no chain included),749.99,US $749.99,USD,749.99,,,,,,https://www.ebay.com/itm/147454265866?_skw=David+Yurman+%22Yellow+Gold%22&itmmeta=01KY5WQQC93HJZT2WN1YDAFPXN&hash=item2254f58a0a:g:s3UAAeSwhQNqYP1-&itmprp=enc%3AAQALAAABAGfYFPkwiKCW4ZNSs2u11xA1ptg9dGsnx6uoEHky7pjXWTv6jVEEC2HnfaNZ%2FNRiDKdbQDWcB2dGxddg55%2F6bCuWlQIdRR2TpedJ3o4m8%2FNiixpte%2Bp0j5ZHywM9%2FqdCdKdM3NSFx7eYeh98M3QQYCpjkspZUf0%2FRfEhqvqZscFqOemlmFdkDWmzSeTqiIm09b9yNkbIfZMHCEJ%2Fh08tEZlbSyImR5lV72PJW%2FB8s8AE%2BbcPcrTTvOsqvPKuqwxJuDkrgUUKpebA7dCxS0sr2BSc1QVy6PFXmjnIpXvR%2FiF6cF4EUvetGVZp5aQoKiiS11SfoPdFSsWAYe7cWIIqXmU%3D%7Ctkp%3ABk9SR5z33rzxZw,David Yurman,Yellow Gold,https://www.ebay.com/b/David-Yurman/bn_21823139?Brand=David%2520Yurman&Metal=Yellow%2520Gold&mag=1&rt=nc
David Yurman Madison  Necklace Sterling Silver 925 with18K Yellow Gold 19.5in,290.0,US $290.00or Best Offer,USD,290.0,,,,,,https://www.ebay.com/itm/318607591812?_skw=David+Yurman+%22Yellow+Gold%22&itmmeta=01KY5WQQC85ZT5E0VF10W413HM&hash=item4a2e7e0984:g:EiIAAeSwt8NqQntg&itmprp=enc%3AAQALAAABAGfYFPkwiKCW4ZNSs2u11xDaMRSlmS%2F8JlpAqUzvFT%2BJaZ4o1PVsvvihJRaOletb0Khk%2Fgu%2F0NT7DswCr3HZ3W1tYTyy6N7eFlXbTLeBPDBexIFYMJoJAa%2BqczdoNWCMF1stH9o%2FOHdh2UwhpfpSeDHwvYz5LHqEn1RMOjYMi4y8qrmRBwQsQfjnAZt4d5PCoowpPTvi1x%2FQs1Bx1I6jy2brQZ26E82IPiAwjfU9EuhURR2llLYNdivoqVT5RQmFZ2yPxvGM9nGBZm1u3CaWxb8A1w90ha%2BGB%2BGFlHQv8McO2gbsEjw%2B3elYFo6SDPaPXnASR%2FyO9Ew9vTFqjC3N20o%3D%7Ctkp%3ABFBMnPfevPFn,David Yurman,Yellow Gold,https://www.ebay.com/b/David-Yurman/bn_21823139?Brand=David%2520Yurman&Metal=Yellow%2520Gold&mag=1&rt=nc
David Yurman Cable Hoop Earrings 18k Yellow Gold Twist Round Hoops,2249.99,"US $2,249.99",USD,2249.99,,,,,,https://www.ebay.com/itm/389586991126?_skw=David+Yurman+%22Yellow+Gold%22&itmmeta=01KY5WQQK50GFMC8G87VFW7W18&hash=item5ab531b816:g:25QAAeSw~F1p-Sv4&itmprp=enc%3AAQALAAABAGfYFPkwiKCW4ZNSs2u11xB2kxgVNaHw1rXpA8%2BVlsgb1Z4z2qWroftWYzsFI0QWl8oVendEZQxJL07bngE68kgbyKgUmrU9q7e5LU0Gx9vpFyjmZX54BSahhqv4%2BvwcQRu9RVRsquOwn%2FsneIxyn3RWxvnHQfRKyR2W1XFtE%2BQXQX1j8TQp9kgttOO%2BblV99PSkQunHKZP93poP2c0WHpAEE1hCCz3OymXyR40b68GBBhWbSPqmFRFJFa2yD4x%2BvbbAteYHZVms9XBzbkozzfiTAw4JqVP2e%2FetXPSMDo111hpG%2FPCqCxROzzSwg8MdiugoFCIoH3B2PPC0CVO6xhc%3D%7Ctkp%3ABFBM9PnevPFn,David Yurman,Yellow Gold,https://www.ebay.com/b/David-Yurman/bn_21823139?Brand=David%2520Yurman&Metal=Yellow%2520Gold&mag=1&rt=nc
David Yurman 8mm Cable Inset Band Ring Sterling Silver with 18K Yellow Gold SZ 9,276.0,US $276.00or Best Offer,USD,276.0,,,,,,https://www.ebay.com/itm/206432374312?_skw=David+Yurman+%22Yellow+Gold%22&itmmeta=01KY5WQQC8QBWGPJK26MWWVRV5&hash=item3010540e28:g:pdAAAeSwBO5qK9oR&itmprp=enc%3AAQALAAABAGfYFPkwiKCW4ZNSs2u11xBZRgiABlaSVmMGTJyYdsR2emNoFQpbpHiyUUzc2iMqFE%2B2K3tHoKgccLy9wSdI%2BBYhcsjNixiGc7Gv71fAQVrj%2FjL79KSQbo2Y2gG0xQTK2WvekNkgblYXRn3Tx63MJlJmGw5%2FRgrIQOSD0uxXRePCZ97FNCeDEbr9xE3H1hZloGZ%2FVvtrHhV5WSW3pkRhU1TyBF%2Fd78x98ix6jiN22LNJeOESA2slT8K97vbjoE1ZDk3RL5w2GxKtzjjjIfrre6dkT7yiX4xUYh05uvSKadtKvDyeDwP2YlDrcAsh7l5JVV3CV6zOGv8TlKKjnrV8tH4%3D%7Ctkp%3ABFBMnPfevPFn,David Yurman,Yellow Gold,https://www.ebay.com/b/David-Yurman/bn_21823139?Brand=David%2520Yurman&Metal=Yellow%2520Gold&mag=1&rt=nc
David Yurman Sterling Silver .925 & 18K/750 Yellow Gold Buckle Ring Size,349.99,US $349.99,USD,349.99,,,,,,https://www.ebay.com/itm/168540346818?_skw=David+Yurman+%22Yellow+Gold%22&itmmeta=01KY5WQQC960E9VEQYRMH90GQE&hash=item273dc999c2:g:~d8AAeSwuY1qQuz~&itmprp=enc%3AAQALAAABAGfYFPkwiKCW4ZNSs2u11xCqMK9%2BqKNJYgXz2gWkplhp%2Fp1ExUsrsV9nxYSr9UI1b1yXMWhS%2BT2%2BkyJH2VbgFDrPnk%2Fc6zTDmhWDGbwWxL5%2FYi0rca4xMANc9cXkEMdsAWdAA9vNbiCqupJ7IMx2HAII4i52ylqx2nUDbI%2Bdwt8PDlSATa3s5G0QNLuowlFl50gFLckLruojdUoBhT2RQY7FosMPNNW%2FFlYmcjblqMqi2BBrbzszJQiMwBS%2FC9k2jc5kve9BK92HDUuFredk1qcFTLPwu0Kt9%2FFvWqlNSf5rPRVGsIJXaDQ%2Forszr0SMt%2BrDnSE3L0HCmk5vo2ybq1g%3D%7Ctkp%3ABFBMnPfevPFn,David Yurman,Yellow Gold,https://www.ebay.com/b/David-Yurman/bn_21823139?Brand=David%2520Yurman&Metal=Yellow%2520Gold&mag=1&rt=nc
"David Yurman Double Cable X Choker Necklace 17"" Sterling 925 Yellow Gold 14k",959.99,US $959.99,USD,959.99,,,,,,https://www.ebay.com/itm/397844024450?_skw=David+Yurman+%22Yellow+Gold%22&itmmeta=01KY5WQQK56NQ2T3HRPCS22C9Q&hash=item5ca15a0c82:g:PdUAAeSwPGtqWVYy&itmprp=enc%3AAQALAAABAGfYFPkwiKCW4ZNSs2u11xCeWIa%2BZ5ydxoEoPq%2BOjPsU%2BXBZse8DcracyYmsY3O%2F%2BzwH7DbCE8ABH9vwhO1hP%2FR02WJKRVT55kwHRXaVo0Hse6hdy3riq24k5kb3q9cFVRxpTwQ2bVnGNfzyN4ufim3V7zX%2BRSij2gxwo6efc%2BE1g7wMtjCRzCfrPAqpVNjeiiYvyiK0kFIur2aSO2i%2BlFXv%2Bs0hzHNwuAUp6nyV6nU8uRBak6u9eyn2TaUkgY8IwUGvAg0L9xwfgjmjMVvBB0PZzmsN8nwFFHVGqItzon6gCSmeNfIcip8UN5RZtbsFRUc%2FHISGw1Gw--BntDqlSsA%3D%7Ctkp%3ABFBM9PnevPFn,David Yurman,Yellow Gold,https://www.ebay.com/b/David-Yurman/bn_21823139?Brand=David%2520Yurman&Metal=Yellow%2520Gold&mag=1&rt=nc
David Yurman 18K Yellow Gold Mens Box Chain Necklace 1.7mm 23” $2650+,2389.0,"US $2,389.00",USD,2389.0,,,,,,https://www.ebay.com/itm/206421594630?_skw=David+Yurman+%22Yellow+Gold%22&itmmeta=01KY5WQQC9TSRRCK85FNMYTWNW&hash=item300faf9206:g:qSwAAeSwQTBp0ZmX&itmprp=enc%3AAQALAAABAGfYFPkwiKCW4ZNSs2u11xAUcYwULeNqzYCMtDMrBN7FJz0zHwbulRpTcA%2BDVrEajbl9uiaEjgRRyS2jn%2BjDn6AdKRJZ2hKs%2BwpFFUtPEJXRox%2FgBsvkfHFpu12p4KkC%2BK%2Fps%2F0Qc9wsUMuNtNDmk%2B4kgGmJmu144xA%2Fc%2FDic%2BH0YUV6dlOl%2B2nOTDPGbhKeLKoGUqGK5GYU%2Bqbf8rgIs3bG9bTXrTtzKeXBNdQLJzovttpYXXhyPe1Df7ABqqGc%2FtHcbj7JtRTt89hVlWkKob%2BTWRZzzqMx2pdWPWFF8OKwg4LDYY7kISBUBNl2n3XQCw7P1043kJbILxytAZQtpzw%3D%7Ctkp%3ABk9SR5z33rzxZw,David Yurman,Yellow Gold,https://www.ebay.com/b/David-Yurman/bn_21823139?Brand=David%2520Yurman&Metal=Yellow%2520Gold&mag=1&rt=nc
David Yurman Memento Mori Skull Amulet in 18K Yellow Gold and Forged Carbon,1395.0,"US $1,395.00or Best Offer",USD,1395.0,,,,,,https://www.ebay.com/itm/287478187198?_skw=David+Yurman+%22Yellow+Gold%22&itmmeta=01KY5WQQC8X1WE3SSCYYQCZFDS&hash=item42ef0904be:g:3QoAAeSwww5qYP85&itmprp=enc%3AAQALAAABAGfYFPkwiKCW4ZNSs2u11xCW%2FR7GNvRTgj%2FYGZ4rGI5XElRxjsU72COZ6%2BsAnNAT5sTtRk62tdrrk53CtQdePtpT3puWxqbA0BAITn5fEkKWF1vQ%2F7%2BMUi7jQF4bB2mHhQS54LeQUJdrswDy797qeTgNwUE1iiuaqHwpaWUw42wySalvh5RF2hOMIZeNEk5vmrQsN%2FsWEQcu6L%2BgUbfmGeWfFRl--nKkO51Jte1QP0dOSqYDdxyft%2ByWQZGVu24P3mPf7%2F1ikpAbooXbZMJ%2FPkw1uJqeuBG38w7s2%2BLaV%2FYwU1Mvk6%2BRVnVpty7tjS%2BcScZwFx%2FdGJI4YXZR7rkINLc%3D%7Ctkp%3ABk9SR5z33rzxZw,David Yurman,Yellow Gold,https://www.ebay.com/b/David-Yurman/bn_21823139?Brand=David%2520Yurman&Metal=Yellow%2520Gold&mag=1&rt=nc
David Yurman Sterling Silver .925 & 18K/750 Yellow Gold Buckle Ring Size,349.99,US $349.99,USD,349.99,,,,,,https://www.ebay.com/itm/168540346818?_skw=David+Yurman+%22Yellow+Gold%22&itmmeta=01KY5WQQK5AZRZZFGW98VAMZ7K&hash=item273dc999c2:g:~d8AAeSwuY1qQuz~&itmprp=enc%3AAQALAAABAGfYFPkwiKCW4ZNSs2u11xCqMK9%2BqKNJYgXz2gWkplhp%2Fp1ExUsrsV9nxYSr9UI1b1yXMWhS%2BT2%2BkyJH2VbgFDrPnk%2Fc6zTDmhWDGbwWxL5%2FYi0rca4xMANc9cXkEMdsAWdAA9vNbiCqupJ7IMx2HAImAa8Z6s--jiO0loN0%2BY1JXCqhzshaWh3zvms7pa9OkIi4RDXz62rpimDNxCgSwYprLfEPIS79Y3e%2FCUE3EDAdXs16yrdVy8VaMwOmT3jmmKMlhDdwOikZ6IkIATs%2BhD%2FQC%2FTIByF3Wr7l%2BHMAXpLQ5Y6V%2BizxrSqdkMbnJOtvahdcRO91Mbohu3gxin0vRNk%3D%7Ctkp%3ABFBM9PnevPFn,David Yurman,Yellow Gold,https://www.ebay.com/b/David-Yurman/bn_21823139?Brand=David%2520Yurman&Metal=Yellow%2520Gold&mag=1&rt=nc
David Yurman 18k Yellow Gold Box Chain Necklace 1.7mm 16 17 18” Adjustable,2398.0,"US $2,398.00",USD,2398.0,,,,,,https://www.ebay.com/itm/206406411256?_skw=David+Yurman+%22Yellow+Gold%22&itmmeta=01KY5WQQC92XKX9ATHVXK0C4VP&hash=item300ec7e3f8:g:CVsAAeSwjtdqUE9L&itmprp=enc%3AAQALAAAA4GfYFPkwiKCW4ZNSs2u11xBr43doogmCe9eC76YjaDR7xYoecbM340XxbPXtdKxKQo5YPhrz2FWaYdIyP29ggSNa29J6im%2BuCujDW5zqBOHU2A%2FWyonMqV6W1aI37rlH56CmGYFuCC%2FHFDMN8GjdveSV66PrEQEE4sMZFzriT5m71DhpoAiL8Y2H%2FdcmbgKG4kznOISwQDcTbAL%2B4tvdrpZ667fKL4M6eElAG3s4jbKrVzv8GlDl4ann2GgyHI8V8acLP1cg1phtTPJXcI5h7xxvn%2BDi6sbInXeQ8L00pO3c%7Ctkp%3ABk9SR5z33rzxZw,David Yurman,Yellow Gold,https://www.ebay.com/b/David-Yurman/bn_21823139?Brand=David%2520Yurman&Metal=Yellow%2520Gold&mag=1&rt=nc
David Yurman 18 Karat Yellow Gold Twisted Wire Outside High Polish Inside,1850.0,"US $1,850.00",USD,1850.0,,,,,,https://www.ebay.com/itm/800365916509?_skw=David+Yurman+%22Yellow+Gold%22&itmmeta=01KY5WQQC9GRMX2NTF791ZRRF4&hash=itemba5986b15d:g:o5YAAeSw1ihqUnRW&itmprp=enc%3AAQALAAABAGfYFPkwiKCW4ZNSs2u11xDObluPQMYwLzHVk6MqIZPFk%2FgvxuQkBbPduUHNhb8Bzi35hP79NWkGq28IcqTvqKGD%2FdihXg%2B8nqWcTbx2hUaMzQ9B5xFSrSlp01RxGAcaUv0S914nPWn4p79y9sYseSaXwPUMcfML9KJxeccpbGoSBp%2F%2BhRsh7wOv45dvD5wi97n8G1JPAATaWLiep1NonqB%2FB0TfU3opHLkEv49yppGz3AGSw6ddkg8IT1zOPh3k9ppdfGVDExvJ%2FYJVl%2Bl9U077LIYWcKP8JjE6rgKVKCfTF6wD4eOTu6SFnsblokNsWs%2Fg76CyK%2FjPhwCjKi%2FIvIU%3D%7Ctkp%3ABk9SR5z33rzxZw,David Yurman,Yellow Gold,https://www.ebay.com/b/David-Yurman/bn_21823139?Brand=David%2520Yurman&Metal=Yellow%2520Gold&mag=1&rt=nc
4mm David Yurman .925 Sterling Silver Bead's Skull Red Coral Ball Bracelet,249.99,US $249.99,USD,249.99,,,,,,https://www.ebay.com/itm/168550457178?_skw=David+Yurman+%22Silver%22&itmmeta=01KY5WSKAGP67P05071TS645X2&hash=item273e63df5a:g:H9AAAeSwi5ZpzraG&itmprp=enc%3AAQALAAAA8GfYFPkwiKCW4ZNSs2u11xA1pzL%2BDSL6XLu7IbJdyBjLDvfp68LYOfwyPrzopMXWqAqNIEnqPsd9nVKZ1roAZZITfpCQLncIRRw4X%2F2s2RjW7ul%2Fl%2FdnzQMg6p%2FIpn8ldgQyWyTE2bf8cBSepYvLfK4GbwJNIUNGZ3VKI1Q8F5zuSLtRJvfUKJrlekWHKTqTJiOn1L4ki48RgflAc6TeXfp6fiB%2B5XWtV1mwWIsATUkj2OSvomT4FozOqJpLh9jYuyJiHgXVDuGazmEBgfnXM0HQTor91DXXaLCxXtzT56M%2Bd7hpkDLvakSp2r%2BaGXVY2Q%3D%3D%7Ctkp%3ABFBM0rbmvPFn,David Yurman,Silver,https://www.ebay.com/b/David-Yurman/bn_21823139?Brand=David%2520Yurman&Metal=Silver&mag=1&rt=nc
David Yurman 925 Sterling Silver Blue Topaz tides  ring size 7,275.0,US $275.00or Best Offer,USD,275.0,,,,,,https://www.ebay.com/itm/318612043788?_skw=David+Yurman+%22Silver%22&itmmeta=01KY5WSK8K0EW6EN08JWFADEQC&hash=item4a2ec1f80c:g:vT0AAeSwgvZqXrX5&itmprp=enc%3AAQALAAAA0GfYFPkwiKCW4ZNSs2u11xAbscw2ERmRyvVfR6j0UCN3489unxhSzmjoFQa9mQ2A8zKfV65ppNB8S98tdlkumTuloSpUmLY0UwO%2FE8v0J15%2FgPFeak3b4zZRA%2B10IGzYMOszlgGweg3S5Jglu4BWcA%2FKdP0K7ewU78nvS%2FKwtQCPfF%2BOZrM4CBDWHCrSpyOXh6F%2Bg5oGVr9NCIdmv%2Bk2jVkdxxK%2BxrcGFld9L7ihbZZev3cnqPiPGyKUdZbxNeQda10ps9pRiJtarJWTbovq7%2F4%3D%7Ctkp%3ABk9SR9q05rzxZw,David Yurman,Silver,https://www.ebay.com/b/David-Yurman/bn_21823139?Brand=David%2520Yurman&Metal=Silver&mag=1&rt=nc
Authentic David Yurman 925 Sterling Silver 14K Gold Cable Open Ring Size 6.5,98.0,US $98.00,USD,98.0,,,,,,https://www.ebay.com/itm/800349456544?_skw=David+Yurman+%22Silver%22&itmmeta=01KY5WSK8KY7T1ZSSKW8W73KJV&hash=itemba588b88a0:g:FjoAAeSw2JtqWDFs&itmprp=enc%3AAQALAAAA0GfYFPkwiKCW4ZNSs2u11xBMLywOQge0Le762r7GpRkYE8EQUE1%2FlFeH34YEo%2FpH1fIcZD%2FpXyRgX4vwGr76OoClC3%2FB%2FTYXA4DGfzrrt%2BqD3a76ItMPml9SZEEGcKKr%2BBXe1CqXxaEfl%2B6VpaXslxqQf%2B9QvJIoPhWDRqO3DRlLCMbix%2BEhI1BA%2FtpWiI8iYArSLLQq9J8lXSYgM6G8%2F2H1gvwL4NH1CWzVsYcQxNvg39lvPHYLkMxOhdBp02lTl0oCo6OgAwHNFHIZlbiruuw%3D%7Ctkp%3ABk9SR9q05rzxZw,David Yurman,Silver,https://www.ebay.com/b/David-Yurman/bn_21823139?Brand=David%2520Yurman&Metal=Silver&mag=1&rt=nc
David Yurman Crossover Diamond Necklace 925 Silver 18K Gold Two Tone 19.6IN,289.0,US $289.00or Best Offer,USD,289.0,,,,,,https://www.ebay.com/itm/318536194932?_skw=David+Yurman+%22Silver%22&itmmeta=01KY5WSK8JY8K3MSVMK5GQ1RTJ&hash=item4a2a3c9b74:g:SEAAAeSwSl5qRzQc&itmprp=enc%3AAQALAAAA8GfYFPkwiKCW4ZNSs2u11xAH8tr2AWg6ZbAJldvkCSeDQ5OTR%2By4pafhZGPFzPWDtIlruOqu43hqD9MvS7TwgkHeMu6CIskJkb35aUY8muzPqPuX9pcmbo3GNFtymw9ypAFc8rk2qoVppaxJcFu3lJSOXAgwrYXyHlRyE8FbrEaPOIEI7kzT%2BL%2BNXAMjRm0UfG8z%2BxBoBd6HU4ilm%2BpLQd1Px77DmvcbGwJ27SRDqd%2BVfuP7TnPCd3o5kjOwdv%2FZ6iU2CW3BnOCWP1y0w2bBAg5vCxKkPF4AtCKzs6ik7evbXiHQ5QOpHWMVi7wsm6FCaA%3D%3D%7Ctkp%3ABFBM2rTmvPFn,David Yurman,Silver,https://www.ebay.com/b/David-Yurman/bn_21823139?Brand=David%2520Yurman&Metal=Silver&mag=1&rt=nc
David Yurman 925 Sterling Silver Twisted Cable Large Link Statement Necklace 55,295.0,US $295.00or Best Offer,USD,295.0,,,,,,https://www.ebay.com/itm/206342097140?_skw=David+Yurman+%22Silver%22&itmmeta=01KY5WSK8KD0FC0JTVRQ5RR5EH&hash=item300af288f4:g:1PYAAeSw7IhqLDEM&itmprp=enc%3AAQALAAAA8GfYFPkwiKCW4ZNSs2u11xC1ckthd6EBtlsgBrnmwvSgIHpzUKpgYSeP8OitBqsi2NOWsmKjzq02vHboIqBB5oNTeJDnOft8HxNvGHzrRbV9ZPbk7UJd8riKWknN2bPRYJNCHLcu3uiHlXxNmOQK1VSWPtQTFQeW1ulaV2aYQqqnLf%2FrjTYvfSFr6cmMg6Itf0hRSy4TM3nz4LCAz%2BsuPDUGEiRgSRr7Vt%2BAPSmduWUGPemPZHJC8qdTksRjVEh8gKxrRVRgAVd6NiTLNDt%2FEbcF5sTKX3nzbfzTMGR4viKT9BiIYB6Go4beQeSv1HZt7Q%3D%3D%7Ctkp%3ABFBM2rTmvPFn,David Yurman,Silver,https://www.ebay.com/b/David-Yurman/bn_21823139?Brand=David%2520Yurman&Metal=Silver&mag=1&rt=nc
David yurman Sterling Silver 925 Box Chain Bracelet 8 in Lobster Clasp Silver,225.0,US $225.00or Best Offer,USD,225.0,,,,,,https://www.ebay.com/itm/147450386067?_skw=David+Yurman+%22Silver%22&itmmeta=01KY5WSK8J1Z1QRHN0QEFNM28N&hash=item2254ba5693:g:YYgAAeSwxhdqXr88&itmprp=enc%3AAQALAAAA8GfYFPkwiKCW4ZNSs2u11xAJik%2FdfCdeHMQILSXvps7HDmrfOpKiRkCl9jx2%2B1BEToEtwTKspyOkV0W3RM8W7vTPrJl%2B128aTMR%2BMFyPYzFCuO4cjS4lD5cpE6n60rBxhArX8Ngo%2BymOmUODvSOvy8zPMzLr7MwNisQfHlPkUg9R%2BGFJ9EwsfMOC5MAd2vhl4ARyMh0%2BwTOb5rPmX7St98Z8uko9f6n4zxdDrhiix6XEoYVwUdJQB%2FmuMGF%2FxDqbJIm3TRChv6a7XjWNRIrcCvmNRpmOw%2BfXhKE1wNPpU%2B9Pc%2BI0p3%2Bl9m96rU7fUWf43g%3D%3D%7Ctkp%3ABk9SR9q05rzxZw,David Yurman,Silver,https://www.ebay.com/b/David-Yurman/bn_21823139?Brand=David%2520Yurman&Metal=Silver&mag=1&rt=nc
David Yurman .925 Sterling Silver Cable Cuff Bracelet With Black Diamond L,449.99,US $449.99,USD,449.99,,,,,,https://www.ebay.com/itm/168507124917?_skw=David+Yurman+%22Silver%22&itmmeta=01KY5WSKAGG6MKAAETXSWR2HMQ&hash=item273bceacb5:g:~L4AAeSwx-Bp6RE~&itmprp=enc%3AAQALAAAA8GfYFPkwiKCW4ZNSs2u11xDTCScUwgPu3vdrsL56EU4mpwV%2FWDrmd9Yq0PPJ%2F1VcQN5dzJrCXnauHz51RNoq57u0UiHWdrmR6h9CfRXHeL%2FSB0P55WZ9Lu5EWCSAzORwfLAhrqFHzVKkrH94TYeuF2FL8LgGguREb4uYGsjcMEJTp%2FRV4hrYKTY92k5pcnJTv9cWcauhPO1WijsvGSTheT14DMUo%2BzfL5JtUwozW4o3Pnbg7Q57elbtbpW3Baw%2FhUJkujn4qkTTQTNctrluxHWpU8gsYBfutTHdI07i1Rp%2BocXx06tVsBHLXY4zGdB%2FVXA%3D%3D%7Ctkp%3ABFBM0rbmvPFn,David Yurman,Silver,https://www.ebay.com/b/David-Yurman/bn_21823139?Brand=David%2520Yurman&Metal=Silver&mag=1&rt=nc
"David Yurman .925 Sterling Silver Quatrefoil Chain Necklace 36""",449.99,US $449.99or Best Offer,USD,449.99,,,,,,https://www.ebay.com/itm/168501803759?_skw=David+Yurman+%22Silver%22&itmmeta=01KY5WSKAG1ZBMY0P7Q78PZSHP&hash=item273b7d7aef:g:2koAAeSwAKZp6RG7&itmprp=enc%3AAQALAAAA8GfYFPkwiKCW4ZNSs2u11xDwjUZMDK0OkEFMNJIWlUE3O%2FYCfbuqsF15xg8GpWBSNFhZuBFyrs40%2BapJ0Wwo98%2FqSRa9DCn8XfTzCGGQiro68johbqq41p10GBX5dhBrm7tQRsL83XUMF5QwJsePt%2BoMIaJnYeBmH%2FnG94dDQRYogJYu12lLcg5PYjZ0Z%2F%2B6EgbnfqLH6xMYQGdHnkkS%2FcJRQpvJKdm3tZ7%2BCBP7pCSjiRITDjENxHRJPMcB00G1v1pmbYj5fQs30zHRV%2F3ZrNcLRkzZlyTfMVrX5CqlGVcEJmcEkEEeQqi1SIfW1OTCRw%3D%3D%7Ctkp%3ABFBM0rbmvPFn,David Yurman,Silver,https://www.ebay.com/b/David-Yurman/bn_21823139?Brand=David%2520Yurman&Metal=Silver&mag=1&rt=nc
"David Yurman Sterling Silver 925 Cable Cuff Bracelet, Sterling silver 925",390.0,US $390.00or Best Offer,USD,390.0,,,,,,https://www.ebay.com/itm/168555829126?_skw=David+Yurman+%22Silver%22&itmmeta=01KY5WSK8KS000XEPHDSH8S6ND&hash=item273eb5d786:g:w00AAeSwfE5qYRar&itmprp=enc%3AAQALAAAA0GfYFPkwiKCW4ZNSs2u11xDcpJNwAzWIgkdRJtKgRQfxEU8ri%2BDYBHkY8EAC0g0NFQiNE8%2F8Oufu3GJKgtSe%2BxlKCusvW7wCH%2F2I164PHOW8PVfOp0qZD610CglncHdUiUVLuttSwzqP3Z9PQa7jWrqoquHcy0WAm16g3AUUvLzYYdhM71qaNOErzLAtutC8PEE9Brt2Q3ScrAOmDQHqdk3iaeFMzwYdV6dI5V%2BQB8KQF14dLvUqOEWbodAZFMQOsL1Gkv7JexI30jOwXBQApBU%3D%7Ctkp%3ABk9SR9q05rzxZw,David Yurman,Silver,https://www.ebay.com/b/David-Yurman/bn_21823139?Brand=David%2520Yurman&Metal=Silver&mag=1&rt=nc
David Yurman Cable Chain Link Bracelet 925Sterling Silver 18K Gold Two Tone 21cm,285.0,US $285.00or Best Offer,USD,285.0,,,,,,https://www.ebay.com/itm/318536103885?_skw=David+Yurman+%22Silver%22&itmmeta=01KY5WSK8JSBCVMGCCC7HX6F13&hash=item4a2a3b37cd:g:I6oAAeSwNDJqRyzh&itmprp=enc%3AAQALAAAA8GfYFPkwiKCW4ZNSs2u11xBihck7Z1PZy2oC5QZzG6h4PQy6yOoLXT6Gnqx0ojLgrIgEeA12XBVxEeOfe%2BQQBu1yHd0i93Ss2md2kiEoRF0bJwmxqBEEDixF8%2BtQoAxMr%2Fw6tSAuZITyW8et5y0MN2AsJSQ0eHptUGI61xpGqTErYaW6PSIPv0d6tIDx8jrn8Gco09IhpZJ2XMNZpgLa%2BV31LpwPiXsGjVC10GjVlTo6B79JAEjJoLnTTFSnajyY7e816cOFJ6Pap5uBkk4FKO6t%2FgXzK6YgQz56%2BXbIo84exLXtm5Fgcx%2BNGbOu%2FFxcVQ%3D%3D%7Ctkp%3ABFBM2rTmvPFn,David Yurman,Silver,https://www.ebay.com/b/David-Yurman/bn_21823139?Brand=David%2520Yurman&Metal=Silver&mag=1&rt=nc
David Yurman 925 Sterling Silver Box Chain Bracelet - 6.5-7 inch or 16.5-17.8 cm,187.5,US $187.50or Best Offer,USD,187.5,,,,,,https://www.ebay.com/itm/227435334967?_skw=David+Yurman+%22Silver%22&itmmeta=01KY5WSK8K2ESPGK403GY2A4DZ&hash=item34f433cd37:g:wBkAAeSw6XlqWjZZ&itmprp=enc%3AAQALAAAA8GfYFPkwiKCW4ZNSs2u11xA6bI9rSM1cTmXD8hqXyYGkLnmZ6aO4wLnS7d5iGeOjzxYPH3kUt6bENossgm0oc9Lh2Gi3j2JZNfI0kuhG1jVxqFDAdXp0Ng1yBoMuw2ep4%2FwnotFbZStx8dN%2BW1oxhIFlxdGf1%2FoCCQoqjzCFqjj63NUNbO1s3NHj4E1n7sybVE5P2qErFm3RMwnJViArcY81TCzj%2Fb6neiID0IkDBY8qiB0imrxiplPx5rwcT7A%2BRATewyUIyl2RdBQbs8ShZ2twp9wm0xJ3iO%2Fb7TZHQNAjFT3kvR56RF%2FCJbSB32I71g%3D%3D%7Ctkp%3ABk9SR9q05rzxZw,David Yurman,Silver,https://www.ebay.com/b/David-Yurman/bn_21823139?Brand=David%2520Yurman&Metal=Silver&mag=1&rt=nc
Tiffany & Co Elsa Peretti Open Heart Pendant 18k Yellow Gold Box Pouch,1249.99,"$1,249.99",USD,1249.99,Pre-Owned,,,,,https://www.ebay.com/itm/800334929424,Tiffany & Co.,Yellow Gold,https://www.ebay.com/b/Tiffany-Co/bn_21836959?Brand=Tiffany%2520%2526%2520Co%252E&Metal=Yellow%2520Gold&mag=1&rt=nc
Tiffany & Co. T Narrow Diamond Band - Yellow Gold 18k Round .13ctw SZ 7 Ring,2999.99,"$2,999.99",USD,2999.99,Pre-Owned,,,,,https://www.ebay.com/itm/397356422528,Tiffany & Co.,Yellow Gold,https://www.ebay.com/b/Tiffany-Co/bn_21836959?Brand=Tiffany%2520%2526%2520Co%252E&Metal=Yellow%2520Gold&mag=1&rt=nc
Tiffany & Co T1 Ring 18k Yellow Gold Size 5.5 Designer Band,999.99,$999.99,USD,999.99,Pre-Owned,,,,,https://www.ebay.com/itm/388597955361,Tiffany & Co.,Yellow Gold,https://www.ebay.com/b/Tiffany-Co/bn_21836959?Brand=Tiffany%2520%2526%2520Co%252E&Metal=Yellow%2520Gold&mag=1&rt=nc
Tiffany & Co Paloma Picasso Olive Leaf Ring w/ Pouch 18k Yellow Gold Size 6 Band,2199.99,"$2,199.99",USD,2199.99,Pre-Owned,,,,,https://www.ebay.com/itm/389841813994,Tiffany & Co.,Yellow Gold,https://www.ebay.com/b/Tiffany-Co/bn_21836959?Brand=Tiffany%2520%2526%2520Co%252E&Metal=Yellow%2520Gold&mag=1&rt=nc
"Tiffany & Co. 18K Yellow Gold Return to Tiffany Heart Tag Necklace 18""",1199.99,"$1,199.99",USD,1199.99,Pre-Owned,,,,,https://www.ebay.com/itm/147476695391,Tiffany & Co.,Yellow Gold,https://www.ebay.com/b/Tiffany-Co/bn_21836959?Brand=Tiffany%2520%2526%2520Co%252E&Metal=Yellow%2520Gold&mag=1&rt=nc
Estate Tiffany & Co. 14K Yellow Gold Ribbon Earrings,698.0,$698.00,USD,698.0,Pre-Owned,,,,,https://www.ebay.com/itm/206468531680,Tiffany & Co.,Yellow Gold,https://www.ebay.com/b/Tiffany-Co/bn_21836959?Brand=Tiffany%2520%2526%2520Co%252E&Metal=Yellow%2520Gold&mag=1&rt=nc
RARE Tiffany & Co. 18k Yellow Gold Hardwear 5.5mm Bead Ball Bracelet 7” Long,2999.0,"$2,999.00",USD,2999.0,Pre-Owned,,,,,https://www.ebay.com/itm/127997920210,Tiffany & Co.,Yellow Gold,https://www.ebay.com/b/Tiffany-Co/bn_21836959?Brand=Tiffany%2520%2526%2520Co%252E&Metal=Yellow%2520Gold&mag=1&rt=nc
Tiffany & Co 14k Yellow Gold 1 inch Hoop Earrings,800.0,$800.00,USD,800.0,Pre-Owned,,,,,https://www.ebay.com/itm/236953958732,Tiffany & Co.,Yellow Gold,https://www.ebay.com/b/Tiffany-Co/bn_21836959?Brand=Tiffany%2520%2526%2520Co%252E&Metal=Yellow%2520Gold&mag=1&rt=nc
Tiffany & Co. 18k Yellow Gold HardWear Small Link bracelet $7500 Retail,4750.0,"$4,750.00",USD,4750.0,Pre-Owned,,,,,https://www.ebay.com/itm/147480753865,Tiffany & Co.,Yellow Gold,https://www.ebay.com/b/Tiffany-Co/bn_21836959?Brand=Tiffany%2520%2526%2520Co%252E&Metal=Yellow%2520Gold&mag=1&rt=nc
Tiffany & Co. 18k Yellow Gold Mini Return To Tiffany Heart Tag Pendant Charm,699.99,$699.99,USD,699.99,Pre-Owned,,,,,https://www.ebay.com/itm/800471926049,Tiffany & Co.,Yellow Gold,https://www.ebay.com/b/Tiffany-Co/bn_21836959?Brand=Tiffany%2520%2526%2520Co%252E&Metal=Yellow%2520Gold&mag=1&rt=nc
Tiffany & Co. Return To Tiffany Heart Tag Bracelet 18K Yellow Gold 26.5 Grams,5025.0,"$5,025.00",USD,5025.0,Pre-Owned,,,,,https://www.ebay.com/itm/267746389985,Tiffany & Co.,Yellow Gold,https://www.ebay.com/b/Tiffany-Co/bn_21836959?Brand=Tiffany%2520%2526%2520Co%252E&Metal=Yellow%2520Gold&mag=1&rt=nc
"Tiffany & Co. Signed 18K Yellow Gold T Bangle Bracelet, eBay Authenticity",1600.0,"$1,600.00",USD,1600.0,Pre-Owned,,,,,https://www.ebay.com/itm/158112276638,Tiffany & Co.,Yellow Gold,https://www.ebay.com/b/Tiffany-Co/bn_21836959?Brand=Tiffany%2520%2526%2520Co%252E&Metal=Yellow%2520Gold&mag=1&rt=nc
Tiffany & Co 14K Yellow Gold Stud Earrings Vintage $3k,720.0,$720.00,USD,720.0,Pre-Owned,,,,,https://www.ebay.com/itm/198542364503,Tiffany & Co.,Yellow Gold,https://www.ebay.com/b/Tiffany-Co/bn_21836959?Brand=Tiffany%2520%2526%2520Co%252E&Metal=Yellow%2520Gold&mag=1&rt=nc
Tiffany & Co. Bean Necklace Yellow Gold,899.0,$899.00,USD,899.0,Pre-Owned,,,,,https://www.ebay.com/itm/318639387412,Tiffany & Co.,Yellow Gold,https://www.ebay.com/b/Tiffany-Co/bn_21836959?Brand=Tiffany%2520%2526%2520Co%252E&Metal=Yellow%2520Gold&mag=1&rt=nc
"Tiffany & Co.  18k/750, Yellow Gold  Shell 18"" Necklace 3.8 grams",730.0,$730.00,USD,730.0,Pre-Owned,,,,,https://www.ebay.com/itm/327293422253,Tiffany & Co.,Yellow Gold,https://www.ebay.com/b/Tiffany-Co/bn_21836959?Brand=Tiffany%2520%2526%2520Co%252E&Metal=Yellow%2520Gold&mag=1&rt=nc
"Tiffany & Co. Rope Bracelet 7 1/4"" - Sterling Silver 925 Yellow Gold 18k",419.99,$419.99,USD,419.99,Pre-Owned,,,,,https://www.ebay.com/itm/398257480633,Tiffany & Co.,Yellow Gold,https://www.ebay.com/b/Tiffany-Co/bn_21836959?Brand=Tiffany%2520%2526%2520Co%252E&Metal=Yellow%2520Gold&mag=1&rt=nc
Tiffany & Co. Elsa Peretti Open Heart 18K 7mm Yellow Gold Necklace retail $950,675.0,$675.00,USD,675.0,Pre-Owned,,,,,https://www.ebay.com/itm/278178727735,Tiffany & Co.,Yellow Gold,https://www.ebay.com/b/Tiffany-Co/bn_21836959?Brand=Tiffany%2520%2526%2520Co%252E&Metal=Yellow%2520Gold&mag=1&rt=nc
Beautiful TIFFANY & CO. 18K YG YELLOW GOLD 5.5mm BEAD BALL BRACELET,2350.0,"$2,350.00",USD,2350.0,Pre-Owned,,,,,https://www.ebay.com/itm/117295942730,Tiffany & Co.,Yellow Gold,https://www.ebay.com/b/Tiffany-Co/bn_21836959?Brand=Tiffany%2520%2526%2520Co%252E&Metal=Yellow%2520Gold&mag=1&rt=nc
Tiffany & Co 18K Yellow Gold T Wire Bracelet Medium 6.5,1699.99,"$1,699.99",USD,1699.99,Pre-Owned,,,,,https://www.ebay.com/itm/366538627552,Tiffany & Co.,Yellow Gold,https://www.ebay.com/b/Tiffany-Co/bn_21836959?Brand=Tiffany%2520%2526%2520Co%252E&Metal=Yellow%2520Gold&mag=1&rt=nc
Tiffany & Co. 18K Yellow Gold Return Mini Heart Stud Earrings,1099.0,"$1,099.00",USD,1099.0,Pre-Owned,,,,,https://www.ebay.com/itm/178261683383,Tiffany & Co.,Yellow Gold,https://www.ebay.com/b/Tiffany-Co/bn_21836959?Brand=Tiffany%2520%2526%2520Co%252E&Metal=Yellow%2520Gold&mag=1&rt=nc
"Genuine 18k Yellow Gold Tiffany & Co. Hardwear 8"" Length 4.5mm Width Bracelet",4732.0,"$4,732.00",USD,4732.0,Pre-Owned,,,,,https://www.ebay.com/itm/198493913157,Tiffany & Co.,Yellow Gold,https://www.ebay.com/b/Tiffany-Co/bn_21836959?Brand=Tiffany%2520%2526%2520Co%252E&Metal=Yellow%2520Gold&mag=1&rt=nc
"Tiffany & Co. Vintage Peretti 18k Yellow Gold Faceted Disc Necklace 18"" 750 Gold",725.0,$725.00,USD,725.0,Pre-Owned,,,,,https://www.ebay.com/itm/236964818542,Tiffany & Co.,Yellow Gold,https://www.ebay.com/b/Tiffany-Co/bn_21836959?Brand=Tiffany%2520%2526%2520Co%252E&Metal=Yellow%2520Gold&mag=1&rt=nc
Tiffany & Co. Diamond Point Wide Ring 18K Yellow Gold Sz 6.5 New Box Receipt,1275.0,"$1,275.00",USD,1275.0,Brand New,,,,,https://www.ebay.com/itm/318556053630,Tiffany & Co.,Yellow Gold,https://www.ebay.com/b/Tiffany-Co/bn_21836959?Brand=Tiffany%2520%2526%2520Co%252E&Metal=Yellow%2520Gold&mag=1&rt=nc
Tiffany & Co 18K Yellow Gold Knot Twist Stud Earrings 4.06 Gr,1250.0,"$1,250.00",USD,1250.0,Pre-Owned,,,,,https://www.ebay.com/itm/398217678970,Tiffany & Co.,Yellow Gold,https://www.ebay.com/b/Tiffany-Co/bn_21836959?Brand=Tiffany%2520%2526%2520Co%252E&Metal=Yellow%2520Gold&mag=1&rt=nc
"Tiffany & Co. ""The Tiffany® Setting"" Nesting Wide Band — 18k Yellow Gold — Size",976.0,$976.00,USD,976.0,Pre-Owned,,,,,https://www.ebay.com/itm/168547738646,Tiffany & Co.,Yellow Gold,https://www.ebay.com/b/Tiffany-Co/bn_21836959?Brand=Tiffany%2520%2526%2520Co%252E&Metal=Yellow%2520Gold&mag=1&rt=nc
Tiffany & Co. 18k Yellow Gold Tiffany Notes G Monogram Pendant Necklace (4.70g.),1090.0,"$1,090.00",USD,1090.0,Pre-Owned,,,,,https://www.ebay.com/itm/117344428254,Tiffany & Co.,Yellow Gold,https://www.ebay.com/b/Tiffany-Co/bn_21836959?Brand=Tiffany%2520%2526%2520Co%252E&Metal=Yellow%2520Gold&mag=1&rt=nc
Tiffany & Co. 18k Yellow Gold Positive Negative Pierced Earrings 1970s,5995.0,"$5,995.00",USD,5995.0,Pre-Owned,,,,,https://www.ebay.com/itm/198550037007,Tiffany & Co.,Yellow Gold,https://www.ebay.com/b/Tiffany-Co/bn_21836959?Brand=Tiffany%2520%2526%2520Co%252E&Metal=Yellow%2520Gold&mag=1&rt=nc
Tiffany & Co. Two Leaves Yellow Gold Pendant No Diamond,985.0,$985.00,USD,985.0,Pre-Owned,,,,,https://www.ebay.com/itm/278238911525,Tiffany & Co.,Yellow Gold,https://www.ebay.com/b/Tiffany-Co/bn_21836959?Brand=Tiffany%2520%2526%2520Co%252E&Metal=Yellow%2520Gold&mag=1&rt=nc
Tiffany & Co. 18k Yellow Gold Clasping Link Round Jump Spring Ring Charm Holder,81.0,$81.00,USD,81.0,Pre-Owned,,,,,https://www.ebay.com/itm/147472211503,Tiffany & Co.,Yellow Gold,https://www.ebay.com/b/Tiffany-Co/bn_21836959?Brand=Tiffany%2520%2526%2520Co%252E&Metal=Yellow%2520Gold&mag=1&rt=nc
TIFFANY & CO. 1837 TrIple Interlocking Circles Pendant 18K Yellow Gold - 8G!!,1500.0,"$1,500.00",USD,1500.0,Pre-Owned,,,,,https://www.ebay.com/itm/318454614406,Tiffany & Co.,Yellow Gold,https://www.ebay.com/b/Tiffany-Co/bn_21836959?Brand=Tiffany%2520%2526%2520Co%252E&Metal=Yellow%2520Gold&mag=1&rt=nc
Tiffany & Co. Signed 18K Yellow Gold T Wire Cuff Bangle Bracelet 261903,620.0,$620.00,USD,620.0,Pre-Owned,,,,,https://www.ebay.com/itm/407114372186,Tiffany & Co.,Yellow Gold,https://www.ebay.com/b/Tiffany-Co/bn_21836959?Brand=Tiffany%2520%2526%2520Co%252E&Metal=Yellow%2520Gold&mag=1&rt=nc
"Tiffany & Co Necklace chain 18k Yellow Gold 1.6g Christmas ""Special Offer"" Gift",611.9,$611.90,USD,611.9,Pre-Owned,,,,,https://www.ebay.com/itm/178359636211,Tiffany & Co.,Yellow Gold,https://www.ebay.com/b/Tiffany-Co/bn_21836959?Brand=Tiffany%2520%2526%2520Co%252E&Metal=Yellow%2520Gold&mag=1&rt=nc
Tiffany & Co. 18K Yellow Gold Heart Key Wire Bangle Bracelet with Box and bag,1800.0,"$1,800.00",USD,1800.0,Pre-Owned,,,,,https://www.ebay.com/itm/358818744206,Tiffany & Co.,Yellow Gold,https://www.ebay.com/b/Tiffany-Co/bn_21836959?Brand=Tiffany%2520%2526%2520Co%252E&Metal=Yellow%2520Gold&mag=1&rt=nc
Tiffany & Co Paloma Picasso 18k Yellow Gold & Blue Topaz Olive Leaf Pendant,550.0,$550.00,USD,550.0,Pre-Owned,,,,,https://www.ebay.com/itm/318666139292,Tiffany & Co.,Yellow Gold,https://www.ebay.com/b/Tiffany-Co/bn_21836959?Brand=Tiffany%2520%2526%2520Co%252E&Metal=Yellow%2520Gold&mag=1&rt=nc
Tiffany & Co. 18k Yellow Gold Diamond TCO Micro Link Ring Size 7• RARE•BRAND NEW,1290.0,"$1,290.00",USD,1290.0,Brand New,,,,,https://www.ebay.com/itm/206106225536,Tiffany & Co.,Yellow Gold,https://www.ebay.com/b/Tiffany-Co/bn_21836959?Brand=Tiffany%2520%2526%2520Co%252E&Metal=Yellow%2520Gold&mag=1&rt=nc
TIFFANY&Co. Return to TIFFANY Heart tag 18K Yellow Gold Necklace /295274,991.8,$991.80,USD,991.8,Pre-Owned,,,,,https://www.ebay.com/itm/236980978169,Tiffany & Co.,Yellow Gold,https://www.ebay.com/b/Tiffany-Co/bn_21836959?Brand=Tiffany%2520%2526%2520Co%252E&Metal=Yellow%2520Gold&mag=1&rt=nc
Vintage 1970’s Tiffany & Co 14k Yellow Gold Wire Hook Bangle Bracelet 5.37g,1295.0,"$1,295.00",USD,1295.0,Pre-Owned,,,,,https://www.ebay.com/itm/168561536528,Tiffany & Co.,Yellow Gold,https://www.ebay.com/b/Tiffany-Co/bn_21836959?Brand=Tiffany%2520%2526%2520Co%252E&Metal=Yellow%2520Gold&mag=1&rt=nc
Tiffany & Co. Schlumberger 18K Yellow Gold Enamel Olive Egg Shell Stud Earrings,2200.0,"$2,200.00",USD,2200.0,Pre-Owned,,,,,https://www.ebay.com/itm/128012418569,Tiffany & Co.,Yellow Gold,https://www.ebay.com/b/Tiffany-Co/bn_21836959?Brand=Tiffany%2520%2526%2520Co%252E&Metal=Yellow%2520Gold&mag=1&rt=nc
Tiffany & Co. Atlas Key Charm Pendant 18K Yellow Gold Diamond Accent Signed,2258.0,"$2,258.00",USD,2258.0,Brand New,,,,,https://www.ebay.com/itm/298496688174,Tiffany & Co.,Yellow Gold,https://www.ebay.com/b/Tiffany-Co/bn_21836959?Brand=Tiffany%2520%2526%2520Co%252E&Metal=Yellow%2520Gold&mag=1&rt=nc
Tiffany & Co 18k Yellow Gold & Sterling Silver 925 Heart-shaped Necklace Vintage,345.0,$345.00,USD,345.0,Pre-Owned,,,,,https://www.ebay.com/itm/366384390352,Tiffany & Co.,Yellow Gold,https://www.ebay.com/b/Tiffany-Co/bn_21836959?Brand=Tiffany%2520%2526%2520Co%252E&Metal=Yellow%2520Gold&mag=1&rt=nc
Tiffany & Co.750 marked  18K Yellow Gold Milgrain Wedding Band Ring Size 7/3.5 g,750.0,$750.00,USD,750.0,Pre-Owned,,,,,https://www.ebay.com/itm/168504042180,Tiffany & Co.,Yellow Gold,https://www.ebay.com/b/Tiffany-Co/bn_21836959?Brand=Tiffany%2520%2526%2520Co%252E&Metal=Yellow%2520Gold&mag=1&rt=nc
Tiffany & Co. Return to Tiffany 18K Yellow Gold Full Heart Tag Bracelet with Box,1250.0,"$1,250.00",USD,1250.0,Pre-Owned,,,,,https://www.ebay.com/itm/117333543456,Tiffany & Co.,Yellow Gold,https://www.ebay.com/b/Tiffany-Co/bn_21836959?Brand=Tiffany%2520%2526%2520Co%252E&Metal=Yellow%2520Gold&mag=1&rt=nc
Tiffany & Co. 18k Yellow Gold Small T Smile Pendant Necklace 16.5” or 18.3”,1000.0,"$1,000.00",USD,1000.0,Pre-Owned,,,,,https://www.ebay.com/itm/206462675688,Tiffany & Co.,Yellow Gold,https://www.ebay.com/b/Tiffany-Co/bn_21836959?Brand=Tiffany%2520%2526%2520Co%252E&Metal=Yellow%2520Gold&mag=1&rt=nc
Tiffany & Co 18k Yellow Gold Honey Bee Charm - Small - in original box,550.0,$550.00,USD,550.0,Pre-Owned,,,,,https://www.ebay.com/itm/318666100809,Tiffany & Co.,Yellow Gold,https://www.ebay.com/b/Tiffany-Co/bn_21836959?Brand=Tiffany%2520%2526%2520Co%252E&Metal=Yellow%2520Gold&mag=1&rt=nc
Tiffany & Co 18k Yellow Gold Heart Locket Charm Pendant,1250.0,"$1,250.00",USD,1250.0,Pre-Owned,,,,,https://www.ebay.com/itm/178358282754,Tiffany & Co.,Yellow Gold,https://www.ebay.com/b/Tiffany-Co/bn_21836959?Brand=Tiffany%2520%2526%2520Co%252E&Metal=Yellow%2520Gold&mag=1&rt=nc
Tiffany & Co. Elsa Peretti Bean Necklace 18K Yellow Gold 750,749.95,$749.95,USD,749.95,Pre-Owned,,,,,https://www.ebay.com/itm/307081717922,Tiffany & Co.,Yellow Gold,https://www.ebay.com/b/Tiffany-Co/bn_21836959?Brand=Tiffany%2520%2526%2520Co%252E&Metal=Yellow%2520Gold&mag=1&rt=nc
"Tiffany & Co Paloma Picasso Gemstone 18K Yellow Gold Pendant Necklace 18""",1495.0,"$1,495.00",USD,1495.0,Pre-Owned,,,,,https://www.ebay.com/itm/257556285509,Tiffany & Co.,Yellow Gold,https://www.ebay.com/b/Tiffany-Co/bn_21836959?Brand=Tiffany%2520%2526%2520Co%252E&Metal=Yellow%2520Gold&mag=1&rt=nc
Rare Tiffany & Co. Twist Hoop Yellow Gold Earrings 750/18K - Brand New in Box,1495.0,"$1,495.00",USD,1495.0,Brand New,,,,,https://www.ebay.com/itm/257575767979,Tiffany & Co.,Yellow Gold,https://www.ebay.com/b/Tiffany-Co/bn_21836959?Brand=Tiffany%2520%2526%2520Co%252E&Metal=Yellow%2520Gold&mag=1&rt=nc
Vintage Tiffany & Co Italy Sterling Silver  18k Yellow Gold Link Chain Necklace,500.0,$500.00,USD,500.0,Pre-Owned,,,,,https://www.ebay.com/itm/137436174049,Tiffany & Co.,Yellow Gold,https://www.ebay.com/b/Tiffany-Co/bn_21836959?Brand=Tiffany%2520%2526%2520Co%252E&Metal=Yellow%2520Gold&mag=1&rt=nc
Tiffany & Co. 18k Yellow Gold Russian Weave Bracelet with Box,3200.0,"$3,200.00",USD,3200.0,Pre-Owned,,,,,https://www.ebay.com/itm/188467905757,Tiffany & Co.,Yellow Gold,https://www.ebay.com/b/Tiffany-Co/bn_21836959?Brand=Tiffany%2520%2526%2520Co%252E&Metal=Yellow%2520Gold&mag=1&rt=nc
Tiffany & Co. 18k Yellow gold Oval Link Chain Necklace for Charms & Pendants 30”,1699.0,"$1,699.00",USD,1699.0,Pre-Owned,,,,,https://www.ebay.com/itm/127976972571,Tiffany & Co.,Yellow Gold,https://www.ebay.com/b/Tiffany-Co/bn_21836959?Brand=Tiffany%2520%2526%2520Co%252E&Metal=Yellow%2520Gold&mag=1&rt=nc
"Tiffany & Co 18K Yellow Gold Oval Link Chain Necklace 30"" Inches",1599.0,"$1,599.00",USD,1599.0,Pre-Owned,,,,,https://www.ebay.com/itm/188645980092,Tiffany & Co.,Yellow Gold,https://www.ebay.com/b/Tiffany-Co/bn_21836959?Brand=Tiffany%2520%2526%2520Co%252E&Metal=Yellow%2520Gold&mag=1&rt=nc
Tiffany & Co. Signed 18k Yellow Gold Bezel Round Diamond Pendant Cable Necklace,750.0,$750.00,USD,750.0,Brand New,,,,,https://www.ebay.com/itm/407078139692,Tiffany & Co.,Yellow Gold,https://www.ebay.com/b/Tiffany-Co/bn_21836959?Brand=Tiffany%2520%2526%2520Co%252E&Metal=Yellow%2520Gold&mag=1&rt=nc
"Tiffany & Co. 18K Yellow Gold HardWear Large Link Earrings 1.4"" w/ Pouch",4499.99,"$4,499.99",USD,4499.99,Pre-Owned,,,,,https://www.ebay.com/itm/398162432605,Tiffany & Co.,Yellow Gold,https://www.ebay.com/b/Tiffany-Co/bn_21836959?Brand=Tiffany%2520%2526%2520Co%252E&Metal=Yellow%2520Gold&mag=1&rt=nc
Adjustable Tiffany & Co. 18K Yellow Gold Heart Tag Return to Tiffany Bracelet,2750.0,"$2,750.00",USD,2750.0,Pre-Owned,,,,,https://www.ebay.com/itm/298562065069,Tiffany & Co.,Yellow Gold,https://www.ebay.com/b/Tiffany-Co/bn_21836959?Brand=Tiffany%2520%2526%2520Co%252E&Metal=Yellow%2520Gold&mag=1&rt=nc
RARE! Tiffany & Co. Elsa Peretti 15 Bean 18k Yellow Gold Bracelet Size 7.25,4949.99,"$4,949.99",USD,4949.99,Pre-Owned,,,,,https://www.ebay.com/itm/398254100713,Tiffany & Co.,Yellow Gold,https://www.ebay.com/b/Tiffany-Co/bn_21836959?Brand=Tiffany%2520%2526%2520Co%252E&Metal=Yellow%2520Gold&mag=1&rt=nc
Tiffany & Co Solid 18kt Yellow Gold Elsa Peretti Open Heart 11mm Stud Earrings,749.99,$749.99,USD,749.99,Pre-Owned,,,,,https://www.ebay.com/itm/278253750232,Tiffany & Co.,Yellow Gold,https://www.ebay.com/b/Tiffany-Co/bn_21836959?Brand=Tiffany%2520%2526%2520Co%252E&Metal=Yellow%2520Gold&mag=1&rt=nc
Tiffany & Co. Elsa Peretti 18K Yellow Gold Bean Stud Earrings 9mm With Box Case,999.0,$999.00,USD,999.0,Pre-Owned,,,,,https://www.ebay.com/itm/257606738648,Tiffany & Co.,Yellow Gold,https://www.ebay.com/b/Tiffany-Co/bn_21836959?Brand=Tiffany%2520%2526%2520Co%252E&Metal=Yellow%2520Gold&mag=1&rt=nc
"Tiffany & Co Picasso Yellow Gold 26mm Rock Crystal Smooth Nugget 22"" Necklace",2900.0,"$2,900.00",USD,2900.0,Pre-Owned,,,,,https://www.ebay.com/itm/267734875081,Tiffany & Co.,Yellow Gold,https://www.ebay.com/b/Tiffany-Co/bn_21836959?Brand=Tiffany%2520%2526%2520Co%252E&Metal=Yellow%2520Gold&mag=1&rt=nc
"Tiffany & Co. 18K Yellow Gold Return to Tiffany Heart Tag Pendant Necklace 18.0""",1495.0,"$1,495.00",USD,1495.0,Pre-Owned,,,,,https://www.ebay.com/itm/318610875166,Tiffany & Co.,Yellow Gold,https://www.ebay.com/b/Tiffany-Co/bn_21836959?Brand=Tiffany%2520%2526%2520Co%252E&Metal=Yellow%2520Gold&mag=1&rt=nc
Paloma Picasso Tiffany & Co. Chrysalis Earrings Drop Earrings - Yellow Gold 18k,1499.99,"$1,499.99",USD,1499.99,Pre-Owned,,,,,https://www.ebay.com/itm/147477671920,Tiffany & Co.,Yellow Gold,https://www.ebay.com/b/Tiffany-Co/bn_21836959?Brand=Tiffany%2520%2526%2520Co%252E&Metal=Yellow%2520Gold&mag=1&rt=nc
Tiffany & Co. 18k Yellow Gold Mini Heart Tag Bead Bracelet,2300.0,"$2,300.00",USD,2300.0,Pre-Owned,,,,,https://www.ebay.com/itm/358879760653,Tiffany & Co.,Yellow Gold,https://www.ebay.com/b/Tiffany-Co/bn_21836959?Brand=Tiffany%2520%2526%2520Co%252E&Metal=Yellow%2520Gold&mag=1&rt=nc
Tiffany & Co. Paloma Picasso 18K Yellow Gold Graffiti Love Script Ring Sz 8,650.0,$650.00,USD,650.0,Pre-Owned,,,,,https://www.ebay.com/itm/366589388768,Tiffany & Co.,Yellow Gold,https://www.ebay.com/b/Tiffany-Co/bn_21836959?Brand=Tiffany%2520%2526%2520Co%252E&Metal=Yellow%2520Gold&mag=1&rt=nc
18K Yellow Gold Tiffany & Co. Elsa Peretti Circle Disc Pendant,1149.99,"$1,149.99",USD,1149.99,Pre-Owned,,,,,https://www.ebay.com/itm/278188744717,Tiffany & Co.,Yellow Gold,https://www.ebay.com/b/Tiffany-Co/bn_21836959?Brand=Tiffany%2520%2526%2520Co%252E&Metal=Yellow%2520Gold&mag=1&rt=nc
"Tiffany & Co. Elsa Peretti Teardrop 18K Yellow Gold Necklace Pendant 16"" Chain",950.0,$950.00,USD,950.0,Pre-Owned,,,,,https://www.ebay.com/itm/257614837917,Tiffany & Co.,Yellow Gold,https://www.ebay.com/b/Tiffany-Co/bn_21836959?Brand=Tiffany%2520%2526%2520Co%252E&Metal=Yellow%2520Gold&mag=1&rt=nc
TIFFANY Co. Ruby Earrings 14K Yellow Gold 585 90331628,634.62,$634.62,USD,634.62,Pre-Owned,,,,,https://www.ebay.com/itm/267748167051,Tiffany & Co.,Yellow Gold,https://www.ebay.com/b/Tiffany-Co/bn_21836959?Brand=Tiffany%2520%2526%2520Co%252E&Metal=Yellow%2520Gold&mag=1&rt=nc
Tiffany & Co. 14k Yellow Gold Sea Shell/Scallop Stud Earrings,599.94,$599.94,USD,599.94,Pre-Owned,,,,,https://www.ebay.com/itm/398245238107,Tiffany & Co.,Yellow Gold,https://www.ebay.com/b/Tiffany-Co/bn_21836959?Brand=Tiffany%2520%2526%2520Co%252E&Metal=Yellow%2520Gold&mag=1&rt=nc
Tiffany & Co. Return to Tiffany 18K Yellow Gold Double Heart Tag Necklace Box,1000.0,"$1,000.00",USD,1000.0,Pre-Owned,,,,,https://www.ebay.com/itm/128004267694,Tiffany & Co.,Yellow Gold,https://www.ebay.com/b/Tiffany-Co/bn_21836959?Brand=Tiffany%2520%2526%2520Co%252E&Metal=Yellow%2520Gold&mag=1&rt=nc
Genuine Tiffany & Co. 18k Yellow Gold Heart Key Pendant,599.0,$599.00,USD,599.0,Pre-Owned,,,,,https://www.ebay.com/itm/128000897997,Tiffany & Co.,Yellow Gold,https://www.ebay.com/b/Tiffany-Co/bn_21836959?Brand=Tiffany%2520%2526%2520Co%252E&Metal=Yellow%2520Gold&mag=1&rt=nc
Tiffany & Co 18K Yellow Gold Oval Link Chain Necklace Or Choker 16.1/4”,900.0,$900.00,USD,900.0,Pre-Owned,,,,,https://www.ebay.com/itm/206460253556,Tiffany & Co.,Yellow Gold,https://www.ebay.com/b/Tiffany-Co/bn_21836959?Brand=Tiffany%2520%2526%2520Co%252E&Metal=Yellow%2520Gold&mag=1&rt=nc
Tiffany & Co. Enchant Scroll 18K Yellow Gold 9.5mm Wide Band Ring Size 6.5,1495.0,"$1,495.00",USD,1495.0,Pre-Owned,,,,,https://www.ebay.com/itm/127957392064,Tiffany & Co.,Yellow Gold,https://www.ebay.com/b/Tiffany-Co/bn_21836959?Brand=Tiffany%2520%2526%2520Co%252E&Metal=Yellow%2520Gold&mag=1&rt=nc
PAIR Tiffany Co. 18k Yellow Gold Love Knot Stud Mesh Earrings MINT CONDITION,1200.0,"$1,200.00",USD,1200.0,Pre-Owned,,,,,https://www.ebay.com/itm/227439961220,Tiffany & Co.,Yellow Gold,https://www.ebay.com/b/Tiffany-Co/bn_21836959?Brand=Tiffany%2520%2526%2520Co%252E&Metal=Yellow%2520Gold&mag=1&rt=nc
Tiffany & Co. HardWear Double Link Bracelet 18k Yellow Gold,999.0,$999.00,USD,999.0,Pre-Owned,,,,,https://www.ebay.com/itm/206464172768,Tiffany & Co.,Yellow Gold,https://www.ebay.com/b/Tiffany-Co/bn_21836959?Brand=Tiffany%2520%2526%2520Co%252E&Metal=Yellow%2520Gold&mag=1&rt=nc
Tiffany & Co. Sterling Silver & 18k Yellow Gold Twisted Rope Necklace,699.0,$699.00,USD,699.0,Pre-Owned,,,,,https://www.ebay.com/itm/117256575180,Tiffany & Co.,Yellow Gold,https://www.ebay.com/b/Tiffany-Co/bn_21836959?Brand=Tiffany%2520%2526%2520Co%252E&Metal=Yellow%2520Gold&mag=1&rt=nc
Tiffany & Co Lock bracelet 18kt yellow gold 28 grams bangle,5750.0,"$5,750.00",USD,5750.0,Pre-Owned,,,,,https://www.ebay.com/itm/398224738249,Tiffany & Co.,Yellow Gold,https://www.ebay.com/b/Tiffany-Co/bn_21836959?Brand=Tiffany%2520%2526%2520Co%252E&Metal=Yellow%2520Gold&mag=1&rt=nc
(NEW)  Tiffany & Co 18K Yellow Gold Picasso ''X'' Kiss Stud Earrings Box Pouch,777.0,$777.00,USD,777.0,Brand New,,,,,https://www.ebay.com/itm/147240178045,Tiffany & Co.,Yellow Gold,https://www.ebay.com/b/Tiffany-Co/bn_21836959?Brand=Tiffany%2520%2526%2520Co%252E&Metal=Yellow%2520Gold&mag=1&rt=nc
"44g Please Return To Tiffany Co 18k Yellow Gold Oval Tag 16"" Chain Link Necklace",9550.0,"$9,550.00",USD,9550.0,Pre-Owned,,,,,https://www.ebay.com/itm/177851802776,Tiffany & Co.,Yellow Gold,https://www.ebay.com/b/Tiffany-Co/bn_21836959?Brand=Tiffany%2520%2526%2520Co%252E&Metal=Yellow%2520Gold&mag=1&rt=nc
Tiffany & Co. 18k Yellow Gold Oval Key Pendant 1.5 Inches 3gr,950.0,$950.00,USD,950.0,Pre-Owned,,,,,https://www.ebay.com/itm/206457828175,Tiffany & Co.,Yellow Gold,https://www.ebay.com/b/Tiffany-Co/bn_21836959?Brand=Tiffany%2520%2526%2520Co%252E&Metal=Yellow%2520Gold&mag=1&rt=nc
Tiffany & Co. Paloma Picasso 18k Yellow Gold Sterling Silver X O Bracelet,4195.95,"$4,195.95",USD,4195.95,Pre-Owned,,,,,https://www.ebay.com/itm/227351497759,Tiffany & Co.,Yellow Gold,https://www.ebay.com/b/Tiffany-Co/bn_21836959?Brand=Tiffany%2520%2526%2520Co%252E&Metal=Yellow%2520Gold&mag=1&rt=nc
Tiffany & Co. 18K Yellow Gold 24” Chain Necklace w/ Box & Pouch Au750,1149.99,"$1,149.99",USD,1149.99,Brand New,,,,,https://www.ebay.com/itm/128004180516,Tiffany & Co.,Yellow Gold,https://www.ebay.com/b/Tiffany-Co/bn_21836959?Brand=Tiffany%2520%2526%2520Co%252E&Metal=Yellow%2520Gold&mag=1&rt=nc
Tiffany & Co 18K Yellow Gold Elsa Peretti Ruby Color By Yard Bracelet Box Pouch,1075.0,"$1,075.00",USD,1075.0,Pre-Owned,,,,,https://www.ebay.com/itm/178173815565,Tiffany & Co.,Yellow Gold,https://www.ebay.com/b/Tiffany-Co/bn_21836959?Brand=Tiffany%2520%2526%2520Co%252E&Metal=Yellow%2520Gold&mag=1&rt=nc
Tiffany & Co. Paloma Picasso Amethyst 18k Yellow Gold Stud Earrings w/Box Case,1118.7,"$1,118.70",USD,1118.7,Pre-Owned,,,,,https://www.ebay.com/itm/188741600825,Tiffany & Co.,Yellow Gold,https://www.ebay.com/b/Tiffany-Co/bn_21836959?Brand=Tiffany%2520%2526%2520Co%252E&Metal=Yellow%2520Gold&mag=1&rt=nc
Tiffany & Co Sterling Silver & 18k Yellow Gold  Bar Link Chain Bracelet 7.5”,1099.99,"$1,099.99",USD,1099.99,Pre-Owned,,,,,https://www.ebay.com/itm/366419555878,Tiffany & Co.,Yellow Gold,https://www.ebay.com/b/Tiffany-Co/bn_21836959?Brand=Tiffany%2520%2526%2520Co%252E&Metal=Yellow%2520Gold&mag=1&rt=nc
14kt Tiffany & Co Paper Clip Yellow Gold,1699.0,"$1,699.00",USD,1699.0,Pre-Owned,,,,,https://www.ebay.com/itm/358738916244,Tiffany & Co.,Yellow Gold,https://www.ebay.com/b/Tiffany-Co/bn_21836959?Brand=Tiffany%2520%2526%2520Co%252E&Metal=Yellow%2520Gold&mag=1&rt=nc
Tiffany & Co. Peretti DBTY Necklace 0.14ct Diamond Vintage 18k Yellow Gold 750,995.0,$995.00,USD,995.0,Pre-Owned,,,,,https://www.ebay.com/itm/187795054321,Tiffany & Co.,Yellow Gold,https://www.ebay.com/b/Tiffany-Co/bn_21836959?Brand=Tiffany%2520%2526%2520Co%252E&Metal=Yellow%2520Gold&mag=1&rt=nc
TIFFANY & CO. ETOILE .22 DIAMOND 4MM YELLOW GOLD ETERNITY WEDDING RING 7,2600.0,"$2,600.00",USD,2600.0,Pre-Owned,,,,,https://www.ebay.com/itm/287487771331,Tiffany & Co.,Yellow Gold,https://www.ebay.com/b/Tiffany-Co/bn_21836959?Brand=Tiffany%2520%2526%2520Co%252E&Metal=Yellow%2520Gold&mag=1&rt=nc
Tiffany & Co. 18K Yellow Gold Diamond Sapphire Band Ring Pair,2499.0,"$2,499.00",USD,2499.0,Pre-Owned,,,,,https://www.ebay.com/itm/257640814914,Tiffany & Co.,Yellow Gold,https://www.ebay.com/b/Tiffany-Co/bn_21836959?Brand=Tiffany%2520%2526%2520Co%252E&Metal=Yellow%2520Gold&mag=1&rt=nc
Tiffany and Co. 18KT Yellow Gold Infinity Ring Size 7 3g,569.99,$569.99,USD,569.99,Pre-Owned,,,,,https://www.ebay.com/itm/178300776917,Tiffany & Co.,Yellow Gold,https://www.ebay.com/b/Tiffany-Co/bn_21836959?Brand=Tiffany%2520%2526%2520Co%252E&Metal=Yellow%2520Gold&mag=1&rt=nc
Tiffany & Co. Vintage Bar Link Chain Necklace 925 Silver & 18K Yellow Gold 16”,1798.0,"$1,798.00",USD,1798.0,Pre-Owned,,,,,https://www.ebay.com/itm/186202834694,Tiffany & Co.,Yellow Gold,https://www.ebay.com/b/Tiffany-Co/bn_21836959?Brand=Tiffany%2520%2526%2520Co%252E&Metal=Yellow%2520Gold&mag=1&rt=nc
Tiffany & Co. Elsa Peretti Diamonds by the Yard 18K Yellow Gold Necklace 0.15 ct,950.0,$950.00,USD,950.0,Pre-Owned,,,,,https://www.ebay.com/itm/117321948591,Tiffany & Co.,Yellow Gold,https://www.ebay.com/b/Tiffany-Co/bn_21836959?Brand=Tiffany%2520%2526%2520Co%252E&Metal=Yellow%2520Gold&mag=1&rt=nc
Vintage Tiffany & Co. 18k Yellow Gold Twist Bow Ribbon Stud Earrings• RARE•NEW,1299.0,"$1,299.00",USD,1299.0,Brand New,,,,,https://www.ebay.com/itm/206104894771,Tiffany & Co.,Yellow Gold,https://www.ebay.com/b/Tiffany-Co/bn_21836959?Brand=Tiffany%2520%2526%2520Co%252E&Metal=Yellow%2520Gold&mag=1&rt=nc
Tiffany & Co Wild Rose Dogwood Flower Pendant 18k Yellow Gold No Diamond,1750.0,"$1,750.00",USD,1750.0,Pre-Owned,,,,,https://www.ebay.com/itm/278215534176,Tiffany & Co.,Yellow Gold,https://www.ebay.com/b/Tiffany-Co/bn_21836959?Brand=Tiffany%2520%2526%2520Co%252E&Metal=Yellow%2520Gold&mag=1&rt=nc
TIFFANY & CO 18K YELLOW GOLD MEDIUM SIZE ETOILE DIAMOND BANGLE BRACELET - B4175,5500.0,"$5,500.00",USD,5500.0,Pre-Owned,,,,,https://www.ebay.com/itm/198483419091,Tiffany & Co.,Yellow Gold,https://www.ebay.com/b/Tiffany-Co/bn_21836959?Brand=Tiffany%2520%2526%2520Co%252E&Metal=Yellow%2520Gold&mag=1&rt=nc
Tiffany & Co. 18k Yellow Gold & Silver Beaded Ball Chain Pendant Necklace $5000,3000.0,"$3,000.00",USD,3000.0,Pre-Owned,,,,,https://www.ebay.com/itm/147397585532,Tiffany & Co.,Yellow Gold,https://www.ebay.com/b/Tiffany-Co/bn_21836959?Brand=Tiffany%2520%2526%2520Co%252E&Metal=Yellow%2520Gold&mag=1&rt=nc
Tiffany & Co Hardwear Medium 18K Yellow Gold Necklace,17500.0,"$17,500.00",USD,17500.0,Brand New,,,,,https://www.ebay.com/itm/406971953204,Tiffany & Co.,Yellow Gold,https://www.ebay.com/b/Tiffany-Co/bn_21836959?Brand=Tiffany%2520%2526%2520Co%252E&Metal=Yellow%2520Gold&mag=1&rt=nc
Tiffany & Co. Picasso Sterling Silver 18K Yellow Gold Mini Jolie Stud Earrings,699.99,$699.99,USD,699.99,Pre-Owned,,,,,https://www.ebay.com/itm/156763426603,Tiffany & Co.,Yellow Gold,https://www.ebay.com/b/Tiffany-Co/bn_21836959?Brand=Tiffany%2520%2526%2520Co%252E&Metal=Yellow%2520Gold&mag=1&rt=nc
Tiffany and Co 750au Necklace - 24 Inch - 18kt yellow gold,799.99,$799.99,USD,799.99,Pre-Owned,,,,,https://www.ebay.com/itm/287507953584,Tiffany & Co.,Yellow Gold,https://www.ebay.com/b/Tiffany-Co/bn_21836959?Brand=Tiffany%2520%2526%2520Co%252E&Metal=Yellow%2520Gold&mag=1&rt=nc
Tiffany & Co Elsa Peretti Wave Five-Row Ring 18K Yellow Gold,2750.0,"$2,750.00",USD,2750.0,Pre-Owned,,,,,https://www.ebay.com/itm/158070511614,Tiffany & Co.,Yellow Gold,https://www.ebay.com/b/Tiffany-Co/bn_21836959?Brand=Tiffany%2520%2526%2520Co%252E&Metal=Yellow%2520Gold&mag=1&rt=nc
RARE Tiffany & Co. 18k Koi Fish Charm Yellow Gold & Diamonds,1950.0,"$1,950.00",USD,1950.0,Pre-Owned,,,,,https://www.ebay.com/itm/257494532155,Tiffany & Co.,Yellow Gold,https://www.ebay.com/b/Tiffany-Co/bn_21836959?Brand=Tiffany%2520%2526%2520Co%252E&Metal=Yellow%2520Gold&mag=1&rt=nc
Tiffany & Co Paloma Picasso Venezia Goldoni 18K Yellow Gold Necklace 750,1045.0,"$1,045.00",USD,1045.0,Pre-Owned,,,,,https://www.ebay.com/itm/318409565844,Tiffany & Co.,Yellow Gold,https://www.ebay.com/b/Tiffany-Co/bn_21836959?Brand=Tiffany%2520%2526%2520Co%252E&Metal=Yellow%2520Gold&mag=1&rt=nc
"18K YELLOW GOLD TIFFANY & CO by ELSA PERETTI MADONNA ZODIAC PENDANT 16"" NECKLACE",999.99,$999.99,USD,999.99,Pre-Owned,,,,,https://www.ebay.com/itm/800438695113,Tiffany & Co.,Yellow Gold,https://www.ebay.com/b/Tiffany-Co/bn_21836959?Brand=Tiffany%2520%2526%2520Co%252E&Metal=Yellow%2520Gold&mag=1&rt=nc
Tiffany & Co. Elsa Peretti 18K Yellow Gold Large 8.75 gr Teardrop Stud Earrings,3280.0,"$3,280.00",USD,3280.0,Pre-Owned,,,,,https://www.ebay.com/itm/137419477618,Tiffany & Co.,Yellow Gold,https://www.ebay.com/b/Tiffany-Co/bn_21836959?Brand=Tiffany%2520%2526%2520Co%252E&Metal=Yellow%2520Gold&mag=1&rt=nc
Vinyage 1990 Tiffany& Co Solid 18k Yellow Gold Signature X Knot Ring Size 6.,1300.0,"$1,300.00",USD,1300.0,Pre-Owned,,,,,https://www.ebay.com/itm/287447909480,Tiffany & Co.,Yellow Gold,https://www.ebay.com/b/Tiffany-Co/bn_21836959?Brand=Tiffany%2520%2526%2520Co%252E&Metal=Yellow%2520Gold&mag=1&rt=nc
Tiffany Co 18k Yellow Gold Paloma Picasso Olive Leaf Amethyst Drop Hook Earrings,1299.0,"$1,299.00",USD,1299.0,Pre-Owned,,,,,https://www.ebay.com/itm/127858428996,Tiffany & Co.,Yellow Gold,https://www.ebay.com/b/Tiffany-Co/bn_21836959?Brand=Tiffany%2520%2526%2520Co%252E&Metal=Yellow%2520Gold&mag=1&rt=nc
Tiffany & Co Elsa Peretti Diamond Sevillana Necklace 18k Yellow Gold 25mm $4500,1990.0,"$1,990.00",USD,1990.0,Pre-Owned,,,,,https://www.ebay.com/itm/198542462980,Tiffany & Co.,Yellow Gold,https://www.ebay.com/b/Tiffany-Co/bn_21836959?Brand=Tiffany%2520%2526%2520Co%252E&Metal=Yellow%2520Gold&mag=1&rt=nc
Tiffany & Co. Starfish Pendant Necklace 18K Yellow Gold Au 750 16 Inch with box,1033.0,"$1,033.00",USD,1033.0,Pre-Owned,,,,,https://www.ebay.com/itm/336712084882,Tiffany & Co.,Yellow Gold,https://www.ebay.com/b/Tiffany-Co/bn_21836959?Brand=Tiffany%2520%2526%2520Co%252E&Metal=Yellow%2520Gold&mag=1&rt=nc
Tiffany & Co. Tiffany T Smile 18 in Necklace with Pendant 18k Yellow Gold,900.0,$900.00,USD,900.0,Pre-Owned,,,,,https://www.ebay.com/itm/178370337462,Tiffany & Co.,Yellow Gold,https://www.ebay.com/b/Tiffany-Co/bn_21836959?Brand=Tiffany%2520%2526%2520Co%252E&Metal=Yellow%2520Gold&mag=1&rt=nc
"Tiffany & Co Elsa Peretti 18K Yellow Gold Bean 7.4 grams, 15.75"" chain",1650.0,"$1,650.00",USD,1650.0,Pre-Owned,,,,,https://www.ebay.com/itm/366537298546,Tiffany & Co.,Yellow Gold,https://www.ebay.com/b/Tiffany-Co/bn_21836959?Brand=Tiffany%2520%2526%2520Co%252E&Metal=Yellow%2520Gold&mag=1&rt=nc
Vintage Tiffany&Co. 14k Yellow Gold Emerald Earrings Original Receipt from 1946,3095.0,"$3,095.00",USD,3095.0,Pre-Owned,,,,,https://www.ebay.com/itm/297277410451,Tiffany & Co.,Yellow Gold,https://www.ebay.com/b/Tiffany-Co/bn_21836959?Brand=Tiffany%2520%2526%2520Co%252E&Metal=Yellow%2520Gold&mag=1&rt=nc
"Tiffany & Co. Vintage 18k Yellow Gold Hook & Eye Bangle Bracelet 7""",2999.99,"$2,999.99",USD,2999.99,Pre-Owned,,,,,https://www.ebay.com/itm/236940553646,Tiffany & Co.,Yellow Gold,https://www.ebay.com/b/Tiffany-Co/bn_21836959?Brand=Tiffany%2520%2526%2520Co%252E&Metal=Yellow%2520Gold&mag=1&rt=nc
TIFFANY & CO. 18K Yellow Gold Knot Ring,695.0,$695.00,USD,695.0,Pre-Owned,,,,,https://www.ebay.com/itm/227291133411,Tiffany & Co.,Yellow Gold,https://www.ebay.com/b/Tiffany-Co/bn_21836959?Brand=Tiffany%2520%2526%2520Co%252E&Metal=Yellow%2520Gold&mag=1&rt=nc
Tiffany & Co 18k Yellow Gold Enchant Scroll Heart Necklace W Pouch Box,849.0,$849.00,USD,849.0,Pre-Owned,,,,,https://www.ebay.com/itm/168279371364,Tiffany & Co.,Yellow Gold,https://www.ebay.com/b/Tiffany-Co/bn_21836959?Brand=Tiffany%2520%2526%2520Co%252E&Metal=Yellow%2520Gold&mag=1&rt=nc
Tiffany & Co. 18k Yellow Gold Band Size/5.25,799.0,$799.00,USD,799.0,Pre-Owned,,,,,https://www.ebay.com/itm/287431976492,Tiffany & Co.,Yellow Gold,https://www.ebay.com/b/Tiffany-Co/bn_21836959?Brand=Tiffany%2520%2526%2520Co%252E&Metal=Yellow%2520Gold&mag=1&rt=nc
Tiffany & Co ELSA PERETTI Snake 18k Yellow Gold  2.6 Inch Long Pierced Earrings,4250.0,"$4,250.00",USD,4250.0,New (Other),,,,,https://www.ebay.com/itm/198352550243,Tiffany & Co.,Yellow Gold,https://www.ebay.com/b/Tiffany-Co/bn_21836959?Brand=Tiffany%2520%2526%2520Co%252E&Metal=Yellow%2520Gold&mag=1&rt=nc
Tiffany & Co Blue Pear Shape Blue Stone 18k Yellow Gold,1200.0,"$1,200.00",USD,1200.0,Pre-Owned,,,,,https://www.ebay.com/itm/318630206613,Tiffany & Co.,Yellow Gold,https://www.ebay.com/b/Tiffany-Co/bn_21836959?Brand=Tiffany%2520%2526%2520Co%252E&Metal=Yellow%2520Gold&mag=1&rt=nc
"TIFFANY & CO Etoile 18K Yellow Gold Diamonds Circle Pendant Necklace 12.6mm 16""",1288.0,"$1,288.00",USD,1288.0,Pre-Owned,,,,,https://www.ebay.com/itm/278207853901,Tiffany & Co.,Yellow Gold,https://www.ebay.com/b/Tiffany-Co/bn_21836959?Brand=Tiffany%2520%2526%2520Co%252E&Metal=Yellow%2520Gold&mag=1&rt=nc
Tiffany & Co. Yellow Gold Peace Pendant or Charm,799.0,$799.00,USD,799.0,Pre-Owned,,,,,https://www.ebay.com/itm/137456149363,Tiffany & Co.,Yellow Gold,https://www.ebay.com/b/Tiffany-Co/bn_21836959?Brand=Tiffany%2520%2526%2520Co%252E&Metal=Yellow%2520Gold&mag=1&rt=nc
"$3,700 Tiffany & Co Peretti 18k Yellow Gold 0.30ct Diamond By The Yard Necklace",2350.0,"$2,350.00",USD,2350.0,Pre-Owned,,,,,https://www.ebay.com/itm/158124904586,Tiffany & Co.,Yellow Gold,https://www.ebay.com/b/Tiffany-Co/bn_21836959?Brand=Tiffany%2520%2526%2520Co%252E&Metal=Yellow%2520Gold&mag=1&rt=nc
Tiffany & Co. VTG Sterling Silver 18K Yellow Gold  Wide Twist Rope Cuff Bracelet,425.0,$425.00,USD,425.0,Pre-Owned,,,,,https://www.ebay.com/itm/306991229038,Tiffany & Co.,Yellow Gold,https://www.ebay.com/b/Tiffany-Co/bn_21836959?Brand=Tiffany%2520%2526%2520Co%252E&Metal=Yellow%2520Gold&mag=1&rt=nc
Tiffany & Co. HardWear Graduated Link Necklace 18k Yellow Gold 18in Adjustable,19000.0,"$19,000.00",USD,19000.0,Brand New,,,,,https://www.ebay.com/itm/206332516359,Tiffany & Co.,Yellow Gold,https://www.ebay.com/b/Tiffany-Co/bn_21836959?Brand=Tiffany%2520%2526%2520Co%252E&Metal=Yellow%2520Gold&mag=1&rt=nc
Tiffany & Co. Somerset Heart Mesh Band - Sterling Silver 925 Love Statement Ring,299.99,$299.99,USD,299.99,Pre-Owned,,,,,https://www.ebay.com/itm/376957267857,Tiffany & Co.,Sterling Silver,https://www.ebay.com/b/Tiffany-Co/bn_21836959?Brand=Tiffany%2520%2526%2520Co%252E&Metal=Sterling%2520Silver&mag=1&rt=nc
Tiffany & Co Return to Tiffany Mini Heart Stud Earrings Sterling Silver w/ Pouch,150.0,$150.00,USD,150.0,Pre-Owned,,,,,https://www.ebay.com/itm/336728953434,Tiffany & Co.,Sterling Silver,https://www.ebay.com/b/Tiffany-Co/bn_21836959?Brand=Tiffany%2520%2526%2520Co%252E&Metal=Sterling%2520Silver&mag=1&rt=nc
"Love Tiffany & Co Blue Heart Earrings in Sterling Silver, Mini",195.0,$195.00,USD,195.0,Pre-Owned,,,,,https://www.ebay.com/itm/127992141496,Tiffany & Co.,Sterling Silver,https://www.ebay.com/b/Tiffany-Co/bn_21836959?Brand=Tiffany%2520%2526%2520Co%252E&Metal=Sterling%2520Silver&mag=1&rt=nc
Tiffany & Co. Authentic Sterling Silver Mini Heart Stud Earrings,199.0,$199.00,USD,199.0,Pre-Owned,,,,,https://www.ebay.com/itm/377392353168,Tiffany & Co.,Sterling Silver,https://www.ebay.com/b/Tiffany-Co/bn_21836959?Brand=Tiffany%2520%2526%2520Co%252E&Metal=Sterling%2520Silver&mag=1&rt=nc
Tiffany & Co. 925 Sterling Silver Rolo Charm Bracelet Heart Dangle Lobster,160.0,$160.00,USD,160.0,Pre-Owned,,,,,https://www.ebay.com/itm/188734263413,Tiffany & Co.,Sterling Silver,https://www.ebay.com/b/Tiffany-Co/bn_21836959?Brand=Tiffany%2520%2526%2520Co%252E&Metal=Sterling%2520Silver&mag=1&rt=nc
Tiffany & Co. Elsa Peretti Sterling Silver 925 Bone Cuff Italy Left Wrist,1150.0,"$1,150.00",USD,1150.0,Pre-Owned,,,,,https://www.ebay.com/itm/227456746277,Tiffany & Co.,Sterling Silver,https://www.ebay.com/b/Tiffany-Co/bn_21836959?Brand=Tiffany%2520%2526%2520Co%252E&Metal=Sterling%2520Silver&mag=1&rt=nc
Tiffany & Co. Signed 925 Sterling Silver Heart Tag Bracelet & Necklace Set,60.0,$60.00,USD,60.0,Pre-Owned,,,,,https://www.ebay.com/itm/188752969400,Tiffany & Co.,Sterling Silver,https://www.ebay.com/b/Tiffany-Co/bn_21836959?Brand=Tiffany%2520%2526%2520Co%252E&Metal=Sterling%2520Silver&mag=1&rt=nc
Tiffany & Co. Sterling Silver 925 Signed Heart Dangle Charm Pendant,57.5,$57.50,USD,57.5,Pre-Owned,,,,,https://www.ebay.com/itm/318668391384,Tiffany & Co.,Sterling Silver,https://www.ebay.com/b/Tiffany-Co/bn_21836959?Brand=Tiffany%2520%2526%2520Co%252E&Metal=Sterling%2520Silver&mag=1&rt=nc
Tiffany & Co. 925 Sterling Silver Oval Link Charm Bracelet Lock Dangle Signed,250.0,$250.00,USD,250.0,Pre-Owned,,,,,https://www.ebay.com/itm/227458083508,Tiffany & Co.,Sterling Silver,https://www.ebay.com/b/Tiffany-Co/bn_21836959?Brand=Tiffany%2520%2526%2520Co%252E&Metal=Sterling%2520Silver&mag=1&rt=nc
"Tiffany & Co. Sterling Silver ID Bracelet, 6 1/2"" To 6 7/8"", with Blue Bag",199.0,$199.00,USD,199.0,Pre-Owned,,,,,https://www.ebay.com/itm/168583680987,Tiffany & Co.,Sterling Silver,https://www.ebay.com/b/Tiffany-Co/bn_21836959?Brand=Tiffany%2520%2526%2520Co%252E&Metal=Sterling%2520Silver&mag=1&rt=nc
Tiffany & Co. Signed 925 Sterling Silver Heart Tag Bracelet & Necklace Set,63.0,$63.00,USD,63.0,Pre-Owned,,,,,https://www.ebay.com/itm/188750069710,Tiffany & Co.,Sterling Silver,https://www.ebay.com/b/Tiffany-Co/bn_21836959?Brand=Tiffany%2520%2526%2520Co%252E&Metal=Sterling%2520Silver&mag=1&rt=nc
"1837 Cuff Authentic Tiffany & Co. Bracelet, 925 Sterling Silver",350.0,$350.00,USD,350.0,Pre-Owned,,,,,https://www.ebay.com/itm/188734274002,Tiffany & Co.,Sterling Silver,https://www.ebay.com/b/Tiffany-Co/bn_21836959?Brand=Tiffany%2520%2526%2520Co%252E&Metal=Sterling%2520Silver&mag=1&rt=nc
Tiffany & Co. Return to Tiffany Sterling Silver 925 Heart Tag Cable Necklace,1150.0,"$1,150.00",USD,1150.0,Pre-Owned,,,,,https://www.ebay.com/itm/336724643339,Tiffany & Co.,Sterling Silver,https://www.ebay.com/b/Tiffany-Co/bn_21836959?Brand=Tiffany%2520%2526%2520Co%252E&Metal=Sterling%2520Silver&mag=1&rt=nc
2 Tiffany & Co Sterling Silver Return To Tiffany MINI Hearts 12x10mm,105.0,$105.00,USD,105.0,Pre-Owned,,,,,https://www.ebay.com/itm/267748540098,Tiffany & Co.,Sterling Silver,https://www.ebay.com/b/Tiffany-Co/bn_21836959?Brand=Tiffany%2520%2526%2520Co%252E&Metal=Sterling%2520Silver&mag=1&rt=nc
Tiffany & Co Return to Tiffany Mini Heart Stud Earrings Sterling Silver w/ Pouch,219.0,$219.00,USD,219.0,Pre-Owned,,,,,https://www.ebay.com/itm/278244250999,Tiffany & Co.,Sterling Silver,https://www.ebay.com/b/Tiffany-Co/bn_21836959?Brand=Tiffany%2520%2526%2520Co%252E&Metal=Sterling%2520Silver&mag=1&rt=nc
Tiffany & Co. 925 Sterling Silver Heart Band Ring Signed Love Theme,400.0,$400.00,USD,400.0,Brand New,,,,,https://www.ebay.com/itm/406792114557,Tiffany & Co.,Sterling Silver,https://www.ebay.com/b/Tiffany-Co/bn_21836959?Brand=Tiffany%2520%2526%2520Co%252E&Metal=Sterling%2520Silver&mag=1&rt=nc
Tiffany & Co. Sterling Silver Somerset Mesh Bracelet Size Medium - Box!,325.0,$325.00,USD,325.0,Pre-Owned,,,,,https://www.ebay.com/itm/206465058173,Tiffany & Co.,Sterling Silver,https://www.ebay.com/b/Tiffany-Co/bn_21836959?Brand=Tiffany%2520%2526%2520Co%252E&Metal=Sterling%2520Silver&mag=1&rt=nc
Tiffany co Elsa Peretti 925 sterling silver women's bracelet,300.0,$300.00,USD,300.0,Pre-Owned,,,,,https://www.ebay.com/itm/287496084579,Tiffany & Co.,Sterling Silver,https://www.ebay.com/b/Tiffany-Co/bn_21836959?Brand=Tiffany%2520%2526%2520Co%252E&Metal=Sterling%2520Silver&mag=1&rt=nc
Tiffany & Co. Return to Tiffany Jumbo Heart Tag 925 Sterling Silver Bracelet,550.0,$550.00,USD,550.0,Pre-Owned,,,,,https://www.ebay.com/itm/398251530304,Tiffany & Co.,Sterling Silver,https://www.ebay.com/b/Tiffany-Co/bn_21836959?Brand=Tiffany%2520%2526%2520Co%252E&Metal=Sterling%2520Silver&mag=1&rt=nc
Tiffany & Co. Sterling Silver 925 Signed Infinity Pendant Cable Chain Necklace,80.0,$80.00,USD,80.0,Pre-Owned,,,,,https://www.ebay.com/itm/377399681316,Tiffany & Co.,Sterling Silver,https://www.ebay.com/b/Tiffany-Co/bn_21836959?Brand=Tiffany%2520%2526%2520Co%252E&Metal=Sterling%2520Silver&mag=1&rt=nc
Tiffany & Co. 925 Sterling Silver Please Return Oval Tag Rolo Toggle Bracelet,400.0,$400.00,USD,400.0,Pre-Owned,,,,,https://www.ebay.com/itm/188737787402,Tiffany & Co.,Sterling Silver,https://www.ebay.com/b/Tiffany-Co/bn_21836959?Brand=Tiffany%2520%2526%2520Co%252E&Metal=Sterling%2520Silver&mag=1&rt=nc
Tiffany & Co. Sterling Silver 925 Signed Horseshoe Charm Pendant Cable Necklace,80.0,$80.00,USD,80.0,Pre-Owned,,,,,https://www.ebay.com/itm/377399651815,Tiffany & Co.,Sterling Silver,https://www.ebay.com/b/Tiffany-Co/bn_21836959?Brand=Tiffany%2520%2526%2520Co%252E&Metal=Sterling%2520Silver&mag=1&rt=nc
Tiffany & Co Mom Medium Heart Tag Pendant in Sterling Silver,250.0,$250.00,USD,250.0,Pre-Owned,,,,,https://www.ebay.com/itm/318671697232,Tiffany & Co.,Sterling Silver,https://www.ebay.com/b/Tiffany-Co/bn_21836959?Brand=Tiffany%2520%2526%2520Co%252E&Metal=Sterling%2520Silver&mag=1&rt=nc
Tiffany & Co. 925 Sterling Silver Charm Chain Bracelet Toggle Heart and charm,400.0,$400.00,USD,400.0,Pre-Owned,,,,,https://www.ebay.com/itm/358868854342,Tiffany & Co.,Sterling Silver,https://www.ebay.com/b/Tiffany-Co/bn_21836959?Brand=Tiffany%2520%2526%2520Co%252E&Metal=Sterling%2520Silver&mag=1&rt=nc
Tiffany & Co. 925 Sterling Silver Infinity Cable Chain Bracelet Spring Ring,275.0,$275.00,USD,275.0,Pre-Owned,,,,,https://www.ebay.com/itm/800462706169,Tiffany & Co.,Sterling Silver,https://www.ebay.com/b/Tiffany-Co/bn_21836959?Brand=Tiffany%2520%2526%2520Co%252E&Metal=Sterling%2520Silver&mag=1&rt=nc
"Tiffany & Co. Pearl Bracelet and earrings, Sterling Silver, Infinity clasp",300.0,$300.00,USD,300.0,Pre-Owned,,,,,https://www.ebay.com/itm/407119839416,Tiffany & Co.,Sterling Silver,https://www.ebay.com/b/Tiffany-Co/bn_21836959?Brand=Tiffany%2520%2526%2520Co%252E&Metal=Sterling%2520Silver&mag=1&rt=nc
"Tiffany & Co. 925 Sterling Silver Wide Cuff Bracelet, No Stone, Silver",1450.0,"$1,450.00",USD,1450.0,New (Other),,,,,https://www.ebay.com/itm/158156929334,Tiffany & Co.,Sterling Silver,https://www.ebay.com/b/Tiffany-Co/bn_21836959?Brand=Tiffany%2520%2526%2520Co%252E&Metal=Sterling%2520Silver&mag=1&rt=nc
Tiffany & Co. Signed Sterling Silver 925 Cat Brooch Pin Animal Theme,469.0,$469.00,USD,469.0,Pre-Owned,,,,,https://www.ebay.com/itm/168583988583,Tiffany & Co.,Sterling Silver,https://www.ebay.com/b/Tiffany-Co/bn_21836959?Brand=Tiffany%2520%2526%2520Co%252E&Metal=Sterling%2520Silver&mag=1&rt=nc
Tiffany & Co Sterling Silver Blank Heart Tag Charm Bracelet,299.0,$299.00,USD,299.0,Pre-Owned,,,,,https://www.ebay.com/itm/267313009513,Tiffany & Co.,Sterling Silver,https://www.ebay.com/b/Tiffany-Co/bn_21836959?Brand=Tiffany%2520%2526%2520Co%252E&Metal=Sterling%2520Silver&mag=1&rt=nc
Return To LOVE Tiffany & Co. Sterling Silver 12mm Heart Stud Earrings,495.0,$495.00,USD,495.0,Pre-Owned,,,,,https://www.ebay.com/itm/277800653992,Tiffany & Co.,Sterling Silver,https://www.ebay.com/b/Tiffany-Co/bn_21836959?Brand=Tiffany%2520%2526%2520Co%252E&Metal=Sterling%2520Silver&mag=1&rt=nc
Tiffany & Co. Return To Heart Stud Earrings & Backings Sterling Silver Ag 925,219.99,$219.99,USD,219.99,Pre-Owned,,,,,https://www.ebay.com/itm/298531589394,Tiffany & Co.,Sterling Silver,https://www.ebay.com/b/Tiffany-Co/bn_21836959?Brand=Tiffany%2520%2526%2520Co%252E&Metal=Sterling%2520Silver&mag=1&rt=nc
"Tiffany & Co.  Heart Tag Stud Earrings in Sterling Silver, Mini",190.0,$190.00,USD,190.0,Pre-Owned,,,,,https://www.ebay.com/itm/128010526649,Tiffany & Co.,Sterling Silver,https://www.ebay.com/b/Tiffany-Co/bn_21836959?Brand=Tiffany%2520%2526%2520Co%252E&Metal=Sterling%2520Silver&mag=1&rt=nc
Tiffany & Co. Sterling Silver 925 Open Circle Station Cable Chain Necklace,350.0,$350.00,USD,350.0,Pre-Owned,,,,,https://www.ebay.com/itm/358864553284,Tiffany & Co.,Sterling Silver,https://www.ebay.com/b/Tiffany-Co/bn_21836959?Brand=Tiffany%2520%2526%2520Co%252E&Metal=Sterling%2520Silver&mag=1&rt=nc
Tiffany & Co Metropolis Men's Cuff Bracelet 71 g Sterling Silver 925,650.0,$650.00,USD,650.0,Pre-Owned,,,,,https://www.ebay.com/itm/800442321677,Tiffany & Co.,Sterling Silver,https://www.ebay.com/b/Tiffany-Co/bn_21836959?Brand=Tiffany%2520%2526%2520Co%252E&Metal=Sterling%2520Silver&mag=1&rt=nc
Tiffany & Co. Elsa Peretti Pierced Open Heart 925 Sterling Silver Necklace,350.0,$350.00,USD,350.0,Pre-Owned,,,,,https://www.ebay.com/itm/358864585346,Tiffany & Co.,Sterling Silver,https://www.ebay.com/b/Tiffany-Co/bn_21836959?Brand=Tiffany%2520%2526%2520Co%252E&Metal=Sterling%2520Silver&mag=1&rt=nc
Tiffany & Co Sterling Silver Bracelet - 7.5 inches,500.0,$500.00,USD,500.0,Pre-Owned,,,,,https://www.ebay.com/itm/168585577419,Tiffany & Co.,Sterling Silver,https://www.ebay.com/b/Tiffany-Co/bn_21836959?Brand=Tiffany%2520%2526%2520Co%252E&Metal=Sterling%2520Silver&mag=1&rt=nc
Tiffany & Co. Tiffany 1837 925 Sterling Silver Square Charm Pendant Box Chain,315.0,$315.00,USD,315.0,Pre-Owned,,,,,https://www.ebay.com/itm/366579998093,Tiffany & Co.,Sterling Silver,https://www.ebay.com/b/Tiffany-Co/bn_21836959?Brand=Tiffany%2520%2526%2520Co%252E&Metal=Sterling%2520Silver&mag=1&rt=nc
Tiffany & Co. 925 Sterling Silver Bone Ring Signed Size 11,500.0,$500.00,USD,500.0,Pre-Owned,,,,,https://www.ebay.com/itm/188729896163,Tiffany & Co.,Sterling Silver,https://www.ebay.com/b/Tiffany-Co/bn_21836959?Brand=Tiffany%2520%2526%2520Co%252E&Metal=Sterling%2520Silver&mag=1&rt=nc
Tiffany & Co. Sterling Silver T Square Ring Band Ring Size 9,300.0,$300.00,USD,300.0,Pre-Owned,,,,,https://www.ebay.com/itm/800455425302,Tiffany & Co.,Sterling Silver,https://www.ebay.com/b/Tiffany-Co/bn_21836959?Brand=Tiffany%2520%2526%2520Co%252E&Metal=Sterling%2520Silver&mag=1&rt=nc
Tiffany & Co. Return Tiffany Mini Heart Stud Earrings Sterling Silver NO BACKS,206.99,$206.99,USD,206.99,Pre-Owned,,,,,https://www.ebay.com/itm/278237743989,Tiffany & Co.,Sterling Silver,https://www.ebay.com/b/Tiffany-Co/bn_21836959?Brand=Tiffany%2520%2526%2520Co%252E&Metal=Sterling%2520Silver&mag=1&rt=nc
Tiffany & Co 925 Sterling Silver Ball Stud Earrings 10mm,175.0,$175.00,USD,175.0,Pre-Owned,,,,,https://www.ebay.com/itm/298563151573,Tiffany & Co.,Sterling Silver,https://www.ebay.com/b/Tiffany-Co/bn_21836959?Brand=Tiffany%2520%2526%2520Co%252E&Metal=Sterling%2520Silver&mag=1&rt=nc
Tiffany & Co Sterling Silver Toggle Chain Bracelet w/ Double Heart Pendant 925,225.0,$225.00,USD,225.0,Pre-Owned,,,,,https://www.ebay.com/itm/137586267873,Tiffany & Co.,Sterling Silver,https://www.ebay.com/b/Tiffany-Co/bn_21836959?Brand=Tiffany%2520%2526%2520Co%252E&Metal=Sterling%2520Silver&mag=1&rt=nc
Tiffany & Co Sterling Silver HardWear Large Link Bracelet medium size,1600.0,"$1,600.00",USD,1600.0,Pre-Owned,,,,,https://www.ebay.com/itm/398232642779,Tiffany & Co.,Sterling Silver,https://www.ebay.com/b/Tiffany-Co/bn_21836959?Brand=Tiffany%2520%2526%2520Co%252E&Metal=Sterling%2520Silver&mag=1&rt=nc
Tiffany & Co. Return to Tiffany 925 Sterling Silver Round Tag Chain Bracelet,149.5,$149.50,USD,149.5,Pre-Owned,,,,,https://www.ebay.com/itm/307107191555,Tiffany & Co.,Sterling Silver,https://www.ebay.com/b/Tiffany-Co/bn_21836959?Brand=Tiffany%2520%2526%2520Co%252E&Metal=Sterling%2520Silver&mag=1&rt=nc
Tiffany & Co. 925 Sterling Silver Cable Chain Necklace 19 Inch 1.1g,79.99,$79.99,USD,79.99,Pre-Owned,,,,,https://www.ebay.com/itm/318683748869,Tiffany & Co.,Sterling Silver,https://www.ebay.com/b/Tiffany-Co/bn_21836959?Brand=Tiffany%2520%2526%2520Co%252E&Metal=Sterling%2520Silver&mag=1&rt=nc
Vintage Tiffany & Co. 18K Gold & Sterling Silver Interlocking Heart Link Bracele,499.99,$499.99,USD,499.99,Pre-Owned,,,,,https://www.ebay.com/itm/128007372417,Tiffany & Co.,Sterling Silver,https://www.ebay.com/b/Tiffany-Co/bn_21836959?Brand=Tiffany%2520%2526%2520Co%252E&Metal=Sterling%2520Silver&mag=1&rt=nc
"Tiffany & Co. Sterling Silver Venetian Link Box Chain 7.5""",250.0,$250.00,USD,250.0,Pre-Owned,,,,,https://www.ebay.com/itm/287496108988,Tiffany & Co.,Sterling Silver,https://www.ebay.com/b/Tiffany-Co/bn_21836959?Brand=Tiffany%2520%2526%2520Co%252E&Metal=Sterling%2520Silver&mag=1&rt=nc
Authentic Tiffany & Co. Sterling Silver Venetian Box Link Necklace 18 inch,500.0,$500.00,USD,500.0,Pre-Owned,,,,,https://www.ebay.com/itm/287496116997,Tiffany & Co.,Sterling Silver,https://www.ebay.com/b/Tiffany-Co/bn_21836959?Brand=Tiffany%2520%2526%2520Co%252E&Metal=Sterling%2520Silver&mag=1&rt=nc
Tiffany & Co Atlas Wide Roman Numeral Ring Sterling Silver 925 Sz 9 1/2 US 1995,150.0,$150.00,USD,150.0,Pre-Owned,,,,,https://www.ebay.com/itm/168590494871,Tiffany & Co.,Sterling Silver,https://www.ebay.com/b/Tiffany-Co/bn_21836959?Brand=Tiffany%2520%2526%2520Co%252E&Metal=Sterling%2520Silver&mag=1&rt=nc
"Tiffany & Co. Pink Enamel Mini Heart Charm Bead Bracelet Sterling Silver 6.75""",61.0,$61.00,USD,61.0,Pre-Owned,,,,,https://www.ebay.com/itm/257657773424,Tiffany & Co.,Sterling Silver,https://www.ebay.com/b/Tiffany-Co/bn_21836959?Brand=Tiffany%2520%2526%2520Co%252E&Metal=Sterling%2520Silver&mag=1&rt=nc
Tiffany & Co Return to Tiffany Mini Heart Stud Earrings Sterling Silver w/ Pouch,102.5,$102.50,USD,102.5,Pre-Owned,,,,,https://www.ebay.com/itm/198545813742,Tiffany & Co.,Sterling Silver,https://www.ebay.com/b/Tiffany-Co/bn_21836959?Brand=Tiffany%2520%2526%2520Co%252E&Metal=Sterling%2520Silver&mag=1&rt=nc
Authentic Tiffany & Co. Sterling Silver Heart Link Bracelet,275.0,$275.00,USD,275.0,Pre-Owned,,,,,https://www.ebay.com/itm/407120313010,Tiffany & Co.,Sterling Silver,https://www.ebay.com/b/Tiffany-Co/bn_21836959?Brand=Tiffany%2520%2526%2520Co%252E&Metal=Sterling%2520Silver&mag=1&rt=nc
Tiffany & Co. Open Butterfly Stud Earrings Sterling Silver w/Pouch,162.5,$162.50,USD,162.5,Pre-Owned,,,,,https://www.ebay.com/itm/206460047905,Tiffany & Co.,Sterling Silver,https://www.ebay.com/b/Tiffany-Co/bn_21836959?Brand=Tiffany%2520%2526%2520Co%252E&Metal=Sterling%2520Silver&mag=1&rt=nc
Authentic Tiffany & Co Sterling Silver Heavy Round Link Chain Bracelet 925,299.0,$299.00,USD,299.0,Pre-Owned,,,,,https://www.ebay.com/itm/398238830451,Tiffany & Co.,Sterling Silver,https://www.ebay.com/b/Tiffany-Co/bn_21836959?Brand=Tiffany%2520%2526%2520Co%252E&Metal=Sterling%2520Silver&mag=1&rt=nc
Tiffany & Co 1837 Sterling Silver Padlock Chain Bracelet 7.25” 24g 925 Lock,79.0,$79.00,USD,79.0,Pre-Owned,,,,,https://www.ebay.com/itm/128010813068,Tiffany & Co.,Sterling Silver,https://www.ebay.com/b/Tiffany-Co/bn_21836959?Brand=Tiffany%2520%2526%2520Co%252E&Metal=Sterling%2520Silver&mag=1&rt=nc
Tiffany & Co. Sterling Silver Return to Tiffany Round Tag Pendant or Charm 925,69.99,$69.99,USD,69.99,Pre-Owned,,,,,https://www.ebay.com/itm/267746816486,Tiffany & Co.,Sterling Silver,https://www.ebay.com/b/Tiffany-Co/bn_21836959?Brand=Tiffany%2520%2526%2520Co%252E&Metal=Sterling%2520Silver&mag=1&rt=nc
Tiffany & Co. Signed 925 Sterling Silver Teardrop Pendant Cable Necklace,126.75,$126.75,USD,126.75,Pre-Owned,,,,,https://www.ebay.com/itm/128007584867,Tiffany & Co.,Sterling Silver,https://www.ebay.com/b/Tiffany-Co/bn_21836959?Brand=Tiffany%2520%2526%2520Co%252E&Metal=Sterling%2520Silver&mag=1&rt=nc
"Tiffany & Co.Sterling Silver Twist Knot Earrings, Tiffany Twist Knot Earrings",145.0,$145.00,USD,145.0,Pre-Owned,,,,,https://www.ebay.com/itm/398241959474,Tiffany & Co.,Sterling Silver,https://www.ebay.com/b/Tiffany-Co/bn_21836959?Brand=Tiffany%2520%2526%2520Co%252E&Metal=Sterling%2520Silver&mag=1&rt=nc
Authentic Tiffany & Co. Sterling Silver Return to Tiffany Oval Tag Link Bracelet,217.67,$217.67,USD,217.67,Pre-Owned,,,,,https://www.ebay.com/itm/236986902277,Tiffany & Co.,Sterling Silver,https://www.ebay.com/b/Tiffany-Co/bn_21836959?Brand=Tiffany%2520%2526%2520Co%252E&Metal=Sterling%2520Silver&mag=1&rt=nc
"Tiffany & Co HardWear 925 Sterling Silver Graduated Ball Bead Necklace 16""",295.0,$295.00,USD,295.0,Pre-Owned,,,,,https://www.ebay.com/itm/298554567684,Tiffany & Co.,Sterling Silver,https://www.ebay.com/b/Tiffany-Co/bn_21836959?Brand=Tiffany%2520%2526%2520Co%252E&Metal=Sterling%2520Silver&mag=1&rt=nc
Tiffany & Co. 925 Sterling Silver Oval Link Chain Bracelet Lobster Clasp,250.0,$250.00,USD,250.0,Pre-Owned,,,,,https://www.ebay.com/itm/168588957724,Tiffany & Co.,Sterling Silver,https://www.ebay.com/b/Tiffany-Co/bn_21836959?Brand=Tiffany%2520%2526%2520Co%252E&Metal=Sterling%2520Silver&mag=1&rt=nc
16in Tiffany & Co. Sterling Silver Beads by the Yard Barrel Ball Necklace,190.0,$190.00,USD,190.0,Pre-Owned,,,,,https://www.ebay.com/itm/168588983276,Tiffany & Co.,Sterling Silver,https://www.ebay.com/b/Tiffany-Co/bn_21836959?Brand=Tiffany%2520%2526%2520Co%252E&Metal=Sterling%2520Silver&mag=1&rt=nc
Tiffany & Co  Please Return To Tiffany Round Tag  Bracelet Sterling Silver,150.0,$150.00,USD,150.0,Pre-Owned,,,,,https://www.ebay.com/itm/800444560359,Tiffany & Co.,Sterling Silver,https://www.ebay.com/b/Tiffany-Co/bn_21836959?Brand=Tiffany%2520%2526%2520Co%252E&Metal=Sterling%2520Silver&mag=1&rt=nc
Tiffany & Co. Elsa Peretti Open Heart Ring Size 8.25 Sterling Silver Ag 925,200.0,$200.00,USD,200.0,Pre-Owned,,,,,https://www.ebay.com/itm/318673283076,Tiffany & Co.,Sterling Silver,https://www.ebay.com/b/Tiffany-Co/bn_21836959?Brand=Tiffany%2520%2526%2520Co%252E&Metal=Sterling%2520Silver&mag=1&rt=nc
Tiffany & Co 1837 Circle Stud Earrings Sterling Silver 925 Engraved Logo,51.0,$51.00,USD,51.0,Pre-Owned,,,,,https://www.ebay.com/itm/398243546849,Tiffany & Co.,Sterling Silver,https://www.ebay.com/b/Tiffany-Co/bn_21836959?Brand=Tiffany%2520%2526%2520Co%252E&Metal=Sterling%2520Silver&mag=1&rt=nc
"Tiffany & Co Sterling Silver 5mm Rope Chain Necklace 24""",300.0,$300.00,USD,300.0,Pre-Owned,,,,,https://www.ebay.com/itm/287504415334,Tiffany & Co.,Sterling Silver,https://www.ebay.com/b/Tiffany-Co/bn_21836959?Brand=Tiffany%2520%2526%2520Co%252E&Metal=Sterling%2520Silver&mag=1&rt=nc
"Tiffany & Co Sterling Silver Large Enchant Circle Pendant Necklace 20""",225.0,$225.00,USD,225.0,Pre-Owned,,,,,https://www.ebay.com/itm/358876746174,Tiffany & Co.,Sterling Silver,https://www.ebay.com/b/Tiffany-Co/bn_21836959?Brand=Tiffany%2520%2526%2520Co%252E&Metal=Sterling%2520Silver&mag=1&rt=nc
TIFFANY & Co. Onyx Pearl Ring Ziegfield Sterling Silver 925,500.0,$500.00,USD,500.0,Pre-Owned,,,,,https://www.ebay.com/itm/336721689149,Tiffany & Co.,Sterling Silver,https://www.ebay.com/b/Tiffany-Co/bn_21836959?Brand=Tiffany%2520%2526%2520Co%252E&Metal=Sterling%2520Silver&mag=1&rt=nc
"Tiffany & Co. Sterling Silver Oval Link Necklace 36” Long w pouch, box Authentic",229.99,$229.99,USD,229.99,Pre-Owned,,,,,https://www.ebay.com/itm/327296494310,Tiffany & Co.,Sterling Silver,https://www.ebay.com/b/Tiffany-Co/bn_21836959?Brand=Tiffany%2520%2526%2520Co%252E&Metal=Sterling%2520Silver&mag=1&rt=nc
Vintage Tiffany & Co. Sterling Silver 925 Chunky Bracelet,275.0,$275.00,USD,275.0,Pre-Owned,,,,,https://www.ebay.com/itm/407120164568,Tiffany & Co.,Sterling Silver,https://www.ebay.com/b/Tiffany-Co/bn_21836959?Brand=Tiffany%2520%2526%2520Co%252E&Metal=Sterling%2520Silver&mag=1&rt=nc
Tiffany & Co Sterling Silver 925 Paloma Picasso Loving Hearts ring size 6,100.0,$100.00,USD,100.0,Pre-Owned,,,,,https://www.ebay.com/itm/117339343981,Tiffany & Co.,Sterling Silver,https://www.ebay.com/b/Tiffany-Co/bn_21836959?Brand=Tiffany%2520%2526%2520Co%252E&Metal=Sterling%2520Silver&mag=1&rt=nc
Tiffany & Co 2004 Sterling Silver 925 Square  Blue Topaz  Ring Size 8,113.5,$113.50,USD,113.5,Pre-Owned,,,,,https://www.ebay.com/itm/206457697544,Tiffany & Co.,Sterling Silver,https://www.ebay.com/b/Tiffany-Co/bn_21836959?Brand=Tiffany%2520%2526%2520Co%252E&Metal=Sterling%2520Silver&mag=1&rt=nc
Tiffany & Co. Elsa Peretti Open Heart Necklace Sterling Silver 925 Authentic,63.0,$63.00,USD,63.0,Pre-Owned,,,,,https://www.ebay.com/itm/336718833088,Tiffany & Co.,Sterling Silver,https://www.ebay.com/b/Tiffany-Co/bn_21836959?Brand=Tiffany%2520%2526%2520Co%252E&Metal=Sterling%2520Silver&mag=1&rt=nc
Tiffany & Co. Infinity Double Chain Sterling Silver .925 Necklace,150.0,$150.00,USD,150.0,Pre-Owned,,,,,https://www.ebay.com/itm/327293425480,Tiffany & Co.,Sterling Silver,https://www.ebay.com/b/Tiffany-Co/bn_21836959?Brand=Tiffany%2520%2526%2520Co%252E&Metal=Sterling%2520Silver&mag=1&rt=nc
Tiffany & Co. Return To Oval Ring Band Size 5 Sterling Silver Ag 925 New York,180.0,$180.00,USD,180.0,Pre-Owned,,,,,https://www.ebay.com/itm/227464119723,Tiffany & Co.,Sterling Silver,https://www.ebay.com/b/Tiffany-Co/bn_21836959?Brand=Tiffany%2520%2526%2520Co%252E&Metal=Sterling%2520Silver&mag=1&rt=nc
Authentic Tiffany & Co. Multi-Heart Station Lariat Necklace – Sterling Silver,250.0,$250.00,USD,250.0,Pre-Owned,,,,,https://www.ebay.com/itm/336718864401,Tiffany & Co.,Sterling Silver,https://www.ebay.com/b/Tiffany-Co/bn_21836959?Brand=Tiffany%2520%2526%2520Co%252E&Metal=Sterling%2520Silver&mag=1&rt=nc
Tiffany & Co. Signed Sterling Silver 925 Oval Link Chain Bracelet Lobster,349.99,$349.99,USD,349.99,Pre-Owned,,,,,https://www.ebay.com/itm/398252592966,Tiffany & Co.,Sterling Silver,https://www.ebay.com/b/Tiffany-Co/bn_21836959?Brand=Tiffany%2520%2526%2520Co%252E&Metal=Sterling%2520Silver&mag=1&rt=nc
Authentic Vintage Tiffany & Co. Sterling Silver Frog Clip-On Earrings,975.0,$975.00,USD,975.0,Pre-Owned,,,,,https://www.ebay.com/itm/336718656730,Tiffany & Co.,Sterling Silver,https://www.ebay.com/b/Tiffany-Co/bn_21836959?Brand=Tiffany%2520%2526%2520Co%252E&Metal=Sterling%2520Silver&mag=1&rt=nc
Tiffany & Co. Sterling Silver 925 Necklace With Double Heart Pendant 18”,400.0,$400.00,USD,400.0,Pre-Owned,,,,,https://www.ebay.com/itm/366584429474,Tiffany & Co.,Sterling Silver,https://www.ebay.com/b/Tiffany-Co/bn_21836959?Brand=Tiffany%2520%2526%2520Co%252E&Metal=Sterling%2520Silver&mag=1&rt=nc
Tiffany & Co. Sterling Silver “Shovel” Pendant By Elsa Peretti,152.5,$152.50,USD,152.5,Pre-Owned,,,,,https://www.ebay.com/itm/178374639379,Tiffany & Co.,Sterling Silver,https://www.ebay.com/b/Tiffany-Co/bn_21836959?Brand=Tiffany%2520%2526%2520Co%252E&Metal=Sterling%2520Silver&mag=1&rt=nc
Authentic Tiffany & Co. Elsa Peretti Bean Pendant Necklace Sterling Silver 925,150.0,$150.00,USD,150.0,Pre-Owned,,,,,https://www.ebay.com/itm/336718877560,Tiffany & Co.,Sterling Silver,https://www.ebay.com/b/Tiffany-Co/bn_21836959?Brand=Tiffany%2520%2526%2520Co%252E&Metal=Sterling%2520Silver&mag=1&rt=nc
"Vintage Tiffany & Co. Sterling Silver 16"" Heart Tag Toggle Necklace 75.6 Grams",499.0,$499.00,USD,499.0,Pre-Owned,,,,,https://www.ebay.com/itm/257659449443,Tiffany & Co.,Sterling Silver,https://www.ebay.com/b/Tiffany-Co/bn_21836959?Brand=Tiffany%2520%2526%2520Co%252E&Metal=Sterling%2520Silver&mag=1&rt=nc
Tiffany & Co. Vintage 925 Sterling Silver Mesh Twist Cuff Bracelet 7”,219.98,$219.98,USD,219.98,Pre-Owned,,,,,https://www.ebay.com/itm/407122489721,Tiffany & Co.,Sterling Silver,https://www.ebay.com/b/Tiffany-Co/bn_21836959?Brand=Tiffany%2520%2526%2520Co%252E&Metal=Sterling%2520Silver&mag=1&rt=nc
"Tiffany & Co. HardWear U-Link Necklace – Sterling Silver – 18"" – 44g – Rare",2299.0,"$2,299.00",USD,2299.0,Pre-Owned,,,,,https://www.ebay.com/itm/800456636830,Tiffany & Co.,Sterling Silver,https://www.ebay.com/b/Tiffany-Co/bn_21836959?Brand=Tiffany%2520%2526%2520Co%252E&Metal=Sterling%2520Silver&mag=1&rt=nc
Tiffany & Co. Makers Sterling Silver Cuff – Complete Set,494.06,$494.06,USD,494.06,Pre-Owned,,,,,https://www.ebay.com/itm/158159545241,Tiffany & Co.,Sterling Silver,https://www.ebay.com/b/Tiffany-Co/bn_21836959?Brand=Tiffany%2520%2526%2520Co%252E&Metal=Sterling%2520Silver&mag=1&rt=nc
Tiffany & Co. Signed 925 Sterling Silver Mesh Chain Necklace 28in collar Peretti,750.0,$750.00,USD,750.0,Pre-Owned,,,,,https://www.ebay.com/itm/407111830434,Tiffany & Co.,Sterling Silver,https://www.ebay.com/b/Tiffany-Co/bn_21836959?Brand=Tiffany%2520%2526%2520Co%252E&Metal=Sterling%2520Silver&mag=1&rt=nc
"Tiffany & Co Return to Tiffany 925 Sterling Silver Round Tag Chain Necklace 15""",475.0,$475.00,USD,475.0,Pre-Owned,,,,,https://www.ebay.com/itm/137590126882,Tiffany & Co.,Sterling Silver,https://www.ebay.com/b/Tiffany-Co/bn_21836959?Brand=Tiffany%2520%2526%2520Co%252E&Metal=Sterling%2520Silver&mag=1&rt=nc
Vintage Tiffany & Co. Return To Tiffany 925 Sterling Silver Oval Tag Necklace,134.68,$134.68,USD,134.68,Pre-Owned,,,,,https://www.ebay.com/itm/147482230615,Tiffany & Co.,Sterling Silver,https://www.ebay.com/b/Tiffany-Co/bn_21836959?Brand=Tiffany%2520%2526%2520Co%252E&Metal=Sterling%2520Silver&mag=1&rt=nc
Tiffany & Co. Heart Tag Toggle Charm Bracelet 925 Sterling Silver Authentic,325.0,$325.00,USD,325.0,Pre-Owned,,,,,https://www.ebay.com/itm/168588278026,Tiffany & Co.,Sterling Silver,https://www.ebay.com/b/Tiffany-Co/bn_21836959?Brand=Tiffany%2520%2526%2520Co%252E&Metal=Sterling%2520Silver&mag=1&rt=nc
Tiffany & Co Sterling Silver 925 Hardware Ball/Beaded Bracelet 7.25inch,250.0,$250.00,USD,250.0,Pre-Owned,,,,,https://www.ebay.com/itm/287496275609,Tiffany & Co.,Sterling Silver,https://www.ebay.com/b/Tiffany-Co/bn_21836959?Brand=Tiffany%2520%2526%2520Co%252E&Metal=Sterling%2520Silver&mag=1&rt=nc
"Vintage Tiffany & Co Elsa Peretti Sterling Silver 925 Puffy Heart Necklace 16""",149.0,$149.00,USD,149.0,Pre-Owned,,,,,https://www.ebay.com/itm/137583640467,Tiffany & Co.,Sterling Silver,https://www.ebay.com/b/Tiffany-Co/bn_21836959?Brand=Tiffany%2520%2526%2520Co%252E&Metal=Sterling%2520Silver&mag=1&rt=nc
"Tiffany & Co. Infinity Double Chain Necklace Pendant 16"" Sterling Silver 925",295.0,$295.00,USD,295.0,Pre-Owned,,,,,https://www.ebay.com/itm/257663213055,Tiffany & Co.,Sterling Silver,https://www.ebay.com/b/Tiffany-Co/bn_21836959?Brand=Tiffany%2520%2526%2520Co%252E&Metal=Sterling%2520Silver&mag=1&rt=nc
Vintage tiffany & co sterling silver dogwood pin,350.0,$350.00,USD,350.0,Pre-Owned,,,,,https://www.ebay.com/itm/158136116954,Tiffany & Co.,Sterling Silver,https://www.ebay.com/b/Tiffany-Co/bn_21836959?Brand=Tiffany%2520%2526%2520Co%252E&Metal=Sterling%2520Silver&mag=1&rt=nc
Tiffany & Co. Signed 925 Sterling Silver Open Cuff with Ball Ends,99.99,$99.99,USD,99.99,Pre-Owned,,,,,https://www.ebay.com/itm/800466866832,Tiffany & Co.,Sterling Silver,https://www.ebay.com/b/Tiffany-Co/bn_21836959?Brand=Tiffany%2520%2526%2520Co%252E&Metal=Sterling%2520Silver&mag=1&rt=nc
Tiffany & Co. Signed 925 Sterling Silver Round Disc Pendant Black Cord Necklace,349.99,$349.99,USD,349.99,Pre-Owned,,,,,https://www.ebay.com/itm/398252592394,Tiffany & Co.,Sterling Silver,https://www.ebay.com/b/Tiffany-Co/bn_21836959?Brand=Tiffany%2520%2526%2520Co%252E&Metal=Sterling%2520Silver&mag=1&rt=nc
"Vintage Tiffany & Co. Sterling Silver 925 ""Try God"" Tie Tack Lapel Pin Christian",15.0,$15.00,USD,15.0,Pre-Owned,,,,,https://www.ebay.com/itm/236982459269,Tiffany & Co.,Sterling Silver,https://www.ebay.com/b/Tiffany-Co/bn_21836959?Brand=Tiffany%2520%2526%2520Co%252E&Metal=Sterling%2520Silver&mag=1&rt=nc
Tiffany & Co Garden Flower 1P Diamond Pendant Necklace Sterling Silver 925,295.0,$295.00,USD,295.0,Pre-Owned,,,,,https://www.ebay.com/itm/257663204195,Tiffany & Co.,Sterling Silver,https://www.ebay.com/b/Tiffany-Co/bn_21836959?Brand=Tiffany%2520%2526%2520Co%252E&Metal=Sterling%2520Silver&mag=1&rt=nc
Tiffany & Co. Signed 925 Sterling Silver Hoop Earrings Latch Back (please read),195.0,$195.00,USD,195.0,Pre-Owned,,,,,https://www.ebay.com/itm/227461857249,Tiffany & Co.,Sterling Silver,https://www.ebay.com/b/Tiffany-Co/bn_21836959?Brand=Tiffany%2520%2526%2520Co%252E&Metal=Sterling%2520Silver&mag=1&rt=nc
Tiffany & Co Sterling Silver 925 Paloma Picasso Loving Hearts ring size 5.5,140.0,$140.00,USD,140.0,Pre-Owned,,,,,https://www.ebay.com/itm/178360277135,Tiffany & Co.,Sterling Silver,https://www.ebay.com/b/Tiffany-Co/bn_21836959?Brand=Tiffany%2520%2526%2520Co%252E&Metal=Sterling%2520Silver&mag=1&rt=nc
Tiffany & Co Dogwood Flower Brooch Pin Sterling Silver 925 Pouch,165.0,$165.00,USD,165.0,Pre-Owned,,,,,https://www.ebay.com/itm/377392900919,Tiffany & Co.,Sterling Silver,https://www.ebay.com/b/Tiffany-Co/bn_21836959?Brand=Tiffany%2520%2526%2520Co%252E&Metal=Sterling%2520Silver&mag=1&rt=nc
Tiffany & Co 925 Sterling Silver 14k Gold Scalloped Ring Size 5 - Retired,150.0,$150.00,USD,150.0,Pre-Owned,,,,,https://www.ebay.com/itm/128012508278,Tiffany & Co.,Sterling Silver,https://www.ebay.com/b/Tiffany-Co/bn_21836959?Brand=Tiffany%2520%2526%2520Co%252E&Metal=Sterling%2520Silver&mag=1&rt=nc
Sterling Silver Tiffany & Co. Lapel Pin Or Tie Pin,84.95,$84.95,USD,84.95,Pre-Owned,,,,,https://www.ebay.com/itm/147485295212,Tiffany & Co.,Sterling Silver,https://www.ebay.com/b/Tiffany-Co/bn_21836959?Brand=Tiffany%2520%2526%2520Co%252E&Metal=Sterling%2520Silver&mag=1&rt=nc
Authentic Tiffany & Co. Sterling Silver Sculptural Circle Pendant Necklace 925,150.0,$150.00,USD,150.0,Pre-Owned,,,,,https://www.ebay.com/itm/336726374178,Tiffany & Co.,Sterling Silver,https://www.ebay.com/b/Tiffany-Co/bn_21836959?Brand=Tiffany%2520%2526%2520Co%252E&Metal=Sterling%2520Silver&mag=1&rt=nc
Tiffany & Co. 925 Sterling Silver Multi-Row Mesh Collar Necklace 18in,750.0,$750.00,USD,750.0,Pre-Owned,,,,,https://www.ebay.com/itm/318668647991,Tiffany & Co.,Sterling Silver,https://www.ebay.com/b/Tiffany-Co/bn_21836959?Brand=Tiffany%2520%2526%2520Co%252E&Metal=Sterling%2520Silver&mag=1&rt=nc
NOS  Tiffany & Co Sterling Silver Paloma Picasso Round Tag Fob Charm,195.0,$195.00,USD,195.0,Pre-Owned,,,,,https://www.ebay.com/itm/398232807137,Tiffany & Co.,Sterling Silver,https://www.ebay.com/b/Tiffany-Co/bn_21836959?Brand=Tiffany%2520%2526%2520Co%252E&Metal=Sterling%2520Silver&mag=1&rt=nc
Vintage Tiffany and Co Sterling silver sommerset hard bangle,450.0,$450.00,USD,450.0,Pre-Owned,,,,,https://www.ebay.com/itm/128012513179,Tiffany & Co.,Sterling Silver,https://www.ebay.com/b/Tiffany-Co/bn_21836959?Brand=Tiffany%2520%2526%2520Co%252E&Metal=Sterling%2520Silver&mag=1&rt=nc
Authentic Tiffany & Co. Elsa Peretti Tear Drop Necklace Sterling Silver 925 Used,105.0,$105.00,USD,105.0,Pre-Owned,,,,,https://www.ebay.com/itm/327293992621,Tiffany & Co.,Sterling Silver,https://www.ebay.com/b/Tiffany-Co/bn_21836959?Brand=Tiffany%2520%2526%2520Co%252E&Metal=Sterling%2520Silver&mag=1&rt=nc
"Authentic Tiffany & Co. Sterling Silver ""T & Co."" Dangle Lariat Necklac",220.0,$220.00,USD,220.0,Pre-Owned,,,,,https://www.ebay.com/itm/307107136468,Tiffany & Co.,Sterling Silver,https://www.ebay.com/b/Tiffany-Co/bn_21836959?Brand=Tiffany%2520%2526%2520Co%252E&Metal=Sterling%2520Silver&mag=1&rt=nc
Tiffany and Co. Sterling Silver monogram disc pendant 16 inches,205.0,$205.00,USD,205.0,Pre-Owned,,,,,https://www.ebay.com/itm/287495047485,Tiffany & Co.,Sterling Silver,https://www.ebay.com/b/Tiffany-Co/bn_21836959?Brand=Tiffany%2520%2526%2520Co%252E&Metal=Sterling%2520Silver&mag=1&rt=nc
"Tiffany & Co. Sterling Silver Coin Edge Dog Pendant on 24"" Chain Necklace",350.0,$350.00,USD,350.0,Pre-Owned,,,,,https://www.ebay.com/itm/287493498841,Tiffany & Co.,Sterling Silver,https://www.ebay.com/b/Tiffany-Co/bn_21836959?Brand=Tiffany%2520%2526%2520Co%252E&Metal=Sterling%2520Silver&mag=1&rt=nc
Tiffany & Co. Signed 925 Sterling Silver Wide Woven Mesh Band Ring Size 6,300.0,$300.00,USD,300.0,Pre-Owned,,,,,https://www.ebay.com/itm/318670116529,Tiffany & Co.,Sterling Silver,https://www.ebay.com/b/Tiffany-Co/bn_21836959?Brand=Tiffany%2520%2526%2520Co%252E&Metal=Sterling%2520Silver&mag=1&rt=nc
Tiffany & Co. Signed Sterling Silver 925 Peace Sign Charm Pendant,349.0,$349.00,USD,349.0,Pre-Owned,,,,,https://www.ebay.com/itm/398238852890,Tiffany & Co.,Sterling Silver,https://www.ebay.com/b/Tiffany-Co/bn_21836959?Brand=Tiffany%2520%2526%2520Co%252E&Metal=Sterling%2520Silver&mag=1&rt=nc
Authentic Tiffany & Co Sterling Silver Return to Tiffany Toggle Bracelet 2 Charm,550.0,$550.00,USD,550.0,Pre-Owned,,,,,https://www.ebay.com/itm/236985251322,Tiffany & Co.,Sterling Silver,https://www.ebay.com/b/Tiffany-Co/bn_21836959?Brand=Tiffany%2520%2526%2520Co%252E&Metal=Sterling%2520Silver&mag=1&rt=nc
Tiffany & Co. Pin Sterling Silver 2001 9/11 Enamel US Flag Ribbon - New,118.99,$118.99,USD,118.99,Brand New,,,,,https://www.ebay.com/itm/398238850898,Tiffany & Co.,Sterling Silver,https://www.ebay.com/b/Tiffany-Co/bn_21836959?Brand=Tiffany%2520%2526%2520Co%252E&Metal=Sterling%2520Silver&mag=1&rt=nc
"Tiffany & Co. Sterling Silver Frank Gehry Morph Pendant Necklace 16""",240.0,$240.00,USD,240.0,Pre-Owned,,,,,https://www.ebay.com/itm/168589022256,Tiffany & Co.,Sterling Silver,https://www.ebay.com/b/Tiffany-Co/bn_21836959?Brand=Tiffany%2520%2526%2520Co%252E&Metal=Sterling%2520Silver&mag=1&rt=nc
Tiffany & Co. Paloma Picasso Loving Heart Necklace - 925 Sterling Silver,125.0,$125.00,USD,125.0,Pre-Owned,,,,,https://www.ebay.com/itm/327293985799,Tiffany & Co.,Sterling Silver,https://www.ebay.com/b/Tiffany-Co/bn_21836959?Brand=Tiffany%2520%2526%2520Co%252E&Metal=Sterling%2520Silver&mag=1&rt=nc
Authentic Tiffany & Co. Sterling Silver Heart Toggle Bracelet 7.5” 925 Silver,500.0,$500.00,USD,500.0,Pre-Owned,,,,,https://www.ebay.com/itm/188739472887,Tiffany & Co.,Sterling Silver,https://www.ebay.com/b/Tiffany-Co/bn_21836959?Brand=Tiffany%2520%2526%2520Co%252E&Metal=Sterling%2520Silver&mag=1&rt=nc
Tiffany & Co Return to Supreme Heart Tag Stud Earrings Sterling Silver 925,925.0,$925.00,USD,925.0,Pre-Owned,,,,,https://www.ebay.com/itm/226507354218,Tiffany & Co.,Sterling Silver,https://www.ebay.com/b/Tiffany-Co/bn_21836959?Brand=Tiffany%2520%2526%2520Co%252E&Metal=Sterling%2520Silver&mag=1&rt=nc
"Authentic Return To Tiffany & Co Sterling Silver 1"" Drop Dangle Tag Earrings EUC",199.0,$199.00,USD,199.0,Pre-Owned,,,,,https://www.ebay.com/itm/198552284426,Tiffany & Co.,Sterling Silver,https://www.ebay.com/b/Tiffany-Co/bn_21836959?Brand=Tiffany%2520%2526%2520Co%252E&Metal=Sterling%2520Silver&mag=1&rt=nc
Tiffany Co Sterling Silver Handbag Purse Blue Enamel Heart Italy Charm Pendant,350.0,$350.00,USD,350.0,Pre-Owned,,,,,https://www.ebay.com/itm/366547895467,Tiffany & Co.,Sterling Silver,https://www.ebay.com/b/Tiffany-Co/bn_21836959?Brand=Tiffany%2520%2526%2520Co%252E&Metal=Sterling%2520Silver&mag=1&rt=nc
David Yurman Diamond Initial Letter K Pendant Necklace Sterling Silver Box Chain,449.99,$449.99,USD,449.99,Pre-Owned,,,,,https://www.ebay.com/itm/389636879862,David Yurman,Sterling Silver,https://www.ebay.com/b/David-Yurman/bn_21823139?Brand=David%2520Yurman&Metal=Sterling%2520Silver&mag=1&rt=nc
David Yurman Helena Bracelet Cuff Sterling Silver w/ 18K Gold & Diamonds sz M,260.0,$260.00,USD,260.0,Pre-Owned,,,,,https://www.ebay.com/itm/336729999903,David Yurman,Sterling Silver,https://www.ebay.com/b/David-Yurman/bn_21823139?Brand=David%2520Yurman&Metal=Sterling%2520Silver&mag=1&rt=nc
"Authentic David Yurman 4.5mm Lexington Chain Necklace Sterling Silver 925 20""",250.0,$250.00,USD,250.0,Pre-Owned,,,,,https://www.ebay.com/itm/407123587045,David Yurman,Sterling Silver,https://www.ebay.com/b/David-Yurman/bn_21823139?Brand=David%2520Yurman&Metal=Sterling%2520Silver&mag=1&rt=nc
0.30ctw Diamond David Yurman Crossover Ring Sterling Silver Multi-Band Size 9.25,1099.99,"$1,099.99",USD,1099.99,Pre-Owned,,,,,https://www.ebay.com/itm/389357390134,David Yurman,Sterling Silver,https://www.ebay.com/b/David-Yurman/bn_21823139?Brand=David%2520Yurman&Metal=Sterling%2520Silver&mag=1&rt=nc
David Yurman Sterling Silver 925 Oval Link Two-Tone Cable Bracelet 12MM,225.47,$225.47,USD,225.47,Pre-Owned,,,,,https://www.ebay.com/itm/307110594697,David Yurman,Sterling Silver,https://www.ebay.com/b/David-Yurman/bn_21823139?Brand=David%2520Yurman&Metal=Sterling%2520Silver&mag=1&rt=nc
DESIGNER DAVID YURMAN TWO TONE CABLE RING STERLING SILVER 18K YELLOW GOLD SZ 8,224.0,$224.00,USD,224.0,Pre-Owned,,,,,https://www.ebay.com/itm/158159774822,David Yurman,Sterling Silver,https://www.ebay.com/b/David-Yurman/bn_21823139?Brand=David%2520Yurman&Metal=Sterling%2520Silver&mag=1&rt=nc
David Yurman 925 Sterling Silver Cable Crossover Buckle Bracelet,223.0,$223.00,USD,223.0,Pre-Owned,,,,,https://www.ebay.com/itm/137591390791,David Yurman,Sterling Silver,https://www.ebay.com/b/David-Yurman/bn_21823139?Brand=David%2520Yurman&Metal=Sterling%2520Silver&mag=1&rt=nc
David Yurman 925 Sterling Silver Cable Ring Cushion Purple Amethyst Sz 7,175.0,$175.00,USD,175.0,Pre-Owned,,,,,https://www.ebay.com/itm/298562356943,David Yurman,Sterling Silver,https://www.ebay.com/b/David-Yurman/bn_21823139?Brand=David%2520Yurman&Metal=Sterling%2520Silver&mag=1&rt=nc
David Yurman Sterling Silver 925 14K Gold X Cable Cuff Classic Bracelet,226.0,$226.00,USD,226.0,Pre-Owned,,,,,https://www.ebay.com/itm/407121343646,David Yurman,Sterling Silver,https://www.ebay.com/b/David-Yurman/bn_21823139?Brand=David%2520Yurman&Metal=Sterling%2520Silver&mag=1&rt=nc
David Yurman Sterling Silver Classic Cable & 18K Crossover Cuff Bracelet,235.0,$235.00,USD,235.0,Pre-Owned,,,,,https://www.ebay.com/itm/128013154215,David Yurman,Sterling Silver,https://www.ebay.com/b/David-Yurman/bn_21823139?Brand=David%2520Yurman&Metal=Sterling%2520Silver&mag=1&rt=nc
David Yurman Crossover Cuff Bracelet 925 Sterling Silver,228.25,$228.25,USD,228.25,Pre-Owned,,,,,https://www.ebay.com/itm/168592721534,David Yurman,Sterling Silver,https://www.ebay.com/b/David-Yurman/bn_21823139?Brand=David%2520Yurman&Metal=Sterling%2520Silver&mag=1&rt=nc
DAVID YURMAN sterling silver 925 with gold Oval Link Cable Chain bracelet,226.73,$226.73,USD,226.73,Pre-Owned,,,,,https://www.ebay.com/itm/377398704197,David Yurman,Sterling Silver,https://www.ebay.com/b/David-Yurman/bn_21823139?Brand=David%2520Yurman&Metal=Sterling%2520Silver&mag=1&rt=nc
David Yurman 925 sterling silver and 14k gold cable cross necklace,228.0,$228.00,USD,228.0,Pre-Owned,,,,,https://www.ebay.com/itm/147486322324,David Yurman,Sterling Silver,https://www.ebay.com/b/David-Yurman/bn_21823139?Brand=David%2520Yurman&Metal=Sterling%2520Silver&mag=1&rt=nc
Yurman Smoky Quartz Oval Cabochon Enhancer Pendant 18k Gold Sterling Silver,1049.99,"$1,049.99",USD,1049.99,Pre-Owned,,,,,https://www.ebay.com/itm/388771594699,David Yurman,Sterling Silver,https://www.ebay.com/b/David-Yurman/bn_21823139?Brand=David%2520Yurman&Metal=Sterling%2520Silver&mag=1&rt=nc
"David Yurman Sterling Silver Turquoise Bijoux Spiritual Beads Bracelet 7.5""",229.0,$229.00,USD,229.0,Pre-Owned,,,,,https://www.ebay.com/itm/318678126507,David Yurman,Sterling Silver,https://www.ebay.com/b/David-Yurman/bn_21823139?Brand=David%2520Yurman&Metal=Sterling%2520Silver&mag=1&rt=nc
David Yurman 8mm Spiritual Bead Bracelet Lapis Lazuli .925 Sterling Silver 8.5,199.0,$199.00,USD,199.0,Pre-Owned,,,,,https://www.ebay.com/itm/206453778467,David Yurman,Sterling Silver,https://www.ebay.com/b/David-Yurman/bn_21823139?Brand=David%2520Yurman&Metal=Sterling%2520Silver&mag=1&rt=nc
David yurman Crossover Cuff Bracelet in Sterling Silver with 18K Yellow Gold,231.0,$231.00,USD,231.0,Pre-Owned,,,,,https://www.ebay.com/itm/407121445191,David Yurman,Sterling Silver,https://www.ebay.com/b/David-Yurman/bn_21823139?Brand=David%2520Yurman&Metal=Sterling%2520Silver&mag=1&rt=nc
David Yurman Oval Cable Polished Link Style 925 Sterling Silver with 18K Gold,232.5,$232.50,USD,232.5,Pre-Owned,,,,,https://www.ebay.com/itm/318686014838,David Yurman,Sterling Silver,https://www.ebay.com/b/David-Yurman/bn_21823139?Brand=David%2520Yurman&Metal=Sterling%2520Silver&mag=1&rt=nc
DAVID YURMAN sterling silver 925 gold Oval Link Cable Chain bracelet,225.0,$225.00,USD,225.0,Pre-Owned,,,,,https://www.ebay.com/itm/398255940730,David Yurman,Sterling Silver,https://www.ebay.com/b/David-Yurman/bn_21823139?Brand=David%2520Yurman&Metal=Sterling%2520Silver&mag=1&rt=nc
David Yurman Oval Cable Chain Bracelet 7.5in M 925 Sterling Silver with 18K Gold,231.08,$231.08,USD,231.08,Pre-Owned,,,,,https://www.ebay.com/itm/188751560313,David Yurman,Sterling Silver,https://www.ebay.com/b/David-Yurman/bn_21823139?Brand=David%2520Yurman&Metal=Sterling%2520Silver&mag=1&rt=nc
"David Yurman Oval Link Chain Bracelet Sterling Silver 925 18K Yellow Gold 8""",227.0,$227.00,USD,227.0,Pre-Owned,,,,,https://www.ebay.com/itm/236986014548,David Yurman,Sterling Silver,https://www.ebay.com/b/David-Yurman/bn_21823139?Brand=David%2520Yurman&Metal=Sterling%2520Silver&mag=1&rt=nc
"David Yurman Starburst Stud Earrings Sterling Silver with Diamonds, 19mm",223.0,$223.00,USD,223.0,Pre-Owned,,,,,https://www.ebay.com/itm/358890928948,David Yurman,Sterling Silver,https://www.ebay.com/b/David-Yurman/bn_21823139?Brand=David%2520Yurman&Metal=Sterling%2520Silver&mag=1&rt=nc
David Yurman Sterling Silver And 18kt Gold Multi-layer Wide Crossover Cuff,225.0,$225.00,USD,225.0,Pre-Owned,,,,,https://www.ebay.com/itm/358885274024,David Yurman,Sterling Silver,https://www.ebay.com/b/David-Yurman/bn_21823139?Brand=David%2520Yurman&Metal=Sterling%2520Silver&mag=1&rt=nc
David Yurman Sterling Silver Starburst Earrings with Diamonds,233.26,$233.26,USD,233.26,Pre-Owned,,,,,https://www.ebay.com/itm/188731157088,David Yurman,Sterling Silver,https://www.ebay.com/b/David-Yurman/bn_21823139?Brand=David%2520Yurman&Metal=Sterling%2520Silver&mag=1&rt=nc
David Yurman Sterling Silver Helena Ring with 18K Gold & Diamonds Size 8,227.15,$227.15,USD,227.15,Pre-Owned,,,,,https://www.ebay.com/itm/298560876528,David Yurman,Sterling Silver,https://www.ebay.com/b/David-Yurman/bn_21823139?Brand=David%2520Yurman&Metal=Sterling%2520Silver&mag=1&rt=nc
DAVID YURMAN 925 sterling silver and 18K gold Oval Link Cable Chain bracelet,228.0,$228.00,USD,228.0,Pre-Owned,,,,,https://www.ebay.com/itm/307110418549,David Yurman,Sterling Silver,https://www.ebay.com/b/David-Yurman/bn_21823139?Brand=David%2520Yurman&Metal=Sterling%2520Silver&mag=1&rt=nc
David Yurman Cable Buckle Bracelet 925 Sterling Silver 18K Gold Signed,231.0,$231.00,USD,231.0,Pre-Owned,,,,,https://www.ebay.com/itm/236988637567,David Yurman,Sterling Silver,https://www.ebay.com/b/David-Yurman/bn_21823139?Brand=David%2520Yurman&Metal=Sterling%2520Silver&mag=1&rt=nc
David Yurman Sterling Silver 7mm Chatelaine Earrings With Pave Diamonds Stud,235.0,$235.00,USD,235.0,Pre-Owned,,,,,https://www.ebay.com/itm/398240993931,David Yurman,Sterling Silver,https://www.ebay.com/b/David-Yurman/bn_21823139?Brand=David%2520Yurman&Metal=Sterling%2520Silver&mag=1&rt=nc
David Yurman Mobile Circle Pendant Necklace in Sterling Silver with Diamonds,285.0,$285.00,USD,285.0,Pre-Owned,,,,,https://www.ebay.com/itm/318682780321,David Yurman,Sterling Silver,https://www.ebay.com/b/David-Yurman/bn_21823139?Brand=David%2520Yurman&Metal=Sterling%2520Silver&mag=1&rt=nc
David Yurman 8mm Spiritual Bead Bracelet Lapis Lazuli .925 Sterling Silver 8.5,227.5,$227.50,USD,227.5,Pre-Owned,,,,,https://www.ebay.com/itm/206453777667,David Yurman,Sterling Silver,https://www.ebay.com/b/David-Yurman/bn_21823139?Brand=David%2520Yurman&Metal=Sterling%2520Silver&mag=1&rt=nc
"David Yurman 925 Sterling Silver 8mm Moonstone Spiritual Bead Bracelet 8.5""",195.0,$195.00,USD,195.0,Pre-Owned,,,,,https://www.ebay.com/itm/206458732784,David Yurman,Sterling Silver,https://www.ebay.com/b/David-Yurman/bn_21823139?Brand=David%2520Yurman&Metal=Sterling%2520Silver&mag=1&rt=nc
David Yurman Sterling Silver Spiritual Bead Labradorite Bracelet,299.0,$299.00,USD,299.0,Pre-Owned,,,,,https://www.ebay.com/itm/318652203963,David Yurman,Sterling Silver,https://www.ebay.com/b/David-Yurman/bn_21823139?Brand=David%2520Yurman&Metal=Sterling%2520Silver&mag=1&rt=nc
"David Yurman Sterling Silver Ring, 18k Gold. Pave’ Set Diamonds Size 8.",225.0,$225.00,USD,225.0,Pre-Owned,,,,,https://www.ebay.com/itm/800469516809,David Yurman,Sterling Silver,https://www.ebay.com/b/David-Yurman/bn_21823139?Brand=David%2520Yurman&Metal=Sterling%2520Silver&mag=1&rt=nc
David Yurman Signed 925 Sterling Silver Black Dog Tag Box Chain Necklace,117.2,$117.20,USD,117.2,Pre-Owned,,,,,https://www.ebay.com/itm/377399648941,David Yurman,Sterling Silver,https://www.ebay.com/b/David-Yurman/bn_21823139?Brand=David%2520Yurman&Metal=Sterling%2520Silver&mag=1&rt=nc
"""David Yurman Two-Tone Sterling Silver 18k Gold Cable Crossover Size 8",223.54,$223.54,USD,223.54,Pre-Owned,,,,,https://www.ebay.com/itm/178366174346,David Yurman,Sterling Silver,https://www.ebay.com/b/David-Yurman/bn_21823139?Brand=David%2520Yurman&Metal=Sterling%2520Silver&mag=1&rt=nc
"David Yurman 925 Sterling Silver 7 mm Cable Bangle with Diamond Accent Size M 7""",235.49,$235.49,USD,235.49,Pre-Owned,,,,,https://www.ebay.com/itm/407124001278,David Yurman,Sterling Silver,https://www.ebay.com/b/David-Yurman/bn_21823139?Brand=David%2520Yurman&Metal=Sterling%2520Silver&mag=1&rt=nc
"David Yurman Sterling Silver + 14k Gold Cross Pendant, DY 18-20” Necklace",235.0,$235.00,USD,235.0,Pre-Owned,,,,,https://www.ebay.com/itm/377393510024,David Yurman,Sterling Silver,https://www.ebay.com/b/David-Yurman/bn_21823139?Brand=David%2520Yurman&Metal=Sterling%2520Silver&mag=1&rt=nc
David Yurman Sterling Silver Starburst Earrings with Diamonds,232.0,$232.00,USD,232.0,Pre-Owned,,,,,https://www.ebay.com/itm/800464754591,David Yurman,Sterling Silver,https://www.ebay.com/b/David-Yurman/bn_21823139?Brand=David%2520Yurman&Metal=Sterling%2520Silver&mag=1&rt=nc
David Yurman Sterling Silver Elements Beaded Ball Bolo Bracelet Adjustable,275.0,$275.00,USD,275.0,Pre-Owned,,,,,https://www.ebay.com/itm/206462677285,David Yurman,Sterling Silver,https://www.ebay.com/b/David-Yurman/bn_21823139?Brand=David%2520Yurman&Metal=Sterling%2520Silver&mag=1&rt=nc
David Yurman .925 Sterling Silver Spiritual Beads Bracelet Carnelian With Waves,190.0,$190.00,USD,190.0,Pre-Owned,,,,,https://www.ebay.com/itm/206453746260,David Yurman,Sterling Silver,https://www.ebay.com/b/David-Yurman/bn_21823139?Brand=David%2520Yurman&Metal=Sterling%2520Silver&mag=1&rt=nc
David Yurman 925 sterling silver and 14k gold cable cross necklace,235.65,$235.65,USD,235.65,Pre-Owned,,,,,https://www.ebay.com/itm/800469858311,David Yurman,Sterling Silver,https://www.ebay.com/b/David-Yurman/bn_21823139?Brand=David%2520Yurman&Metal=Sterling%2520Silver&mag=1&rt=nc
David Yurman Sterling Silver Infinity Pave Diamond 14mm Pendant Necklace,260.0,$260.00,USD,260.0,Pre-Owned,,,,,https://www.ebay.com/itm/358888426946,David Yurman,Sterling Silver,https://www.ebay.com/b/David-Yurman/bn_21823139?Brand=David%2520Yurman&Metal=Sterling%2520Silver&mag=1&rt=nc
David Yurman Sterling Silver Starburst Earrings with Diamonds,225.0,$225.00,USD,225.0,Pre-Owned,,,,,https://www.ebay.com/itm/800447713076,David Yurman,Sterling Silver,https://www.ebay.com/b/David-Yurman/bn_21823139?Brand=David%2520Yurman&Metal=Sterling%2520Silver&mag=1&rt=nc
David Yurman Sterling Silver 10mm Blue Topaz Diamond Cable Wrap Earrings 5g J71,150.0,$150.00,USD,150.0,Pre-Owned,,,,,https://www.ebay.com/itm/298553641832,David Yurman,Sterling Silver,https://www.ebay.com/b/David-Yurman/bn_21823139?Brand=David%2520Yurman&Metal=Sterling%2520Silver&mag=1&rt=nc
David Yurman Cable Cuff Bracelet Two-Tone 925 Sterling Silver & Gold Tone,225.09,$225.09,USD,225.09,Pre-Owned,,,,,https://www.ebay.com/itm/336729117456,David Yurman,Sterling Silver,https://www.ebay.com/b/David-Yurman/bn_21823139?Brand=David%2520Yurman&Metal=Sterling%2520Silver&mag=1&rt=nc
David Yurman Sterling Silver Starburst Earrings with Diamonds,225.0,$225.00,USD,225.0,Pre-Owned,,,,,https://www.ebay.com/itm/377388394387,David Yurman,Sterling Silver,https://www.ebay.com/b/David-Yurman/bn_21823139?Brand=David%2520Yurman&Metal=Sterling%2520Silver&mag=1&rt=nc
David Yurman Châtelaine Sterling Silver London Blue Topaz Diamond Ring Sz 6 14mm,700.0,$700.00,USD,700.0,Pre-Owned,,,,,https://www.ebay.com/itm/158160747750,David Yurman,Sterling Silver,https://www.ebay.com/b/David-Yurman/bn_21823139?Brand=David%2520Yurman&Metal=Sterling%2520Silver&mag=1&rt=nc
David Yurman Cable Flex Bracelet 925 Sterling Silver 14K Gold Green Onyx Size L,500.0,$500.00,USD,500.0,Pre-Owned,,,,,https://www.ebay.com/itm/287506241201,David Yurman,Sterling Silver,https://www.ebay.com/b/David-Yurman/bn_21823139?Brand=David%2520Yurman&Metal=Sterling%2520Silver&mag=1&rt=nc
David Yurman Sterling Silver with 18K Yellow Gold & Black Diamond Ring – Size 12,1700.0,"$1,700.00",USD,1700.0,Pre-Owned,,,,,https://www.ebay.com/itm/188729067864,David Yurman,Sterling Silver,https://www.ebay.com/b/David-Yurman/bn_21823139?Brand=David%2520Yurman&Metal=Sterling%2520Silver&mag=1&rt=nc
"David Yurman 'Knot' Sterling Silver 16"" Necklace. J-48",545.0,$545.00,USD,545.0,Pre-Owned,,,,,https://www.ebay.com/itm/398249729638,David Yurman,Sterling Silver,https://www.ebay.com/b/David-Yurman/bn_21823139?Brand=David%2520Yurman&Metal=Sterling%2520Silver&mag=1&rt=nc
David Yurman Signed 925 Sterling Silver Box Chain Bracelet w/ White Pearl,500.0,$500.00,USD,500.0,Pre-Owned,,,,,https://www.ebay.com/itm/398247110851,David Yurman,Sterling Silver,https://www.ebay.com/b/David-Yurman/bn_21823139?Brand=David%2520Yurman&Metal=Sterling%2520Silver&mag=1&rt=nc
David Yurman Diamond Cross Ring Sterling Silver 925 Cable Band Authentic,350.0,$350.00,USD,350.0,Pre-Owned,,,,,https://www.ebay.com/itm/188744986951,David Yurman,Sterling Silver,https://www.ebay.com/b/David-Yurman/bn_21823139?Brand=David%2520Yurman&Metal=Sterling%2520Silver&mag=1&rt=nc
David Yurman Sterling Silver & 14K Gold Cable Cuff Bracelet with Blue Topaz,450.0,$450.00,USD,450.0,Pre-Owned,,,,,https://www.ebay.com/itm/358884764049,David Yurman,Sterling Silver,https://www.ebay.com/b/David-Yurman/bn_21823139?Brand=David%2520Yurman&Metal=Sterling%2520Silver&mag=1&rt=nc
David Yurman X Cross Necklace in Sterling Silver and 14K Gold,245.65,$245.65,USD,245.65,Pre-Owned,,,,,https://www.ebay.com/itm/800448102955,David Yurman,Sterling Silver,https://www.ebay.com/b/David-Yurman/bn_21823139?Brand=David%2520Yurman&Metal=Sterling%2520Silver&mag=1&rt=nc
David Yurman Signed Sterling Silver & 14K Gold Cable Bracelet w/ White Pearls,400.0,$400.00,USD,400.0,Pre-Owned,,,,,https://www.ebay.com/itm/178373954527,David Yurman,Sterling Silver,https://www.ebay.com/b/David-Yurman/bn_21823139?Brand=David%2520Yurman&Metal=Sterling%2520Silver&mag=1&rt=nc
David Yurman Sterling Silver & 14K Gold Cable Cuff Bracelet with Blue Topaz,449.0,$449.00,USD,449.0,Pre-Owned,,,,,https://www.ebay.com/itm/178373959991,David Yurman,Sterling Silver,https://www.ebay.com/b/David-Yurman/bn_21823139?Brand=David%2520Yurman&Metal=Sterling%2520Silver&mag=1&rt=nc
David Yurman 3mm Sterling Silver 14K Gold Diamond Cable Buckle Bracelet Sz S,749.0,$749.00,USD,749.0,Pre-Owned,,,,,https://www.ebay.com/itm/178373977355,David Yurman,Sterling Silver,https://www.ebay.com/b/David-Yurman/bn_21823139?Brand=David%2520Yurman&Metal=Sterling%2520Silver&mag=1&rt=nc
"David Yurman Wellesley Long Sterling Silver Diamond Necklace 36"" w/ Box",1749.99,"$1,749.99",USD,1749.99,Pre-Owned,,,,,https://www.ebay.com/itm/298547914102,David Yurman,Sterling Silver,https://www.ebay.com/b/David-Yurman/bn_21823139?Brand=David%2520Yurman&Metal=Sterling%2520Silver&mag=1&rt=nc
Retired David Yurman 925 Sterling Silver Diamond Quatrefoil Lariat Necklace,925.0,$925.00,USD,925.0,Pre-Owned,,,,,https://www.ebay.com/itm/336722122845,David Yurman,Sterling Silver,https://www.ebay.com/b/David-Yurman/bn_21823139?Brand=David%2520Yurman&Metal=Sterling%2520Silver&mag=1&rt=nc
David Yurman 925 Sterling Silver Infinity 14mm Amethyst Pendant Necklace 16-18”,449.0,$449.00,USD,449.0,Pre-Owned,,,,,https://www.ebay.com/itm/206467151624,David Yurman,Sterling Silver,https://www.ebay.com/b/David-Yurman/bn_21823139?Brand=David%2520Yurman&Metal=Sterling%2520Silver&mag=1&rt=nc
David Yurman 925 Sterling Silver Pearl & Diamond Ring Size 7.5 4.5mm Band,430.0,$430.00,USD,430.0,Brand New,,,,,https://www.ebay.com/itm/198547824156,David Yurman,Sterling Silver,https://www.ebay.com/b/David-Yurman/bn_21823139?Brand=David%2520Yurman&Metal=Sterling%2520Silver&mag=1&rt=nc
"David Yurman Box Chain Necklace in Sterling Silver 925 22inch, 2.7mm",260.0,$260.00,USD,260.0,Pre-Owned,,,,,https://www.ebay.com/itm/267746576301,David Yurman,Sterling Silver,https://www.ebay.com/b/David-Yurman/bn_21823139?Brand=David%2520Yurman&Metal=Sterling%2520Silver&mag=1&rt=nc
David Yurman 925 Sterling Silver Pearl Twisted Wire Bangle Bracelet M,224.28,$224.28,USD,224.28,Pre-Owned,,,,,https://www.ebay.com/itm/287504497545,David Yurman,Sterling Silver,https://www.ebay.com/b/David-Yurman/bn_21823139?Brand=David%2520Yurman&Metal=Sterling%2520Silver&mag=1&rt=nc
"David Yurman Sterling Silver 3.6mm Box Chain Bracelet 8"" EUC medium",260.0,$260.00,USD,260.0,Pre-Owned,,,,,https://www.ebay.com/itm/227458030982,David Yurman,Sterling Silver,https://www.ebay.com/b/David-Yurman/bn_21823139?Brand=David%2520Yurman&Metal=Sterling%2520Silver&mag=1&rt=nc
David Yurman Sterling Silver and 14K Yellow Gold Cable  Post Earrings,252.0,$252.00,USD,252.0,Pre-Owned,,,,,https://www.ebay.com/itm/236989564556,David Yurman,Sterling Silver,https://www.ebay.com/b/David-Yurman/bn_21823139?Brand=David%2520Yurman&Metal=Sterling%2520Silver&mag=1&rt=nc
David Yurman Oval Link 18K Gold 750 & Sterling Silver 925 Bracelet 28.2g,350.0,$350.00,USD,350.0,Pre-Owned,,,,,https://www.ebay.com/itm/206465660958,David Yurman,Sterling Silver,https://www.ebay.com/b/David-Yurman/bn_21823139?Brand=David%2520Yurman&Metal=Sterling%2520Silver&mag=1&rt=nc
David Yurman 925 Sterling Silver Petite Cross Chain Bracelet with Pave Diamonds,349.99,$349.99,USD,349.99,Pre-Owned,,,,,https://www.ebay.com/itm/307109945815,David Yurman,Sterling Silver,https://www.ebay.com/b/David-Yurman/bn_21823139?Brand=David%2520Yurman&Metal=Sterling%2520Silver&mag=1&rt=nc
"David Yurman Diamond Buckle Curb Chain Necklace | Sterling Silver 925 | 17.25""",1195.0,"$1,195.00",USD,1195.0,Pre-Owned,,,,,https://www.ebay.com/itm/257665334456,David Yurman,Sterling Silver,https://www.ebay.com/b/David-Yurman/bn_21823139?Brand=David%2520Yurman&Metal=Sterling%2520Silver&mag=1&rt=nc
Vintage David Yurman 925 Sterling Silver Cable Bangle Bracelet (14.75 Grams),250.0,$250.00,USD,250.0,Pre-Owned,,,,,https://www.ebay.com/itm/188738541344,David Yurman,Sterling Silver,https://www.ebay.com/b/David-Yurman/bn_21823139?Brand=David%2520Yurman&Metal=Sterling%2520Silver&mag=1&rt=nc
"David Yurman Sterling Silver Men's Chevron Band Ring, 8 mm - Size 10",340.0,$340.00,USD,340.0,Pre-Owned,,,,,https://www.ebay.com/itm/137582267560,David Yurman,Sterling Silver,https://www.ebay.com/b/David-Yurman/bn_21823139?Brand=David%2520Yurman&Metal=Sterling%2520Silver&mag=1&rt=nc
David Yurman Sterling Silver X Crossover Diamond Band Ring. Size 4 (B6),174.0,$174.00,USD,174.0,Pre-Owned,,,,,https://www.ebay.com/itm/278251231500,David Yurman,Sterling Silver,https://www.ebay.com/b/David-Yurman/bn_21823139?Brand=David%2520Yurman&Metal=Sterling%2520Silver&mag=1&rt=nc
DAVID YURMAN STERLING SILVER ARMORY LINK BRACELET circa 2012,599.0,$599.00,USD,599.0,Pre-Owned,,,,,https://www.ebay.com/itm/298553643625,David Yurman,Sterling Silver,https://www.ebay.com/b/David-Yurman/bn_21823139?Brand=David%2520Yurman&Metal=Sterling%2520Silver&mag=1&rt=nc
David Yurman Sterling Silver Dragon Amulet,290.0,$290.00,USD,290.0,Pre-Owned,,,,,https://www.ebay.com/itm/398243115452,David Yurman,Sterling Silver,https://www.ebay.com/b/David-Yurman/bn_21823139?Brand=David%2520Yurman&Metal=Sterling%2520Silver&mag=1&rt=nc
David yurman Sterling silver 925 Diamond Pave stud Albion earrings 11x11 mm,325.0,$325.00,USD,325.0,Pre-Owned,,,,,https://www.ebay.com/itm/358863727375,David Yurman,Sterling Silver,https://www.ebay.com/b/David-Yurman/bn_21823139?Brand=David%2520Yurman&Metal=Sterling%2520Silver&mag=1&rt=nc
David Yurman Sterling Silver Wide Cable Crossover Band Ring Size 8,108.4,$108.40,USD,108.4,Pre-Owned,,,,,https://www.ebay.com/itm/366587996469,David Yurman,Sterling Silver,https://www.ebay.com/b/David-Yurman/bn_21823139?Brand=David%2520Yurman&Metal=Sterling%2520Silver&mag=1&rt=nc
David Yurman Starburst Necklace with Pendant 925 Sterling Silver,118.0,$118.00,USD,118.0,Pre-Owned,,,,,https://www.ebay.com/itm/398250973139,David Yurman,Sterling Silver,https://www.ebay.com/b/David-Yurman/bn_21823139?Brand=David%2520Yurman&Metal=Sterling%2520Silver&mag=1&rt=nc
David Yurman Sterling Silver 925 Wheat Bracelet | 14k Accents | 7”,450.0,$450.00,USD,450.0,Pre-Owned,,,,,https://www.ebay.com/itm/377391393197,David Yurman,Sterling Silver,https://www.ebay.com/b/David-Yurman/bn_21823139?Brand=David%2520Yurman&Metal=Sterling%2520Silver&mag=1&rt=nc
David Yurman Sterling Silver Turquoise Diamond Cable Stud Earrings 925,279.0,$279.00,USD,279.0,Pre-Owned,,,,,https://www.ebay.com/itm/358875607424,David Yurman,Sterling Silver,https://www.ebay.com/b/David-Yurman/bn_21823139?Brand=David%2520Yurman&Metal=Sterling%2520Silver&mag=1&rt=nc
David Yurman Necklace Sterling Silver & 18K Yellow Gold Interlocking Circles,465.0,$465.00,USD,465.0,Pre-Owned,,,,,https://www.ebay.com/itm/236989594830,David Yurman,Sterling Silver,https://www.ebay.com/b/David-Yurman/bn_21823139?Brand=David%2520Yurman&Metal=Sterling%2520Silver&mag=1&rt=nc
David Yurman Double Twisted Cable Hoop Earrings Sterling Silver with Pouch,260.0,$260.00,USD,260.0,Brand New,,,,,https://www.ebay.com/itm/147481121400,David Yurman,Sterling Silver,https://www.ebay.com/b/David-Yurman/bn_21823139?Brand=David%2520Yurman&Metal=Sterling%2520Silver&mag=1&rt=nc
David Yurman 925 Sterling Silver Blue Enamel Box Chain Necklace,450.0,$450.00,USD,450.0,Pre-Owned,,,,,https://www.ebay.com/itm/800445430482,David Yurman,Sterling Silver,https://www.ebay.com/b/David-Yurman/bn_21823139?Brand=David%2520Yurman&Metal=Sterling%2520Silver&mag=1&rt=nc
David Yurman Sterling Silver Pave Diamond Dog Tag Pendant 27mm Necklace ~20-22in,700.0,$700.00,USD,700.0,Pre-Owned,,,,,https://www.ebay.com/itm/267747482243,David Yurman,Sterling Silver,https://www.ebay.com/b/David-Yurman/bn_21823139?Brand=David%2520Yurman&Metal=Sterling%2520Silver&mag=1&rt=nc
David Yurman Sterling Silver Mary Amulet Pendant 20mm,280.0,$280.00,USD,280.0,Pre-Owned,,,,,https://www.ebay.com/itm/398243098064,David Yurman,Sterling Silver,https://www.ebay.com/b/David-Yurman/bn_21823139?Brand=David%2520Yurman&Metal=Sterling%2520Silver&mag=1&rt=nc
David Yurman Sterling Silver Lapis Lazuli Diamond Cable Stud Earrings 925,329.0,$329.00,USD,329.0,Pre-Owned,,,,,https://www.ebay.com/itm/358875613596,David Yurman,Sterling Silver,https://www.ebay.com/b/David-Yurman/bn_21823139?Brand=David%2520Yurman&Metal=Sterling%2520Silver&mag=1&rt=nc
David Yurman 925 Sterling Silver 8mm Red Tiger Eye Spiritual Bead Bracelet 8.5',199.0,$199.00,USD,199.0,Pre-Owned,,,,,https://www.ebay.com/itm/307109945062,David Yurman,Sterling Silver,https://www.ebay.com/b/David-Yurman/bn_21823139?Brand=David%2520Yurman&Metal=Sterling%2520Silver&mag=1&rt=nc
David Yurman Sterling Silver Petite Puffy Cable Heart Necklace 18”,230.0,$230.00,USD,230.0,Pre-Owned,,,,,https://www.ebay.com/itm/398243147821,David Yurman,Sterling Silver,https://www.ebay.com/b/David-Yurman/bn_21823139?Brand=David%2520Yurman&Metal=Sterling%2520Silver&mag=1&rt=nc
David Yurman Sterling Silver 18K Gold Double Wheat Chain Bracelet Two Tone,1200.0,"$1,200.00",USD,1200.0,Pre-Owned,,,,,https://www.ebay.com/itm/407123831267,David Yurman,Sterling Silver,https://www.ebay.com/b/David-Yurman/bn_21823139?Brand=David%2520Yurman&Metal=Sterling%2520Silver&mag=1&rt=nc
David Yurman Waves Band Ring 925 Sterling Silver 18K Gold Pave Diamond Sz 9.5,3499.0,"$3,499.00",USD,3499.0,Pre-Owned,,,,,https://www.ebay.com/itm/227463588265,David Yurman,Sterling Silver,https://www.ebay.com/b/David-Yurman/bn_21823139?Brand=David%2520Yurman&Metal=Sterling%2520Silver&mag=1&rt=nc
David Yurman 7mm Sterling Silver Peridot Cable Classic Bracelet w/ Diamonds - M,377.75,$377.75,USD,377.75,Pre-Owned,,,,,https://www.ebay.com/itm/366580165060,David Yurman,Sterling Silver,https://www.ebay.com/b/David-Yurman/bn_21823139?Brand=David%2520Yurman&Metal=Sterling%2520Silver&mag=1&rt=nc
David Yurman 4MM Cable Bracelet Hampton Blue Topaz With Diamonds Sterling Silver,450.0,$450.00,USD,450.0,Pre-Owned,,,,,https://www.ebay.com/itm/287501731583,David Yurman,Sterling Silver,https://www.ebay.com/b/David-Yurman/bn_21823139?Brand=David%2520Yurman&Metal=Sterling%2520Silver&mag=1&rt=nc
Vintage David Yurman 925 Sterling Silver Twisted Cable Bangle Cuff Bracelet,325.0,$325.00,USD,325.0,Pre-Owned,,,,,https://www.ebay.com/itm/188738546593,David Yurman,Sterling Silver,https://www.ebay.com/b/David-Yurman/bn_21823139?Brand=David%2520Yurman&Metal=Sterling%2520Silver&mag=1&rt=nc
David Yurman Sterling Silver 925 Petite Pave Diamond Huggie Hoop Earrings 14mm,300.0,$300.00,USD,300.0,Pre-Owned,,,,,https://www.ebay.com/itm/137590459383,David Yurman,Sterling Silver,https://www.ebay.com/b/David-Yurman/bn_21823139?Brand=David%2520Yurman&Metal=Sterling%2520Silver&mag=1&rt=nc
David Yurman Albion Green Prasiolite Halo Pendant Necklace Sterling Silver 925,449.0,$449.00,USD,449.0,Pre-Owned,,,,,https://www.ebay.com/itm/358875673295,David Yurman,Sterling Silver,https://www.ebay.com/b/David-Yurman/bn_21823139?Brand=David%2520Yurman&Metal=Sterling%2520Silver&mag=1&rt=nc
David Yurman 925 Sterling Silver Yellow Citrine Diamond 17mm Albion Ring size 8,328.0,$328.00,USD,328.0,Pre-Owned,,,,,https://www.ebay.com/itm/366576001309,David Yurman,Sterling Silver,https://www.ebay.com/b/David-Yurman/bn_21823139?Brand=David%2520Yurman&Metal=Sterling%2520Silver&mag=1&rt=nc
David Yurman 925 Sterling Silver Purple Amethyst Diamond Albion 17mm Ring Size 8,329.0,$329.00,USD,329.0,Pre-Owned,,,,,https://www.ebay.com/itm/377383219920,David Yurman,Sterling Silver,https://www.ebay.com/b/David-Yurman/bn_21823139?Brand=David%2520Yurman&Metal=Sterling%2520Silver&mag=1&rt=nc
David Yurman Sterling Silver Wheaton Ring with Diamonds Sz 9,152.0,$152.00,USD,152.0,Pre-Owned,,,,,https://www.ebay.com/itm/287504123707,David Yurman,Sterling Silver,https://www.ebay.com/b/David-Yurman/bn_21823139?Brand=David%2520Yurman&Metal=Sterling%2520Silver&mag=1&rt=nc
David Yurman Helena Ring 15mm Sterling Silver w/ 18K Gold & Diamonds sz 8,123.0,$123.00,USD,123.0,Pre-Owned,,,,,https://www.ebay.com/itm/287504128868,David Yurman,Sterling Silver,https://www.ebay.com/b/David-Yurman/bn_21823139?Brand=David%2520Yurman&Metal=Sterling%2520Silver&mag=1&rt=nc
David Yurman Sterling Silver 925 Blue Topaz Diamond 20x16mm Wheaton Ring Size 8,325.0,$325.00,USD,325.0,Pre-Owned,,,,,https://www.ebay.com/itm/358868128801,David Yurman,Sterling Silver,https://www.ebay.com/b/David-Yurman/bn_21823139?Brand=David%2520Yurman&Metal=Sterling%2520Silver&mag=1&rt=nc
David Yurman Sterling Silver 14k Gold Jumbo Door Knocker Cable Earrings,274.95,$274.95,USD,274.95,Pre-Owned,,,,,https://www.ebay.com/itm/147478637133,David Yurman,Sterling Silver,https://www.ebay.com/b/David-Yurman/bn_21823139?Brand=David%2520Yurman&Metal=Sterling%2520Silver&mag=1&rt=nc
David Yurman 925 Sterling Silver  citrine earrings,189.0,$189.00,USD,189.0,Pre-Owned,,,,,https://www.ebay.com/itm/800449723316,David Yurman,Sterling Silver,https://www.ebay.com/b/David-Yurman/bn_21823139?Brand=David%2520Yurman&Metal=Sterling%2520Silver&mag=1&rt=nc
David Yurman 925 Sterling Silver & 14k Yellow Gold Cable Shrimp Ring Size 6,300.0,$300.00,USD,300.0,Pre-Owned,,,,,https://www.ebay.com/itm/128009144445,David Yurman,Sterling Silver,https://www.ebay.com/b/David-Yurman/bn_21823139?Brand=David%2520Yurman&Metal=Sterling%2520Silver&mag=1&rt=nc
Auth David yurman 925 sterling silver cable pinky ring,350.0,$350.00,USD,350.0,Pre-Owned,,,,,https://www.ebay.com/itm/327292680382,David Yurman,Sterling Silver,https://www.ebay.com/b/David-Yurman/bn_21823139?Brand=David%2520Yurman&Metal=Sterling%2520Silver&mag=1&rt=nc
David Yurman Sterling Silver 925 black onyx  14 mm cushion on point ring size 6,289.0,$289.00,USD,289.0,Pre-Owned,,,,,https://www.ebay.com/itm/358863629317,David Yurman,Sterling Silver,https://www.ebay.com/b/David-Yurman/bn_21823139?Brand=David%2520Yurman&Metal=Sterling%2520Silver&mag=1&rt=nc
David Yurman Sterling Silver Prasiolite Infinity Earrings,289.0,$289.00,USD,289.0,Pre-Owned,,,,,https://www.ebay.com/itm/358875622342,David Yurman,Sterling Silver,https://www.ebay.com/b/David-Yurman/bn_21823139?Brand=David%2520Yurman&Metal=Sterling%2520Silver&mag=1&rt=nc
David Yurman Dy Madison Chain Bracelet Sterling Silver 18K Yellow Gold 7.25in,900.0,$900.00,USD,900.0,Pre-Owned,,,,,https://www.ebay.com/itm/366585853460,David Yurman,Sterling Silver,https://www.ebay.com/b/David-Yurman/bn_21823139?Brand=David%2520Yurman&Metal=Sterling%2520Silver&mag=1&rt=nc
David Yurman Yellow Citrine Pavé Halo Earrings 925 Sterling Silver,215.0,$215.00,USD,215.0,Pre-Owned,,,,,https://www.ebay.com/itm/227461065514,David Yurman,Sterling Silver,https://www.ebay.com/b/David-Yurman/bn_21823139?Brand=David%2520Yurman&Metal=Sterling%2520Silver&mag=1&rt=nc
David Yurman Sterling Silver Albion Ring 11mm Prasiolite and Diamonds Size 7,549.0,$549.00,USD,549.0,Pre-Owned,,,,,https://www.ebay.com/itm/358875685564,David Yurman,Sterling Silver,https://www.ebay.com/b/David-Yurman/bn_21823139?Brand=David%2520Yurman&Metal=Sterling%2520Silver&mag=1&rt=nc
David Yurman Red Tiger Eye Beaded Bracelet 925 Sterling Silver Adjustable,159.99,$159.99,USD,159.99,Pre-Owned,,,,,https://www.ebay.com/itm/227461062721,David Yurman,Sterling Silver,https://www.ebay.com/b/David-Yurman/bn_21823139?Brand=David%2520Yurman&Metal=Sterling%2520Silver&mag=1&rt=nc
David Yurman 925 Sterling Silver Citrine 14x14 mm cushion on point Ring Size 6.5,290.0,$290.00,USD,290.0,Pre-Owned,,,,,https://www.ebay.com/itm/377383093017,David Yurman,Sterling Silver,https://www.ebay.com/b/David-Yurman/bn_21823139?Brand=David%2520Yurman&Metal=Sterling%2520Silver&mag=1&rt=nc
David Yurman 925 Sterling Silver Red Garnet Diamond Wheaton 10x8mm Ring Size 7,269.0,$269.00,USD,269.0,Pre-Owned,,,,,https://www.ebay.com/itm/287494330441,David Yurman,Sterling Silver,https://www.ebay.com/b/David-Yurman/bn_21823139?Brand=David%2520Yurman&Metal=Sterling%2520Silver&mag=1&rt=nc
David Yurman 925 Sterling Silver Peridot And Diamond wheaton 10x8mm Ring size 7,280.0,$280.00,USD,280.0,Pre-Owned,,,,,https://www.ebay.com/itm/147473271776,David Yurman,Sterling Silver,https://www.ebay.com/b/David-Yurman/bn_21823139?Brand=David%2520Yurman&Metal=Sterling%2520Silver&mag=1&rt=nc
David Yurman 925 Sterling Silver Blue Topaz Wheaton Diamond 20x16mm Ring size 7,309.0,$309.00,USD,309.0,Pre-Owned,,,,,https://www.ebay.com/itm/398232659874,David Yurman,Sterling Silver,https://www.ebay.com/b/David-Yurman/bn_21823139?Brand=David%2520Yurman&Metal=Sterling%2520Silver&mag=1&rt=nc
David Yurman CABLE HOOP EARRINGS Sterling Silver 925 1.5in Approx.,359.0,$359.00,USD,359.0,Pre-Owned,,,,,https://www.ebay.com/itm/147482813713,David Yurman,Sterling Silver,https://www.ebay.com/b/David-Yurman/bn_21823139?Brand=David%2520Yurman&Metal=Sterling%2520Silver&mag=1&rt=nc
David Yurman 925 Sterling Silver Tides Blue Topaz Diamond 16x12mm Ring Size 6,319.0,$319.00,USD,319.0,Pre-Owned,,,,,https://www.ebay.com/itm/236974581540,David Yurman,Sterling Silver,https://www.ebay.com/b/David-Yurman/bn_21823139?Brand=David%2520Yurman&Metal=Sterling%2520Silver&mag=1&rt=nc
David Yurman Sterling Silver 17MM  Amethyst & Diamond Albion Ring  Size 7,1250.0,"$1,250.00",USD,1250.0,Pre-Owned,,,,,https://www.ebay.com/itm/137581984934,David Yurman,Sterling Silver,https://www.ebay.com/b/David-Yurman/bn_21823139?Brand=David%2520Yurman&Metal=Sterling%2520Silver&mag=1&rt=nc
"David Yurman Men's Sterling Silver Chevron Cross Pendant & 22"" Box Chain Set.",495.0,$495.00,USD,495.0,Pre-Owned,,,,,https://www.ebay.com/itm/407123748177,David Yurman,Sterling Silver,https://www.ebay.com/b/David-Yurman/bn_21823139?Brand=David%2520Yurman&Metal=Sterling%2520Silver&mag=1&rt=nc
David Yurman 925 Sterling Silver 18k Lion 19mm. Size 9,999.0,$999.00,USD,999.0,Pre-Owned,,,,,https://www.ebay.com/itm/227463606906,David Yurman,Sterling Silver,https://www.ebay.com/b/David-Yurman/bn_21823139?Brand=David%2520Yurman&Metal=Sterling%2520Silver&mag=1&rt=nc
"Authentic David Yurman Sterling Silver Black Onyx Cable Pendant Necklace 18"" 925",249.0,$249.00,USD,249.0,Pre-Owned,,,,,https://www.ebay.com/itm/358875649758,David Yurman,Sterling Silver,https://www.ebay.com/b/David-Yurman/bn_21823139?Brand=David%2520Yurman&Metal=Sterling%2520Silver&mag=1&rt=nc
David Yurman  925 Sterling Silver Elements PEARL Bead Element Bracelet,375.0,$375.00,USD,375.0,Pre-Owned,,,,,https://www.ebay.com/itm/287478713280,David Yurman,Sterling Silver,https://www.ebay.com/b/David-Yurman/bn_21823139?Brand=David%2520Yurman&Metal=Sterling%2520Silver&mag=1&rt=nc
Authentic David Yurman 925 Sterling Silver Diamond Heart Cable Bracelet Medium,305.0,$305.00,USD,305.0,Pre-Owned,,,,,https://www.ebay.com/itm/206458102145,David Yurman,Sterling Silver,https://www.ebay.com/b/David-Yurman/bn_21823139?Brand=David%2520Yurman&Metal=Sterling%2520Silver&mag=1&rt=nc
David Yurman Sculpted Cable Dome Band - Yellow Gold 18k SZ 7 Ring,2159.99,"$2,159.99",USD,2159.99,Pre-Owned,,,,,https://www.ebay.com/itm/377098201084,David Yurman,Yellow Gold,https://www.ebay.com/b/David-Yurman/bn_21823139?Brand=David%2520Yurman&Metal=Yellow%2520Gold&mag=1&rt=nc
"David Yurman Box Chain Necklace 18k Gold Tag 16"" 3.7mm",8999.99,"$8,999.99",USD,8999.99,Pre-Owned,,,,,https://www.ebay.com/itm/389649109855,David Yurman,Yellow Gold,https://www.ebay.com/b/David-Yurman/bn_21823139?Brand=David%2520Yurman&Metal=Yellow%2520Gold&mag=1&rt=nc
David Yurman 0.30ctw Diamond Black Pearl Clover Lariat Necklace 18K Yellow Gold,18999.99,"$18,999.99",USD,18999.99,Pre-Owned,,,,,https://www.ebay.com/itm/388279752475,David Yurman,Yellow Gold,https://www.ebay.com/b/David-Yurman/bn_21823139?Brand=David%2520Yurman&Metal=Yellow%2520Gold&mag=1&rt=nc
David Yurman 0.60ctw Pink Tourmaline Solitaire Ring 18k Yellow Gold Size 6,1799.99,"$1,799.99",USD,1799.99,Pre-Owned,,,,,https://www.ebay.com/itm/389208064472,David Yurman,Yellow Gold,https://www.ebay.com/b/David-Yurman/bn_21823139?Brand=David%2520Yurman&Metal=Yellow%2520Gold&mag=1&rt=nc
David Yurman 18K Yellow Gold Mens Box Chain Necklace 1.7mm 23” $2650+,2389.0,"$2,389.00",USD,2389.0,Brand New,,,,,https://www.ebay.com/itm/206421594630,David Yurman,Yellow Gold,https://www.ebay.com/b/David-Yurman/bn_21823139?Brand=David%2520Yurman&Metal=Yellow%2520Gold&mag=1&rt=nc
David Yurman 18k Yellow Gold Box Chain 1mm 18” Adjustable,1040.0,"$1,040.00",USD,1040.0,Pre-Owned,,,,,https://www.ebay.com/itm/117344413166,David Yurman,Yellow Gold,https://www.ebay.com/b/David-Yurman/bn_21823139?Brand=David%2520Yurman&Metal=Yellow%2520Gold&mag=1&rt=nc
David Yurman 1mm 18k Yellow Gold Box Chain 18” Adjustable ACT NOW,1165.0,"$1,165.00",USD,1165.0,Pre-Owned,,,,,https://www.ebay.com/itm/128014160319,David Yurman,Yellow Gold,https://www.ebay.com/b/David-Yurman/bn_21823139?Brand=David%2520Yurman&Metal=Yellow%2520Gold&mag=1&rt=nc
David Yurman 18k Yellow Gold Box Chain Necklace 1.7mm 16 17 18” Adjustable,2390.0,"$2,390.00",USD,2390.0,Brand New,,,,,https://www.ebay.com/itm/206406411256,David Yurman,Yellow Gold,https://www.ebay.com/b/David-Yurman/bn_21823139?Brand=David%2520Yurman&Metal=Yellow%2520Gold&mag=1&rt=nc
David Yurman 18K Yellow Gold 2.7mm Chain Box Necklace $4950 Retail / 22”,3850.0,"$3,850.00",USD,3850.0,Pre-Owned,,,,,https://www.ebay.com/itm/147422797516,David Yurman,Yellow Gold,https://www.ebay.com/b/David-Yurman/bn_21823139?Brand=David%2520Yurman&Metal=Yellow%2520Gold&mag=1&rt=nc
"David Yurman 18K Yellow Gold Fluted Link Bracelet 8.5"" L 5mm Thick",3950.0,"$3,950.00",USD,3950.0,Pre-Owned,,,,,https://www.ebay.com/itm/127978499672,David Yurman,Yellow Gold,https://www.ebay.com/b/David-Yurman/bn_21823139?Brand=David%2520Yurman&Metal=Yellow%2520Gold&mag=1&rt=nc
David Yurman 18K Yellow Gold 1.7mm Chain Box Necklace $2600 Retail / 22”,1995.0,"$1,995.00",USD,1995.0,Pre-Owned,,,,,https://www.ebay.com/itm/147456618319,David Yurman,Yellow Gold,https://www.ebay.com/b/David-Yurman/bn_21823139?Brand=David%2520Yurman&Metal=Yellow%2520Gold&mag=1&rt=nc
David Yurman Cablespira 18k Yellow Gold & Diamond Domes Flex Bracelet $3700 New,3095.0,"$3,095.00",USD,3095.0,New (Other),,,,,https://www.ebay.com/itm/147422791785,David Yurman,Yellow Gold,https://www.ebay.com/b/David-Yurman/bn_21823139?Brand=David%2520Yurman&Metal=Yellow%2520Gold&mag=1&rt=nc
David Yurman Cable Collectibles Pavé Plate Pendant w/ 18K Yellow Gold & Diamonds,900.0,$900.00,USD,900.0,Pre-Owned,,,,,https://www.ebay.com/itm/287497498942,David Yurman,Yellow Gold,https://www.ebay.com/b/David-Yurman/bn_21823139?Brand=David%2520Yurman&Metal=Yellow%2520Gold&mag=1&rt=nc
David Yurman Bracelet 18K Yellow Gold Black Rubber Streamline ID Collection,2950.0,"$2,950.00",USD,2950.0,Brand New,,,,,https://www.ebay.com/itm/406968282746,David Yurman,Yellow Gold,https://www.ebay.com/b/David-Yurman/bn_21823139?Brand=David%2520Yurman&Metal=Yellow%2520Gold&mag=1&rt=nc
David Yurman 7mm Cable Sterling Silver Peridot and 14K Yellow Gold Bracelet M,193.61,$193.61,USD,193.61,Pre-Owned,,,,,https://www.ebay.com/itm/318679958292,David Yurman,Yellow Gold,https://www.ebay.com/b/David-Yurman/bn_21823139?Brand=David%2520Yurman&Metal=Yellow%2520Gold&mag=1&rt=nc
David Yurman Cable Loop Band Ring Sterling Silver with 18k Yellow Gold,289.0,$289.00,USD,289.0,Pre-Owned,,,,,https://www.ebay.com/itm/377108563128,David Yurman,Yellow Gold,https://www.ebay.com/b/David-Yurman/bn_21823139?Brand=David%2520Yurman&Metal=Yellow%2520Gold&mag=1&rt=nc
David Yurman Shipwreck Coin Amulet in 18K Yellow Gold,1150.0,"$1,150.00",USD,1150.0,Pre-Owned,,,,,https://www.ebay.com/itm/287501284667,David Yurman,Yellow Gold,https://www.ebay.com/b/David-Yurman/bn_21823139?Brand=David%2520Yurman&Metal=Yellow%2520Gold&mag=1&rt=nc
David Yurman 18K Yellow Gold Heart Amulet Pendant + 14K Unbranded Neckla,2025.0,"$2,025.00",USD,2025.0,Pre-Owned,,,,,https://www.ebay.com/itm/206460300877,David Yurman,Yellow Gold,https://www.ebay.com/b/David-Yurman/bn_21823139?Brand=David%2520Yurman&Metal=Yellow%2520Gold&mag=1&rt=nc
VINTAGE DESIGNER DAVID YURMAN PETITE PAVE DIAMOND BAR BRACELET 18K YELLOW GOLD,707.0,$707.00,USD,707.0,Pre-Owned,,,,,https://www.ebay.com/itm/800455118115,David Yurman,Yellow Gold,https://www.ebay.com/b/David-Yurman/bn_21823139?Brand=David%2520Yurman&Metal=Yellow%2520Gold&mag=1&rt=nc
David Yurman 18k Yellow Gold 0.16Ctw Diamonds Cablespira Flex Bracelet $2750,2195.0,"$2,195.00",USD,2195.0,Pre-Owned,,,,,https://www.ebay.com/itm/147405067124,David Yurman,Yellow Gold,https://www.ebay.com/b/David-Yurman/bn_21823139?Brand=David%2520Yurman&Metal=Yellow%2520Gold&mag=1&rt=nc
David Yurman 18K Yellow Gold 2.7mm Chain Box Necklace $4650 Retail / 20”,3250.0,"$3,250.00",USD,3250.0,Pre-Owned,,,,,https://www.ebay.com/itm/318668717474,David Yurman,Yellow Gold,https://www.ebay.com/b/David-Yurman/bn_21823139?Brand=David%2520Yurman&Metal=Yellow%2520Gold&mag=1&rt=nc
David Yurman Waves Dagger Amulet in 18K Yellow Gold and Diamonds,2095.0,"$2,095.00",USD,2095.0,Pre-Owned,,,,,https://www.ebay.com/itm/287501269554,David Yurman,Yellow Gold,https://www.ebay.com/b/David-Yurman/bn_21823139?Brand=David%2520Yurman&Metal=Yellow%2520Gold&mag=1&rt=nc
"David Yurman Box Chain Necklace 18K Yellow Gold, 2.7mm, 22 in",4500.0,"$4,500.00",USD,4500.0,New (Other),,,,,https://www.ebay.com/itm/318674060937,David Yurman,Yellow Gold,https://www.ebay.com/b/David-Yurman/bn_21823139?Brand=David%2520Yurman&Metal=Yellow%2520Gold&mag=1&rt=nc
David Yurman Bel Aire Box Chain Bracelet in 18 Karat Yellow Gold,3425.0,"$3,425.00",USD,3425.0,Pre-Owned,,,,,https://www.ebay.com/itm/137582343007,David Yurman,Yellow Gold,https://www.ebay.com/b/David-Yurman/bn_21823139?Brand=David%2520Yurman&Metal=Yellow%2520Gold&mag=1&rt=nc
David Yurman 18k Yellow Gold Diamonds Buckle Cablespira Bracelet $4600 New,3995.0,"$3,995.00",USD,3995.0,New (Other),,,,,https://www.ebay.com/itm/147442969974,David Yurman,Yellow Gold,https://www.ebay.com/b/David-Yurman/bn_21823139?Brand=David%2520Yurman&Metal=Yellow%2520Gold&mag=1&rt=nc
"David Yurman Snake Amulet 18K Yellow Gold with Diamonds, 18.8mm",1850.0,"$1,850.00",USD,1850.0,Pre-Owned,,,,,https://www.ebay.com/itm/307088065767,David Yurman,Yellow Gold,https://www.ebay.com/b/David-Yurman/bn_21823139?Brand=David%2520Yurman&Metal=Yellow%2520Gold&mag=1&rt=nc
David Yurman 18k Yellow Gold Square Tigers Eye Signet Size 10.75 Ring #J311844-1,1826.0,"$1,826.00",USD,1826.0,Pre-Owned,,,,,https://www.ebay.com/itm/257649298278,David Yurman,Yellow Gold,https://www.ebay.com/b/David-Yurman/bn_21823139?Brand=David%2520Yurman&Metal=Yellow%2520Gold&mag=1&rt=nc
David Yurman Forged Carbon Waves Pendant 18K Yellow Gold & Sterling Silver Chain,3400.0,"$3,400.00",USD,3400.0,Brand New,,,,,https://www.ebay.com/itm/117335553348,David Yurman,Yellow Gold,https://www.ebay.com/b/David-Yurman/bn_21823139?Brand=David%2520Yurman&Metal=Yellow%2520Gold&mag=1&rt=nc
David Yurman 18k Yellow Gold Labradorite Barrel Pendant Amulet 31mm Long,375.0,$375.00,USD,375.0,Pre-Owned,,,,,https://www.ebay.com/itm/188682762330,David Yurman,Yellow Gold,https://www.ebay.com/b/David-Yurman/bn_21823139?Brand=David%2520Yurman&Metal=Yellow%2520Gold&mag=1&rt=nc
"David Yurman Cable Bracelet SS with 18K Yellow Gold and Diamonds, Small",850.0,$850.00,USD,850.0,Pre-Owned,,,,,https://www.ebay.com/itm/168425389428,David Yurman,Yellow Gold,https://www.ebay.com/b/David-Yurman/bn_21823139?Brand=David%2520Yurman&Metal=Yellow%2520Gold&mag=1&rt=nc
"David Yurman Cable Classics Sterling Silver Yellow Gold Bracelet, 4mm Large",295.0,$295.00,USD,295.0,Pre-Owned,,,,,https://www.ebay.com/itm/168541367639,David Yurman,Yellow Gold,https://www.ebay.com/b/David-Yurman/bn_21823139?Brand=David%2520Yurman&Metal=Yellow%2520Gold&mag=1&rt=nc
"15.5"" David Yurman 925 Silver & 14k Yellow Gold Metro Cable Collar Necklace",425.0,$425.00,USD,425.0,Pre-Owned,,,,,https://www.ebay.com/itm/297941758779,David Yurman,Yellow Gold,https://www.ebay.com/b/David-Yurman/bn_21823139?Brand=David%2520Yurman&Metal=Yellow%2520Gold&mag=1&rt=nc
David Yurman 18K Yellow Gold Chain Necklace 1mm 16-18”,750.0,$750.00,USD,750.0,New (Other),,,,,https://www.ebay.com/itm/206461279910,David Yurman,Yellow Gold,https://www.ebay.com/b/David-Yurman/bn_21823139?Brand=David%2520Yurman&Metal=Yellow%2520Gold&mag=1&rt=nc
David Yurman 18K Yellow Gold Diamond Plate Lock Key Necklace 1mm 16-18”,1600.0,"$1,600.00",USD,1600.0,Pre-Owned,,,,,https://www.ebay.com/itm/206470664707,David Yurman,Yellow Gold,https://www.ebay.com/b/David-Yurman/bn_21823139?Brand=David%2520Yurman&Metal=Yellow%2520Gold&mag=1&rt=nc
David Yurman 18K Yellow Gold Fluted Chain Bracelet (Medium),4100.0,"$4,100.00",USD,4100.0,Pre-Owned,,,,,https://www.ebay.com/itm/307066504033,David Yurman,Yellow Gold,https://www.ebay.com/b/David-Yurman/bn_21823139?Brand=David%2520Yurman&Metal=Yellow%2520Gold&mag=1&rt=nc
David Yurman 18K Yellow Gold Diamond Center Maritime Compass Amulet Pendant,2999.99,"$2,999.99",USD,2999.99,Pre-Owned,,,,,https://www.ebay.com/itm/267675834853,David Yurman,Yellow Gold,https://www.ebay.com/b/David-Yurman/bn_21823139?Brand=David%2520Yurman&Metal=Yellow%2520Gold&mag=1&rt=nc
David Yurman 18k Yellow Gold 4.5mm Sculpted Cable Flex Bracelet $5900 Retail,4650.0,"$4,650.00",USD,4650.0,Pre-Owned,,,,,https://www.ebay.com/itm/147440800590,David Yurman,Yellow Gold,https://www.ebay.com/b/David-Yurman/bn_21823139?Brand=David%2520Yurman&Metal=Yellow%2520Gold&mag=1&rt=nc
David Yurman Evil Eye Amulet Pendant 18K Yellow Gold with Emerald 14.5mm,1895.0,"$1,895.00",USD,1895.0,Pre-Owned,,,,,https://www.ebay.com/itm/287485640014,David Yurman,Yellow Gold,https://www.ebay.com/b/David-Yurman/bn_21823139?Brand=David%2520Yurman&Metal=Yellow%2520Gold&mag=1&rt=nc
"David Yurman 925/ 14Karat Yellow Gold Citrine  ""Cookie"" Necklace, 16' Length",295.0,$295.00,USD,295.0,Pre-Owned,,,,,https://www.ebay.com/itm/117321988444,David Yurman,Yellow Gold,https://www.ebay.com/b/David-Yurman/bn_21823139?Brand=David%2520Yurman&Metal=Yellow%2520Gold&mag=1&rt=nc
DAVID YURMAN 7MM CABLE CLASSIC COLLECTION BRACELET BLUE TOPAZ YELLOW GOLD,349.99,$349.99,USD,349.99,Pre-Owned,,,,,https://www.ebay.com/itm/178371122395,David Yurman,Yellow Gold,https://www.ebay.com/b/David-Yurman/bn_21823139?Brand=David%2520Yurman&Metal=Yellow%2520Gold&mag=1&rt=nc
"David Yurman Chevron Tag 18K Yellow Gold with Diamonds, 27mm",5000.0,"$5,000.00",USD,5000.0,New (Other),,,,,https://www.ebay.com/itm/318674099035,David Yurman,Yellow Gold,https://www.ebay.com/b/David-Yurman/bn_21823139?Brand=David%2520Yurman&Metal=Yellow%2520Gold&mag=1&rt=nc
David Yurman DY Madison Chain in 18K Yellow Gold 3mm 16 inch Unworn,3150.0,"$3,150.00",USD,3150.0,Pre-Owned,,,,,https://www.ebay.com/itm/287502146416,David Yurman,Yellow Gold,https://www.ebay.com/b/David-Yurman/bn_21823139?Brand=David%2520Yurman&Metal=Yellow%2520Gold&mag=1&rt=nc
David Yurman Renaissance Ring in 18K Yellow Gold with Pearls and Diamonds Size 6,995.0,$995.00,USD,995.0,Pre-Owned,,,,,https://www.ebay.com/itm/287501598141,David Yurman,Yellow Gold,https://www.ebay.com/b/David-Yurman/bn_21823139?Brand=David%2520Yurman&Metal=Yellow%2520Gold&mag=1&rt=nc
"$1650 David Yurman Initial Charm Necklace 18K Yellow Gold Diamond P 18""",850.0,$850.00,USD,850.0,Pre-Owned,,,,,https://www.ebay.com/itm/137586185210,David Yurman,Yellow Gold,https://www.ebay.com/b/David-Yurman/bn_21823139?Brand=David%2520Yurman&Metal=Yellow%2520Gold&mag=1&rt=nc
David Yurman Octagonal Amulet in 18K Yellow Gold with Black Onyx,995.0,$995.00,USD,995.0,Pre-Owned,,,,,https://www.ebay.com/itm/287477035417,David Yurman,Yellow Gold,https://www.ebay.com/b/David-Yurman/bn_21823139?Brand=David%2520Yurman&Metal=Yellow%2520Gold&mag=1&rt=nc
Mens David Yurman Chevron Beveled Band Ring in 18 Karat Yellow Gold,2400.0,"$2,400.00",USD,2400.0,Brand New,,,,,https://www.ebay.com/itm/267727598404,David Yurman,Yellow Gold,https://www.ebay.com/b/David-Yurman/bn_21823139?Brand=David%2520Yurman&Metal=Yellow%2520Gold&mag=1&rt=nc
David Yurman Spearpoint Amulet Forged Carbon and 18K Yellow Gold 27mm,2195.0,"$2,195.00",USD,2195.0,Pre-Owned,,,,,https://www.ebay.com/itm/287501281089,David Yurman,Yellow Gold,https://www.ebay.com/b/David-Yurman/bn_21823139?Brand=David%2520Yurman&Metal=Yellow%2520Gold&mag=1&rt=nc
David Yurman 18k Yellow Gold Cablespira Flex Bracelet $2950 Retail,2450.0,"$2,450.00",USD,2450.0,Pre-Owned,,,,,https://www.ebay.com/itm/147440796208,David Yurman,Yellow Gold,https://www.ebay.com/b/David-Yurman/bn_21823139?Brand=David%2520Yurman&Metal=Yellow%2520Gold&mag=1&rt=nc
"DAVID YURMAN HELENA CENTER STATION BRACELET 18K Yellow Gold with Diamonds, 4mm",5300.0,"$5,300.00",USD,5300.0,Pre-Owned,,,,,https://www.ebay.com/itm/357979773079,David Yurman,Yellow Gold,https://www.ebay.com/b/David-Yurman/bn_21823139?Brand=David%2520Yurman&Metal=Yellow%2520Gold&mag=1&rt=nc
David Yurman 18 Karat Yellow Gold Bangle Twisted Rope Design,1750.0,"$1,750.00",USD,1750.0,Pre-Owned,,,,,https://www.ebay.com/itm/800383108978,David Yurman,Yellow Gold,https://www.ebay.com/b/David-Yurman/bn_21823139?Brand=David%2520Yurman&Metal=Yellow%2520Gold&mag=1&rt=nc
"David Yurman Petite Gothic Cross Amulet in 18K Yellow Gold with Emeralds, 15.2mm",650.0,$650.00,USD,650.0,Brand New,,,,,https://www.ebay.com/itm/358626813429,David Yurman,Yellow Gold,https://www.ebay.com/b/David-Yurman/bn_21823139?Brand=David%2520Yurman&Metal=Yellow%2520Gold&mag=1&rt=nc
David Yurman 18K Yellow Gold Diamond Renaissance Bracelet Cuff 3.5mm New SoldOut,3875.0,"$3,875.00",USD,3875.0,Brand New,,,,,https://www.ebay.com/itm/206366473477,David Yurman,Yellow Gold,https://www.ebay.com/b/David-Yurman/bn_21823139?Brand=David%2520Yurman&Metal=Yellow%2520Gold&mag=1&rt=nc
David Yurman Cable Hoop Earrings in 18K Yellow Gold 30mm,1795.0,"$1,795.00",USD,1795.0,Pre-Owned,,,,,https://www.ebay.com/itm/287501427335,David Yurman,Yellow Gold,https://www.ebay.com/b/David-Yurman/bn_21823139?Brand=David%2520Yurman&Metal=Yellow%2520Gold&mag=1&rt=nc
David Yurman 18k yellow gold cable cuff bracelet 9.6g,2199.0,"$2,199.00",USD,2199.0,Pre-Owned,,,,,https://www.ebay.com/itm/318364849001,David Yurman,Yellow Gold,https://www.ebay.com/b/David-Yurman/bn_21823139?Brand=David%2520Yurman&Metal=Yellow%2520Gold&mag=1&rt=nc
DAVID YURMAN 18K YELLOW GOLD CABLESPIRA PAVE X DIAMOND BRACELET,3100.0,"$3,100.00",USD,3100.0,Pre-Owned,,,,,https://www.ebay.com/itm/267746437685,David Yurman,Yellow Gold,https://www.ebay.com/b/David-Yurman/bn_21823139?Brand=David%2520Yurman&Metal=Yellow%2520Gold&mag=1&rt=nc
David Yurman 18K Yellow Gold 2.7mm Box Chain Necklace 19” Lobster Clasp,3800.0,"$3,800.00",USD,3800.0,Pre-Owned,,,,,https://www.ebay.com/itm/407059126218,David Yurman,Yellow Gold,https://www.ebay.com/b/David-Yurman/bn_21823139?Brand=David%2520Yurman&Metal=Yellow%2520Gold&mag=1&rt=nc
DAVID YURMAN Taurus Amulet Charm Pendant 18K Yellow Gold,2226.0,"$2,226.00",USD,2226.0,Pre-Owned,,,,,https://www.ebay.com/itm/158038406899,David Yurman,Yellow Gold,https://www.ebay.com/b/David-Yurman/bn_21823139?Brand=David%2520Yurman&Metal=Yellow%2520Gold&mag=1&rt=nc
DAVID YURMAN STERLING 925 750 YELLOW GOLD FOUR STRAND 17” NECKLACE,800.0,$800.00,USD,800.0,Pre-Owned,,,,,https://www.ebay.com/itm/366588581486,David Yurman,Yellow Gold,https://www.ebay.com/b/David-Yurman/bn_21823139?Brand=David%2520Yurman&Metal=Yellow%2520Gold&mag=1&rt=nc
David Yurman 18k Yellow Gold Classic Cablespira Cuff Bracelet 7mm Wide,6250.0,"$6,250.00",USD,6250.0,Pre-Owned,,,,,https://www.ebay.com/itm/147407432239,David Yurman,Yellow Gold,https://www.ebay.com/b/David-Yurman/bn_21823139?Brand=David%2520Yurman&Metal=Yellow%2520Gold&mag=1&rt=nc
David Yurman Diamond Cable Band Sterling 925 Yellow Gold 14k Ring Size 6.5,550.0,$550.00,USD,550.0,Pre-Owned,,,,,https://www.ebay.com/itm/398053518282,David Yurman,Yellow Gold,https://www.ebay.com/b/David-Yurman/bn_21823139?Brand=David%2520Yurman&Metal=Yellow%2520Gold&mag=1&rt=nc
David Yurman 18K Yellow Gold  1.7 MM Box Chain Necklace 20 Inch Length,1899.98,"$1,899.98",USD,1899.98,Pre-Owned,,,,,https://www.ebay.com/itm/147454255267,David Yurman,Yellow Gold,https://www.ebay.com/b/David-Yurman/bn_21823139?Brand=David%2520Yurman&Metal=Yellow%2520Gold&mag=1&rt=nc
David Yurman 18k Yellow Gold 0.22Ctw Natural Diamond Cablespira Bangle $5800,3995.0,"$3,995.00",USD,3995.0,Pre-Owned,,,,,https://www.ebay.com/itm/147456627168,David Yurman,Yellow Gold,https://www.ebay.com/b/David-Yurman/bn_21823139?Brand=David%2520Yurman&Metal=Yellow%2520Gold&mag=1&rt=nc
David Yurman 18 k yellow gold rope detail bangle bracelet,1710.0,"$1,710.00",USD,1710.0,Pre-Owned,,,,,https://www.ebay.com/itm/117188111630,David Yurman,Yellow Gold,https://www.ebay.com/b/David-Yurman/bn_21823139?Brand=David%2520Yurman&Metal=Yellow%2520Gold&mag=1&rt=nc
David Yurman 18k Yellow Gold Box Chain Bracelet 5mm Box Chain Sz L 8.5” $7050+,5200.0,"$5,200.00",USD,5200.0,Brand New,,,,,https://www.ebay.com/itm/206306390430,David Yurman,Yellow Gold,https://www.ebay.com/b/David-Yurman/bn_21823139?Brand=David%2520Yurman&Metal=Yellow%2520Gold&mag=1&rt=nc
DESIGNER DAVID YURMAN TWO TONE CABLE RING STERLING SILVER 18K YELLOW GOLD SZ 8,224.0,$224.00,USD,224.0,Pre-Owned,,,,,https://www.ebay.com/itm/158159774822,David Yurman,Yellow Gold,https://www.ebay.com/b/David-Yurman/bn_21823139?Brand=David%2520Yurman&Metal=Yellow%2520Gold&mag=1&rt=nc
DAVID YURMAN 18K 750 YELLOW GOLD CABLE FLEX® BRACELET,2395.0,"$2,395.00",USD,2395.0,New (Other),,,,,https://www.ebay.com/itm/158076198999,David Yurman,Yellow Gold,https://www.ebay.com/b/David-Yurman/bn_21823139?Brand=David%2520Yurman&Metal=Yellow%2520Gold&mag=1&rt=nc
David Yurman 18k Yellow Gold Emerald Helena Diamond Ring 7.25 Flex $1950+,1450.0,"$1,450.00",USD,1450.0,Pre-Owned,,,,,https://www.ebay.com/itm/206325371796,David Yurman,Yellow Gold,https://www.ebay.com/b/David-Yurman/bn_21823139?Brand=David%2520Yurman&Metal=Yellow%2520Gold&mag=1&rt=nc
"David Yurman Box Chain Bracelet in 18K Yellow Gold , 3.4mm",2950.0,"$2,950.00",USD,2950.0,Pre-Owned,,,,,https://www.ebay.com/itm/358583566294,David Yurman,Yellow Gold,https://www.ebay.com/b/David-Yurman/bn_21823139?Brand=David%2520Yurman&Metal=Yellow%2520Gold&mag=1&rt=nc
"David Yurman Cuff Bangle, Cable,Diamond 18k Yellow Gold &Sterling Silver 6 Inch,",550.0,$550.00,USD,550.0,Pre-Owned,,,,,https://www.ebay.com/itm/158135515357,David Yurman,Yellow Gold,https://www.ebay.com/b/David-Yurman/bn_21823139?Brand=David%2520Yurman&Metal=Yellow%2520Gold&mag=1&rt=nc
David Yurman 18k Yellow Gold Novella Drop Earrings,1535.0,"$1,535.00",USD,1535.0,Brand New,,,,,https://www.ebay.com/itm/206453078422,David Yurman,Yellow Gold,https://www.ebay.com/b/David-Yurman/bn_21823139?Brand=David%2520Yurman&Metal=Yellow%2520Gold&mag=1&rt=nc
David Yurman 18K Yellow Gold Diamond  Infinity Stud Earrings Gorgeous $1950+,1735.0,"$1,735.00",USD,1735.0,Brand New,,,,,https://www.ebay.com/itm/206470666761,David Yurman,Yellow Gold,https://www.ebay.com/b/David-Yurman/bn_21823139?Brand=David%2520Yurman&Metal=Yellow%2520Gold&mag=1&rt=nc
David Yurman Dy Madison Chain Bracelet Sterling Silver 18K Yellow Gold 7.25in,900.0,$900.00,USD,900.0,Pre-Owned,,,,,https://www.ebay.com/itm/366585853460,David Yurman,Yellow Gold,https://www.ebay.com/b/David-Yurman/bn_21823139?Brand=David%2520Yurman&Metal=Yellow%2520Gold&mag=1&rt=nc
David Yurman NY Amulet Charm In 18K Yellow Gold 11 X 20mm - RARE,899.99,$899.99,USD,899.99,Pre-Owned,,,,,https://www.ebay.com/itm/188645353842,David Yurman,Yellow Gold,https://www.ebay.com/b/David-Yurman/bn_21823139?Brand=David%2520Yurman&Metal=Yellow%2520Gold&mag=1&rt=nc
"David Yurman 18K Yellow Gold Madison Chain Link Bracelet, 6mm",4025.0,"$4,025.00",USD,4025.0,Pre-Owned,,,,,https://www.ebay.com/itm/336723947794,David Yurman,Yellow Gold,https://www.ebay.com/b/David-Yurman/bn_21823139?Brand=David%2520Yurman&Metal=Yellow%2520Gold&mag=1&rt=nc
David Yurman 18K Yellow Gold Cable Edge Bracelet 5.5mm 7.25” Total 32g,5920.0,"$5,920.00",USD,5920.0,Brand New,,,,,https://www.ebay.com/itm/206040473811,David Yurman,Yellow Gold,https://www.ebay.com/b/David-Yurman/bn_21823139?Brand=David%2520Yurman&Metal=Yellow%2520Gold&mag=1&rt=nc
"David Yurman Crossover Bracelet in Silver & 18k Yellow Gold - 3mm - 6 3/4""",624.99,$624.99,USD,624.99,Pre-Owned,,,,,https://www.ebay.com/itm/158125075807,David Yurman,Yellow Gold,https://www.ebay.com/b/David-Yurman/bn_21823139?Brand=David%2520Yurman&Metal=Yellow%2520Gold&mag=1&rt=nc
DAVID YURMAN Ladies 18K Yellow Gold 13mm Signet Pinky Ring Size 4 New Authentic,1695.0,"$1,695.00",USD,1695.0,Brand New,,,,,https://www.ebay.com/itm/127969626107,David Yurman,Yellow Gold,https://www.ebay.com/b/David-Yurman/bn_21823139?Brand=David%2520Yurman&Metal=Yellow%2520Gold&mag=1&rt=nc
David Yurman 18k Yellow Gold Cable Cuff Bracelet Citrine & Diamond,4000.0,"$4,000.00",USD,4000.0,New (Other),,,,,https://www.ebay.com/itm/168568539262,David Yurman,Yellow Gold,https://www.ebay.com/b/David-Yurman/bn_21823139?Brand=David%2520Yurman&Metal=Yellow%2520Gold&mag=1&rt=nc
"David Yurman 18k 750 Yellow Gold Onyx Necklace 18"" Long",749.99,$749.99,USD,749.99,Pre-Owned,,,,,https://www.ebay.com/itm/227384032739,David Yurman,Yellow Gold,https://www.ebay.com/b/David-Yurman/bn_21823139?Brand=David%2520Yurman&Metal=Yellow%2520Gold&mag=1&rt=nc
David Yurman 18K Yellow Gold Eden  Band Wedding Ring Size 6.5 $1300+,1055.0,"$1,055.00",USD,1055.0,Brand New,,,,,https://www.ebay.com/itm/206460699538,David Yurman,Yellow Gold,https://www.ebay.com/b/David-Yurman/bn_21823139?Brand=David%2520Yurman&Metal=Yellow%2520Gold&mag=1&rt=nc
David Yurman DY Eden Band Ring in 18K Yellow Gold with Tsavorite 1.85mm size 4.5,1695.0,"$1,695.00",USD,1695.0,Pre-Owned,,,,,https://www.ebay.com/itm/287501962208,David Yurman,Yellow Gold,https://www.ebay.com/b/David-Yurman/bn_21823139?Brand=David%2520Yurman&Metal=Yellow%2520Gold&mag=1&rt=nc
"David Yurman Cable Buckle Choker Necklace w/ 18K Yellow Gold - 4mm - 15"" - RARE",675.0,$675.00,USD,675.0,Pre-Owned,,,,,https://www.ebay.com/itm/278238681219,David Yurman,Yellow Gold,https://www.ebay.com/b/David-Yurman/bn_21823139?Brand=David%2520Yurman&Metal=Yellow%2520Gold&mag=1&rt=nc
"David Yurman Box Chain Necklace 18K Yellow Gold 22"" 14.3 Grams 2.7mm",3750.0,"$3,750.00",USD,3750.0,Pre-Owned,,,,,https://www.ebay.com/itm/117331262414,David Yurman,Yellow Gold,https://www.ebay.com/b/David-Yurman/bn_21823139?Brand=David%2520Yurman&Metal=Yellow%2520Gold&mag=1&rt=nc
David Yurman 18k Yellow Gold Fluted Chain Bracelet 7.5mm Chain L 8.5” 31g $12K+,6725.0,"$6,725.00",USD,6725.0,Pre-Owned,,,,,https://www.ebay.com/itm/206387406727,David Yurman,Yellow Gold,https://www.ebay.com/b/David-Yurman/bn_21823139?Brand=David%2520Yurman&Metal=Yellow%2520Gold&mag=1&rt=nc
"DAVID YURMAN DAGGER AMULET SterlingSilver ,18K Yellow Gold,Black Diamonds, 44mm",1195.0,"$1,195.00",USD,1195.0,Pre-Owned,,,,,https://www.ebay.com/itm/287360060154,David Yurman,Yellow Gold,https://www.ebay.com/b/David-Yurman/bn_21823139?Brand=David%2520Yurman&Metal=Yellow%2520Gold&mag=1&rt=nc
David Yurman 18k Yellow Gold Cable Chain Bracelet Blue Topaz Lobster Clasp,1000.0,"$1,000.00",USD,1000.0,New (Other),,,,,https://www.ebay.com/itm/318340893887,David Yurman,Yellow Gold,https://www.ebay.com/b/David-Yurman/bn_21823139?Brand=David%2520Yurman&Metal=Yellow%2520Gold&mag=1&rt=nc
David Yurman Memento Mori Skull Amulet in 18K Yellow Gold and Forged Carbon,1395.0,"$1,395.00",USD,1395.0,Pre-Owned,,,,,https://www.ebay.com/itm/287478187198,David Yurman,Yellow Gold,https://www.ebay.com/b/David-Yurman/bn_21823139?Brand=David%2520Yurman&Metal=Yellow%2520Gold&mag=1&rt=nc
$2400 DAVID YURMAN 18K 750 YELLOW GOLD DIAMOND 'L” INITIAL PINKY RING Sz.3,1450.0,"$1,450.00",USD,1450.0,Pre-Owned,,,,,https://www.ebay.com/itm/147454529219,David Yurman,Yellow Gold,https://www.ebay.com/b/David-Yurman/bn_21823139?Brand=David%2520Yurman&Metal=Yellow%2520Gold&mag=1&rt=nc
David Yurman Sterling Silver and 14K Yellow Gold Cable  Post Earrings,252.0,$252.00,USD,252.0,Pre-Owned,,,,,https://www.ebay.com/itm/236989564556,David Yurman,Yellow Gold,https://www.ebay.com/b/David-Yurman/bn_21823139?Brand=David%2520Yurman&Metal=Yellow%2520Gold&mag=1&rt=nc
"david yurman Madison Chain Bracelet In 18K Yellow Gold, 11mm. Brand New!!",8350.0,"$8,350.00",USD,8350.0,Brand New,,,,,https://www.ebay.com/itm/327294998780,David Yurman,Yellow Gold,https://www.ebay.com/b/David-Yurman/bn_21823139?Brand=David%2520Yurman&Metal=Yellow%2520Gold&mag=1&rt=nc
David Yurman 18K Yellow Gold Tanzanite North Star Amulet Pendant $895 NWT,815.0,$815.00,USD,815.0,Brand New,,,,,https://www.ebay.com/itm/206026261312,David Yurman,Yellow Gold,https://www.ebay.com/b/David-Yurman/bn_21823139?Brand=David%2520Yurman&Metal=Yellow%2520Gold&mag=1&rt=nc
"David Yurman 18K Yellow Gold Petite Infinity Diamond Cable Pendant Necklace 17""",1214.99,"$1,214.99",USD,1214.99,Pre-Owned,,,,,https://www.ebay.com/itm/298562133532,David Yurman,Yellow Gold,https://www.ebay.com/b/David-Yurman/bn_21823139?Brand=David%2520Yurman&Metal=Yellow%2520Gold&mag=1&rt=nc
"David Yurman 18k Yellow Gold Oval Link Streamline Bracelet $18,500 Retail",11995.0,"$11,995.00",USD,11995.0,Pre-Owned,,,,,https://www.ebay.com/itm/147425069676,David Yurman,Yellow Gold,https://www.ebay.com/b/David-Yurman/bn_21823139?Brand=David%2520Yurman&Metal=Yellow%2520Gold&mag=1&rt=nc
David Yurman Sterling Silver and 18k Yellow Gold Circular Clasp Chain Necklace,1200.0,"$1,200.00",USD,1200.0,Pre-Owned,,,,,https://www.ebay.com/itm/336729594169,David Yurman,Yellow Gold,https://www.ebay.com/b/David-Yurman/bn_21823139?Brand=David%2520Yurman&Metal=Yellow%2520Gold&mag=1&rt=nc
David Yurman Link Necklace Sterling Silver & 18K Yellow Gold 16 inches (Estate),535.0,$535.00,USD,535.0,Pre-Owned,,,,,https://www.ebay.com/itm/236923775939,David Yurman,Yellow Gold,https://www.ebay.com/b/David-Yurman/bn_21823139?Brand=David%2520Yurman&Metal=Yellow%2520Gold&mag=1&rt=nc
David Yurman 18k Yellow Gold Leather Men’s Bracelet 7.5” Heavy Solid Gold 15g,2490.0,"$2,490.00",USD,2490.0,Pre-Owned,,,,,https://www.ebay.com/itm/206446083413,David Yurman,Yellow Gold,https://www.ebay.com/b/David-Yurman/bn_21823139?Brand=David%2520Yurman&Metal=Yellow%2520Gold&mag=1&rt=nc
David Yurman DY Madison Chain Bracelet in Sterling Silver with 18K Yellow Gold,1000.0,"$1,000.00",USD,1000.0,Pre-Owned,,,,,https://www.ebay.com/itm/158085788667,David Yurman,Yellow Gold,https://www.ebay.com/b/David-Yurman/bn_21823139?Brand=David%2520Yurman&Metal=Yellow%2520Gold&mag=1&rt=nc
David Yurman 18K Yellow Gold Memento Mori Skull Amulet 16mm,2000.0,"$2,000.00",USD,2000.0,New (Other),,,,,https://www.ebay.com/itm/137392813539,David Yurman,Yellow Gold,https://www.ebay.com/b/David-Yurman/bn_21823139?Brand=David%2520Yurman&Metal=Yellow%2520Gold&mag=1&rt=nc
David Yurman 18k yellow Gold Blue Sapphire Roman Elongated Pendant $4700 Retail,2995.0,"$2,995.00",USD,2995.0,Pre-Owned,,,,,https://www.ebay.com/itm/147454371050,David Yurman,Yellow Gold,https://www.ebay.com/b/David-Yurman/bn_21823139?Brand=David%2520Yurman&Metal=Yellow%2520Gold&mag=1&rt=nc
David Yurman 18k Yellow Gold 5.5mm Streamline Cuff Bracelet $7250 Retail,4850.0,"$4,850.00",USD,4850.0,Pre-Owned,,,,,https://www.ebay.com/itm/147425073230,David Yurman,Yellow Gold,https://www.ebay.com/b/David-Yurman/bn_21823139?Brand=David%2520Yurman&Metal=Yellow%2520Gold&mag=1&rt=nc
David Yurman Petrvs 18K Yellow Gold Bee Pinky Signet Ring 15.5mm Size: 5.5,3295.0,"$3,295.00",USD,3295.0,Pre-Owned,,,,,https://www.ebay.com/itm/168453704710,David Yurman,Yellow Gold,https://www.ebay.com/b/David-Yurman/bn_21823139?Brand=David%2520Yurman&Metal=Yellow%2520Gold&mag=1&rt=nc
18K Yellow Gold David Yurman 19mm Cross Amulet Pendant (no chain included),699.99,$699.99,USD,699.99,Pre-Owned,,,,,https://www.ebay.com/itm/147454265866,David Yurman,Yellow Gold,https://www.ebay.com/b/David-Yurman/bn_21823139?Brand=David%2520Yurman&Metal=Yellow%2520Gold&mag=1&rt=nc
David Yurman 18 Karat Yellow Gold Bangle Twisted Wire Outside High Polish Inside,1800.0,"$1,800.00",USD,1800.0,Pre-Owned,,,,,https://www.ebay.com/itm/800418770504,David Yurman,Yellow Gold,https://www.ebay.com/b/David-Yurman/bn_21823139?Brand=David%2520Yurman&Metal=Yellow%2520Gold&mag=1&rt=nc
"David Yurman 925 Sterling Silver & 14k Yellow Gold 6mm Wheat Chain Necklace 16""",740.0,$740.00,USD,740.0,Pre-Owned,,,,,https://www.ebay.com/itm/168591567327,David Yurman,Yellow Gold,https://www.ebay.com/b/David-Yurman/bn_21823139?Brand=David%2520Yurman&Metal=Yellow%2520Gold&mag=1&rt=nc
David Yurman 18k Yellow Gold Diamonds  Renaissance Pearls Pendant Necklace $3950,3250.0,"$3,250.00",USD,3250.0,Pre-Owned,,,,,https://www.ebay.com/itm/147474438903,David Yurman,Yellow Gold,https://www.ebay.com/b/David-Yurman/bn_21823139?Brand=David%2520Yurman&Metal=Yellow%2520Gold&mag=1&rt=nc
David Yurman Hexagonal Garnet Signet Ring in 18K Yellow Gold and Forged Carbon,5995.0,"$5,995.00",USD,5995.0,Pre-Owned,,,,,https://www.ebay.com/itm/287501564852,David Yurman,Yellow Gold,https://www.ebay.com/b/David-Yurman/bn_21823139?Brand=David%2520Yurman&Metal=Yellow%2520Gold&mag=1&rt=nc
"David Yurman 18K Yellow Gold & Silver Necklace Oval 16""",2750.0,"$2,750.00",USD,2750.0,Pre-Owned,,,,,https://www.ebay.com/itm/318570729126,David Yurman,Yellow Gold,https://www.ebay.com/b/David-Yurman/bn_21823139?Brand=David%2520Yurman&Metal=Yellow%2520Gold&mag=1&rt=nc
David Yurman 18K Yellow Gold Diamond Stud earrings,600.0,$600.00,USD,600.0,Pre-Owned,,,,,https://www.ebay.com/itm/318668074223,David Yurman,Yellow Gold,https://www.ebay.com/b/David-Yurman/bn_21823139?Brand=David%2520Yurman&Metal=Yellow%2520Gold&mag=1&rt=nc
David Yurman Figaro Sterling Silver And 18K Yellow Gold Donut Necklace,1300.0,"$1,300.00",USD,1300.0,Pre-Owned,,,,,https://www.ebay.com/itm/800259305564,David Yurman,Yellow Gold,https://www.ebay.com/b/David-Yurman/bn_21823139?Brand=David%2520Yurman&Metal=Yellow%2520Gold&mag=1&rt=nc
"David Yurman Madison 18k Yellow Gold Oval Link Chain Bracelet, 6mm, Size Large",4400.0,"$4,400.00",USD,4400.0,Pre-Owned,,,,,https://www.ebay.com/itm/158127537654,David Yurman,Yellow Gold,https://www.ebay.com/b/David-Yurman/bn_21823139?Brand=David%2520Yurman&Metal=Yellow%2520Gold&mag=1&rt=nc
David Yurman 18K Yellow Gold Textured Starburst Charm Loop Bail Pendant,1550.0,"$1,550.00",USD,1550.0,Pre-Owned,,,,,https://www.ebay.com/itm/158024068874,David Yurman,Yellow Gold,https://www.ebay.com/b/David-Yurman/bn_21823139?Brand=David%2520Yurman&Metal=Yellow%2520Gold&mag=1&rt=nc
David Yurman Streamline Signet Ring in 18K Yellow Gold and Black Diamonds,2495.0,"$2,495.00",USD,2495.0,Pre-Owned,,,,,https://www.ebay.com/itm/287501578301,David Yurman,Yellow Gold,https://www.ebay.com/b/David-Yurman/bn_21823139?Brand=David%2520Yurman&Metal=Yellow%2520Gold&mag=1&rt=nc
David Yurman Evil Eye Amulet Pendant 18K Yellow Gold with Sapphire 14.5mm,1750.0,"$1,750.00",USD,1750.0,Pre-Owned,,,,,https://www.ebay.com/itm/287485630908,David Yurman,Yellow Gold,https://www.ebay.com/b/David-Yurman/bn_21823139?Brand=David%2520Yurman&Metal=Yellow%2520Gold&mag=1&rt=nc
David Yurman 18K Yellow Gold 11mm Quatrefoil Amulet Pendant with Diamonds,950.0,$950.00,USD,950.0,Pre-Owned,,,,,https://www.ebay.com/itm/168548877062,David Yurman,Yellow Gold,https://www.ebay.com/b/David-Yurman/bn_21823139?Brand=David%2520Yurman&Metal=Yellow%2520Gold&mag=1&rt=nc
44mm David Yurman 18k Yellow Gold Waves Dagger Amulet… Comes With DY Box,890.0,$890.00,USD,890.0,Pre-Owned,,,,,https://www.ebay.com/itm/127951683555,David Yurman,Yellow Gold,https://www.ebay.com/b/David-Yurman/bn_21823139?Brand=David%2520Yurman&Metal=Yellow%2520Gold&mag=1&rt=nc
"David Yurman Diamond Cable Band Ring, 18k Yellow Gold, Ring Size 5",925.0,$925.00,USD,925.0,Pre-Owned,,,,,https://www.ebay.com/itm/336713603033,David Yurman,Yellow Gold,https://www.ebay.com/b/David-Yurman/bn_21823139?Brand=David%2520Yurman&Metal=Yellow%2520Gold&mag=1&rt=nc
DAVID YURMAN 18k Yellow Gold 2.4mm Wide Box Link Bracelet w/ Box 2500 Retail,2250.0,"$2,250.00",USD,2250.0,Pre-Owned,,,,,https://www.ebay.com/itm/236886875898,David Yurman,Yellow Gold,https://www.ebay.com/b/David-Yurman/bn_21823139?Brand=David%2520Yurman&Metal=Yellow%2520Gold&mag=1&rt=nc
David Yurman 18K Yellow Gold Diamond  Starburst Earrings $1250+ 7.5mm,1060.0,"$1,060.00",USD,1060.0,Pre-Owned,,,,,https://www.ebay.com/itm/206263951700,David Yurman,Yellow Gold,https://www.ebay.com/b/David-Yurman/bn_21823139?Brand=David%2520Yurman&Metal=Yellow%2520Gold&mag=1&rt=nc
"David Yurman CROSSOVER TWO ROW RINGSterling Silver with 14K Yellow Gold, 7.4mm",349.0,$349.00,USD,349.0,New (Other),,,,,https://www.ebay.com/itm/318137313520,David Yurman,Yellow Gold,https://www.ebay.com/b/David-Yurman/bn_21823139?Brand=David%2520Yurman&Metal=Yellow%2520Gold&mag=1&rt=nc
David Yurman Classic Cable Bracelet 14K Yellow Gold and Freshwater Pearls,325.0,$325.00,USD,325.0,Pre-Owned,,,,,https://www.ebay.com/itm/318559926085,David Yurman,Yellow Gold,https://www.ebay.com/b/David-Yurman/bn_21823139?Brand=David%2520Yurman&Metal=Yellow%2520Gold&mag=1&rt=nc
Cartier Panthere Vintage Bombe Cocktail 18k Yellow Gold Ring Sz 6,16200.0,"$16,200.00",USD,16200.0,Pre-Owned,,,,,https://www.ebay.com/itm/257241408426,Cartier,Yellow Gold,https://www.ebay.com/b/Cartier-Yellow-Gold-Fine-Jewelry/4196/bn_2194152
Cartier Trinity 6.45ct Diamond 18k Yellow Gold Bangle Bracelet,34200.0,"$34,200.00",USD,34200.0,Pre-Owned,,,,,https://www.ebay.com/itm/267499334645,Cartier,Yellow Gold,https://www.ebay.com/b/Cartier-Yellow-Gold-Fine-Jewelry/4196/bn_2194152
Cartier Panthere Openwork Limited Edition 18k Yellow Gold Diamond Necklace,327000.0,"$327,000.00",USD,327000.0,Brand New,,,,,https://www.ebay.com/itm/286985952628,Cartier,Yellow Gold,https://www.ebay.com/b/Cartier-Yellow-Gold-Fine-Jewelry/4196/bn_2194152
Cartier Panthere Tassel Diamond 18k Yellow Gold Pendant Necklace,48600.0,"$48,600.00",USD,48600.0,Pre-Owned,,,,,https://www.ebay.com/itm/257241408567,Cartier,Yellow Gold,https://www.ebay.com/b/Cartier-Yellow-Gold-Fine-Jewelry/4196/bn_2194152
Cartier 18K Yellow Gold Small Juste Un Clou Ring Size 52 with Docs and Box,1123.0,"$1,123.00",USD,1123.0,Pre-Owned,,,,,https://www.ebay.com/itm/800425442716,Cartier,Yellow Gold,https://www.ebay.com/b/Cartier-Yellow-Gold-Fine-Jewelry/4196/bn_2194152
Cartier Classic Love 18K Yellow Gold Ring Size 57 Signed 5.5mm,1800.0,"$1,800.00",USD,1800.0,Pre-Owned,,,,,https://www.ebay.com/itm/366551236152,Cartier,Yellow Gold,https://www.ebay.com/b/Cartier-Yellow-Gold-Fine-Jewelry/4196/bn_2194152
Auth. Cartier Juste un Clou 18k Yellow Gold Ring Size 55 w/ Box & Certificate,1425.0,"$1,425.00",USD,1425.0,Pre-Owned,,,,,https://www.ebay.com/itm/236985321600,Cartier,Yellow Gold,https://www.ebay.com/b/Cartier-Yellow-Gold-Fine-Jewelry/4196/bn_2194152
Authentic Cartier Love Bracelet Small Model 18k Yellow Gold Size 16 Complete Set,4275.0,"$4,275.00",USD,4275.0,Pre-Owned,,,,,https://www.ebay.com/itm/158157891089,Cartier,Yellow Gold,https://www.ebay.com/b/Cartier-Yellow-Gold-Fine-Jewelry/4196/bn_2194152
Cartier Love Ring Yellow Gold Small 3.6mm Size 59 US 8.75 S,799.0,$799.00,USD,799.0,Pre-Owned,,,,,https://www.ebay.com/itm/117335499293,Cartier,Yellow Gold,https://www.ebay.com/b/Cartier-Yellow-Gold-Fine-Jewelry/4196/bn_2194152
Cartier Love Band Ring 18K Yellow Gold AU750 Size 46 Signed w/ Certificate,406.6,$406.60,USD,406.6,Pre-Owned,,,,,https://www.ebay.com/itm/178378833903,Cartier,Yellow Gold,https://www.ebay.com/b/Cartier-Yellow-Gold-Fine-Jewelry/4196/bn_2194152
18K Yellow Gold Cartier Love Ring Sz: 7.5 - 3.5G! (WMP020329),1209.99,"$1,209.99",USD,1209.99,Pre-Owned,,,,,https://www.ebay.com/itm/398235509195,Cartier,Yellow Gold,https://www.ebay.com/b/Cartier-Yellow-Gold-Fine-Jewelry/4196/bn_2194152
Cartier Juste Un Clou Small 18k Yellow Gold Ring Size 51,1090.0,"$1,090.00",USD,1090.0,Pre-Owned,,,,,https://www.ebay.com/itm/407084637806,Cartier,Yellow Gold,https://www.ebay.com/b/Cartier-Yellow-Gold-Fine-Jewelry/4196/bn_2194152
Cartier Juste Un Clou SM 18K Yellow Gold Bracelet Size 16,3800.0,"$3,800.00",USD,3800.0,Pre-Owned,,,,,https://www.ebay.com/itm/407106996812,Cartier,Yellow Gold,https://www.ebay.com/b/Cartier-Yellow-Gold-Fine-Jewelry/4196/bn_2194152
"Cartier Love Series Vintage 18k Yellow Gold Bangle Bracelet 7""",21000.0,"$21,000.00",USD,21000.0,Pre-Owned,,,,,https://www.ebay.com/itm/257241410183,Cartier,Yellow Gold,https://www.ebay.com/b/Cartier-Yellow-Gold-Fine-Jewelry/4196/bn_2194152
Cartier Love Series 18k White & Yellow Gold Vintage Band Ring Sz 4 3/4,5400.0,"$5,400.00",USD,5400.0,Pre-Owned,,,,,https://www.ebay.com/itm/257241408583,Cartier,Yellow Gold,https://www.ebay.com/b/Cartier-Yellow-Gold-Fine-Jewelry/4196/bn_2194152
"Cartier Juste un Clou 18K Yellow Gold Full Pave Diamond Nail Bangle Bracelet,",55800.0,"$55,800.00",USD,55800.0,Pre-Owned,,,,,https://www.ebay.com/itm/267629264307,Cartier,Yellow Gold,https://www.ebay.com/b/Cartier-Yellow-Gold-Fine-Jewelry/4196/bn_2194152
Cartier 18K Yellow Gold Double Chain Bracelet 8” 2.1g Lobster Clasp 750,255.0,$255.00,USD,255.0,Pre-Owned,,,,,https://www.ebay.com/itm/137581895978,Cartier,Yellow Gold,https://www.ebay.com/b/Cartier-Yellow-Gold-Fine-Jewelry/4196/bn_2194152
Cartier Love Bracelet Size 16 Classic Large 18k Yellow Gold Box Cert Receipt Bag,6280.0,"$6,280.00",USD,6280.0,Pre-Owned,,,,,https://www.ebay.com/itm/227441425704,Cartier,Yellow Gold,https://www.ebay.com/b/Cartier-Yellow-Gold-Fine-Jewelry/4196/bn_2194152
Cartier Love Pendant Necklace with 2 Diamonds in 18k Yellow Gold,2299.99,"$2,299.99",USD,2299.99,Pre-Owned,,,,,https://www.ebay.com/itm/168568091743,Cartier,Yellow Gold,https://www.ebay.com/b/Cartier-Yellow-Gold-Fine-Jewelry/4196/bn_2194152
Cartier 18K Yellow Gold Small Juste Un Clou Ring Size 52 with Docs and Box,1250.0,"$1,250.00",USD,1250.0,Pre-Owned,,,,,https://www.ebay.com/itm/236943508643,Cartier,Yellow Gold,https://www.ebay.com/b/Cartier-Yellow-Gold-Fine-Jewelry/4196/bn_2194152
Vintage Cartier 18K Yellow Gold 1/8 Oz Ingot Bar Charm Pendant Signed Rare Find,2499.0,"$2,499.00",USD,2499.0,Pre-Owned,,,,,https://www.ebay.com/itm/287503714879,Cartier,Yellow Gold,https://www.ebay.com/b/Cartier-Yellow-Gold-Fine-Jewelry/4196/bn_2194152
Cartier Juste Un Clou Diamond 18k Yellow Gold Small Model Band Ring Size 49 -E79,2100.0,"$2,100.00",USD,2100.0,Pre-Owned,,,,,https://www.ebay.com/itm/398155316016,Cartier,Yellow Gold,https://www.ebay.com/b/Cartier-Yellow-Gold-Fine-Jewelry/4196/bn_2194152
Cartier Love Ring Size 56 18k Yellow Gold,1500.0,"$1,500.00",USD,1500.0,Pre-Owned,,,,,https://www.ebay.com/itm/398129827111,Cartier,Yellow Gold,https://www.ebay.com/b/Cartier-Yellow-Gold-Fine-Jewelry/4196/bn_2194152
Cartier Santos Medium 18K Yellow Gold Necklace,10000.0,"$10,000.00",USD,10000.0,Pre-Owned,,,,,https://www.ebay.com/itm/407089309502,Cartier,Yellow Gold,https://www.ebay.com/b/Cartier-Yellow-Gold-Fine-Jewelry/4196/bn_2194152
❤️Cartier 18k 750 Yellow Gold Love Band Ring Classic Model Size 57 (US SZ 8 1/4),1079.99,"$1,079.99",USD,1079.99,Pre-Owned,,,,,https://www.ebay.com/itm/158150885632,Cartier,Yellow Gold,https://www.ebay.com/b/Cartier-Yellow-Gold-Fine-Jewelry/4196/bn_2194152
Cartier LOVE Small 18K Yellow Gold Ring Size 62 US 10 Mint,1250.0,"$1,250.00",USD,1250.0,Pre-Owned,,,,,https://www.ebay.com/itm/168589244391,Cartier,Yellow Gold,https://www.ebay.com/b/Cartier-Yellow-Gold-Fine-Jewelry/4196/bn_2194152
Cartier Love 18k Yellow Gold Size 17 Bangle Bracelet,6063.0,"$6,063.00",USD,6063.0,Pre-Owned,,,,,https://www.ebay.com/itm/287470637523,Cartier,Yellow Gold,https://www.ebay.com/b/Cartier-Yellow-Gold-Fine-Jewelry/4196/bn_2194152
Cartier 18K Yellow Gold Round Bezel Diamond Pendant Cable Chain Necklace,1000.0,"$1,000.00",USD,1000.0,Brand New,,,,,https://www.ebay.com/itm/257655838998,Cartier,Yellow Gold,https://www.ebay.com/b/Cartier-Yellow-Gold-Fine-Jewelry/4196/bn_2194152
Cartier Important Panthere 18k Yellow Gold Enamel Bangle Bracelet,147000.0,"$147,000.00",USD,147000.0,Pre-Owned,,,,,https://www.ebay.com/itm/267499333848,Cartier,Yellow Gold,https://www.ebay.com/b/Cartier-Yellow-Gold-Fine-Jewelry/4196/bn_2194152
Cartier Juste un Clou Classic Model 18k Yellow Gold Bangle Bracelet Sz 16,9120.0,"$9,120.00",USD,9120.0,Pre-Owned,,,,,https://www.ebay.com/itm/287254199912,Cartier,Yellow Gold,https://www.ebay.com/b/Cartier-Yellow-Gold-Fine-Jewelry/4196/bn_2194152
Cartier Panthere Onyx Diamond 18k Yellow Gold Vintage Hoop Earrings,90000.0,"$90,000.00",USD,90000.0,Pre-Owned,,,,,https://www.ebay.com/itm/257241407552,Cartier,Yellow Gold,https://www.ebay.com/b/Cartier-Yellow-Gold-Fine-Jewelry/4196/bn_2194152
Cartier 1960s Butterfly Sapphire 18 Karat Yellow Gold Brooch,10200.0,"$10,200.00",USD,10200.0,Pre-Owned,,,,,https://www.ebay.com/itm/286985951551,Cartier,Yellow Gold,https://www.ebay.com/b/Cartier-Yellow-Gold-Fine-Jewelry/4196/bn_2194152
Cartier Juste Un Clou 18K Yellow Gold Thin Ring - Size 59 / US 7.75 - 3.6g/2.4dw,1199.99,"$1,199.99",USD,1199.99,Pre-Owned,,,,,https://www.ebay.com/itm/287503378646,Cartier,Yellow Gold,https://www.ebay.com/b/Cartier-Yellow-Gold-Fine-Jewelry/4196/bn_2194152
Cartier Love Bracelet 18K Yellow Gold Screw Closure w/ Screwdriver Size 18,4800.0,"$4,800.00",USD,4800.0,Pre-Owned,,,,,https://www.ebay.com/itm/128010537065,Cartier,Yellow Gold,https://www.ebay.com/b/Cartier-Yellow-Gold-Fine-Jewelry/4196/bn_2194152
Cartier - 18k Yellow Gold 4 Diamond Love Bracelet with Box & Bag - Size 17,8000.0,"$8,000.00",USD,8000.0,Pre-Owned,,,,,https://www.ebay.com/itm/336728032664,Cartier,Yellow Gold,https://www.ebay.com/b/Cartier-Yellow-Gold-Fine-Jewelry/4196/bn_2194152
Cartier Juste un Clou Classic Nail Bracelet 18K Yellow Gold Size 18,3700.0,"$3,700.00",USD,3700.0,Pre-Owned,,,,,https://www.ebay.com/itm/227424326702,Cartier,Yellow Gold,https://www.ebay.com/b/Cartier-Yellow-Gold-Fine-Jewelry/4196/bn_2194152
Panthère de Cartier 18K Yellow Gold Ring,6000.0,"$6,000.00",USD,6000.0,Pre-Owned,,,,,https://www.ebay.com/itm/287489742137,Cartier,Yellow Gold,https://www.ebay.com/b/Cartier-Yellow-Gold-Fine-Jewelry/4196/bn_2194152
Vintage C De Cartier 18K Yellow Gold Diamond Ring Size 5,1800.0,"$1,800.00",USD,1800.0,Pre-Owned,,,,,https://www.ebay.com/itm/236796731693,Cartier,Yellow Gold,https://www.ebay.com/b/Cartier-Yellow-Gold-Fine-Jewelry/4196/bn_2194152
Cartier Panthere Hoop Vintage French Diamond Hoop 18k Yellow Gold Earrings,80040.0,"$80,040.00",USD,80040.0,Pre-Owned,,,,,https://www.ebay.com/itm/267499335917,Cartier,Yellow Gold,https://www.ebay.com/b/Cartier-Yellow-Gold-Fine-Jewelry/4196/bn_2194152
Cartier Love 3 Diamonds 5.5mm 18k Yellow Gold Band Size 7.5/56 Ring,2995.0,"$2,995.00",USD,2995.0,Pre-Owned,,,,,https://www.ebay.com/itm/168509160019,Cartier,Yellow Gold,https://www.ebay.com/b/Cartier-Yellow-Gold-Fine-Jewelry/4196/bn_2194152
Rare Auth Cartier Chain Necklace 42cm 18K 750 Yellow Gold,3436.68,"$3,436.68",USD,3436.68,Pre-Owned,,,,,https://www.ebay.com/itm/188688411716,Cartier,Yellow Gold,https://www.ebay.com/b/Cartier-Yellow-Gold-Fine-Jewelry/4196/bn_2194152
Cartier Love Ring Classic 3 Diamonds 18K Yellow Gold Size 56 7.5 Authentic,2299.99,"$2,299.99",USD,2299.99,Pre-Owned,,,,,https://www.ebay.com/itm/327242724521,Cartier,Yellow Gold,https://www.ebay.com/b/Cartier-Yellow-Gold-Fine-Jewelry/4196/bn_2194152
Pre Loved Cartier Love Unlimited 18k Yellow Gold Ring,2599.99,"$2,599.99",USD,2599.99,Pre-Owned,,,,,https://www.ebay.com/itm/278207307899,Cartier,Yellow Gold,https://www.ebay.com/b/Cartier-Yellow-Gold-Fine-Jewelry/4196/bn_2194152
Cartier Clash de Cartier Ring 18K Yellow Gold Small Sz 51 US 5.75 Authentic MINT,2700.0,"$2,700.00",USD,2700.0,Pre-Owned,,,,,https://www.ebay.com/itm/298503449443,Cartier,Yellow Gold,https://www.ebay.com/b/Cartier-Yellow-Gold-Fine-Jewelry/4196/bn_2194152
Cartier Love 18k Yellow Gold Size 17 Bangle Bracelet,6063.0,"$6,063.00",USD,6063.0,Pre-Owned,,,,,https://www.ebay.com/itm/298496848958,Cartier,Yellow Gold,https://www.ebay.com/b/Cartier-Yellow-Gold-Fine-Jewelry/4196/bn_2194152
Cartier 18k 750 Yellow Gold Love Band Ring Classic Model Size 59,1480.0,"$1,480.00",USD,1480.0,Pre-Owned,,,,,https://www.ebay.com/itm/206409609977,Cartier,Yellow Gold,https://www.ebay.com/b/Cartier-Yellow-Gold-Fine-Jewelry/4196/bn_2194152
CARTIER   Ring Three colors #55 K18 Yellow Gold K18 White Gold US size 7,750.0,$750.00,USD,750.0,Pre-Owned,,,,,https://www.ebay.com/itm/267732386331,Cartier,Yellow Gold,https://www.ebay.com/b/Cartier-Yellow-Gold-Fine-Jewelry/4196/bn_2194152
"Cartier Love Ring Classic Model 18K Yellow Gold, SZ 7, 5.5MM (YAE) (PSH044520)",1249.99,"$1,249.99",USD,1249.99,Pre-Owned,,,,,https://www.ebay.com/itm/366573195999,Cartier,Yellow Gold,https://www.ebay.com/b/Cartier-Yellow-Gold-Fine-Jewelry/4196/bn_2194152
Auth Cartier Torque Juste un Clou Choker Necklace Small Model 18K Yellow Gold,13800.0,"$13,800.00",USD,13800.0,Brand New,,,,,https://www.ebay.com/itm/298537440358,Cartier,Yellow Gold,https://www.ebay.com/b/Cartier-Yellow-Gold-Fine-Jewelry/4196/bn_2194152
Cartier Love Ring Classic- 18k 750 Yellow Gold Band - US Size 8.5 EURO 58,1400.0,"$1,400.00",USD,1400.0,Pre-Owned,,,,,https://www.ebay.com/itm/198547156446,Cartier,Yellow Gold,https://www.ebay.com/b/Cartier-Yellow-Gold-Fine-Jewelry/4196/bn_2194152
Cartier LOVE Ring 18K Yellow Gold size 6.5 diamond jewelry,2100.0,"$2,100.00",USD,2100.0,Pre-Owned,,,,,https://www.ebay.com/itm/389742347930,Cartier,Yellow Gold,https://www.ebay.com/b/Cartier-Yellow-Gold-Fine-Jewelry/4196/bn_2194152
Cartier Love 18K Yellow Gold Ring Size 61,1640.0,"$1,640.00",USD,1640.0,Pre-Owned,,,,,https://www.ebay.com/itm/128012698879,Cartier,Yellow Gold,https://www.ebay.com/b/Cartier-Yellow-Gold-Fine-Jewelry/4196/bn_2194152
"Cartier Love Bracelet 18k Yellow Gold - size 19 - box, bag, & papers",6300.0,"$6,300.00",USD,6300.0,Brand New,,,,,https://www.ebay.com/itm/257631034849,Cartier,Yellow Gold,https://www.ebay.com/b/Cartier-Yellow-Gold-Fine-Jewelry/4196/bn_2194152
***Discontinued*** Cartier Love Large Ring 18k Yellow Gold Size 51,4837.5,"$4,837.50",USD,4837.5,Pre-Owned,,,,,https://www.ebay.com/itm/307091909067,Cartier,Yellow Gold,https://www.ebay.com/b/Cartier-Yellow-Gold-Fine-Jewelry/4196/bn_2194152
Authentic Cartier Love Bracelet Charity Limited Edition White & Yellow Gold,1599.0,"$1,599.00",USD,1599.0,Pre-Owned,,,,,https://www.ebay.com/itm/307107536252,Cartier,Yellow Gold,https://www.ebay.com/b/Cartier-Yellow-Gold-Fine-Jewelry/4196/bn_2194152
Cartier Love 18k Yellow Gold 750 Bangle Bracelet Signed No Stone,5800.0,"$5,800.00",USD,5800.0,Pre-Owned,,,,,https://www.ebay.com/itm/147414277677,Cartier,Yellow Gold,https://www.ebay.com/b/Cartier-Yellow-Gold-Fine-Jewelry/4196/bn_2194152
Cartier Love Ring  18k Yellow Gold Size 7 Classic Wedding Or Anniversary In Box,1599.99,"$1,599.99",USD,1599.99,Pre-Owned,,,,,https://www.ebay.com/itm/358684139806,Cartier,Yellow Gold,https://www.ebay.com/b/Cartier-Yellow-Gold-Fine-Jewelry/4196/bn_2194152
Cartier Juste un Clou Size 16 Yellow Gold Bracelet Small Model 750 PGI,3250.0,"$3,250.00",USD,3250.0,Pre-Owned,,,,,https://www.ebay.com/itm/147481497426,Cartier,Yellow Gold,https://www.ebay.com/b/Cartier-Yellow-Gold-Fine-Jewelry/4196/bn_2194152
Cartier 18k Yellow Gold & Enamel C de Cartier Poker Chip Charm Pendant,699.99,$699.99,USD,699.99,Pre-Owned,,,,,https://www.ebay.com/itm/188551675302,Cartier,Yellow Gold,https://www.ebay.com/b/Cartier-Yellow-Gold-Fine-Jewelry/4196/bn_2194152
Cartier Juste un Clou 18k Yellow Gold Bracelet Classic Model Size 18,5990.0,"$5,990.00",USD,5990.0,Pre-Owned,,,,,https://www.ebay.com/itm/278234912293,Cartier,Yellow Gold,https://www.ebay.com/b/Cartier-Yellow-Gold-Fine-Jewelry/4196/bn_2194152
Authentic Cartier Love Ring 18K Yellow Gold Diamond Band Size 55 / US 7.25 4.6g,1399.0,"$1,399.00",USD,1399.0,Pre-Owned,,,,,https://www.ebay.com/itm/267714656606,Cartier,Yellow Gold,https://www.ebay.com/b/Cartier-Yellow-Gold-Fine-Jewelry/4196/bn_2194152
CARTIER Mini Love Ring 18k Yellow Gold Love Band Ring Size 52,1295.0,"$1,295.00",USD,1295.0,Pre-Owned,,,,,https://www.ebay.com/itm/800266923514,Cartier,Yellow Gold,https://www.ebay.com/b/Cartier-Yellow-Gold-Fine-Jewelry/4196/bn_2194152
CARTIER Love Bangle Bracelet. Cartier SM Size 17 18k Yellow Gold Full Package.,4830.0,"$4,830.00",USD,4830.0,Pre-Owned,,,,,https://www.ebay.com/itm/257602934292,Cartier,Yellow Gold,https://www.ebay.com/b/Cartier-Yellow-Gold-Fine-Jewelry/4196/bn_2194152
Cartier Love Small Model 18k Yellow Gold Bangle Bracelet Size 15 With Papers,4200.0,"$4,200.00",USD,4200.0,Pre-Owned,,,,,https://www.ebay.com/itm/366586045651,Cartier,Yellow Gold,https://www.ebay.com/b/Cartier-Yellow-Gold-Fine-Jewelry/4196/bn_2194152
Ladies Vintage 18K Yellow Gold Cartier 1999 Collection Paris Nouvelle Vague Ring,14995.0,"$14,995.00",USD,14995.0,Pre-Owned,,,,,https://www.ebay.com/itm/267713869073,Cartier,Yellow Gold,https://www.ebay.com/b/Cartier-Yellow-Gold-Fine-Jewelry/4196/bn_2194152
Cartier Love Small Model 18k Yellow Gold Bangle Bracelet Size 16,4559.0,"$4,559.00",USD,4559.0,Pre-Owned,,,,,https://www.ebay.com/itm/278012115321,Cartier,Yellow Gold,https://www.ebay.com/b/Cartier-Yellow-Gold-Fine-Jewelry/4196/bn_2194152
Cartier 18k Yellow Gold Classic Ring with Single Diamond.,1500.0,"$1,500.00",USD,1500.0,New (Other),,,,,https://www.ebay.com/itm/800294348603,Cartier,Yellow Gold,https://www.ebay.com/b/Cartier-Yellow-Gold-Fine-Jewelry/4196/bn_2194152
Cartier Love Bracelet Small Model 18K Yellow Gold Size 17 - Expedited Shipping!,3999.99,"$3,999.99",USD,3999.99,Pre-Owned,,,,,https://www.ebay.com/itm/206466201351,Cartier,Yellow Gold,https://www.ebay.com/b/Cartier-Yellow-Gold-Fine-Jewelry/4196/bn_2194152
Cartier 18k Yellow Gold 10 Diamond Love Bracelet ( no Screwdriver included),9999.99,"$9,999.99",USD,9999.99,Pre-Owned,,,,,https://www.ebay.com/itm/137537014281,Cartier,Yellow Gold,https://www.ebay.com/b/Cartier-Yellow-Gold-Fine-Jewelry/4196/bn_2194152
"Cartier LOVE Bracelet – Classic Model 18K Yellow Gold – Size 17 Retail $7,950",6400.0,"$6,400.00",USD,6400.0,Pre-Owned,,,,,https://www.ebay.com/itm/287505913258,Cartier,Yellow Gold,https://www.ebay.com/b/Cartier-Yellow-Gold-Fine-Jewelry/4196/bn_2194152
CARTIER Natural Blood Red Ruby Oval White Diamonds Baguette Ring 18k Yellow Gold,13000.0,"$13,000.00",USD,13000.0,Pre-Owned,,,,,https://www.ebay.com/itm/168498982565,Cartier,Yellow Gold,https://www.ebay.com/b/Cartier-Yellow-Gold-Fine-Jewelry/4196/bn_2194152
Cartier 18k Yellow Gold Juste Un Clou Small Model Bangle Bracelet Size 18,3525.0,"$3,525.00",USD,3525.0,Pre-Owned,,,,,https://www.ebay.com/itm/278225910103,Cartier,Yellow Gold,https://www.ebay.com/b/Cartier-Yellow-Gold-Fine-Jewelry/4196/bn_2194152
Cartier Vintage 14k Yellow Gold Diamond LIBRA Zodiac Pendant Rare Estate,12999.0,"$12,999.00",USD,12999.0,Pre-Owned,,,,,https://www.ebay.com/itm/206465590540,Cartier,Yellow Gold,https://www.ebay.com/b/Cartier-Yellow-Gold-Fine-Jewelry/4196/bn_2194152
Cartier Love Round Ring 18k 750 Yellow Gold 5.5 mm Band Size 64 Or 10 3/4,2400.0,"$2,400.00",USD,2400.0,Pre-Owned,,,,,https://www.ebay.com/itm/178114630807,Cartier,Yellow Gold,https://www.ebay.com/b/Cartier-Yellow-Gold-Fine-Jewelry/4196/bn_2194152
CARTIER PARIS GAY FRERES 18k Yellow Gold & Diamond Bone Cuff 1970s Vintage,7500.0,"$7,500.00",USD,7500.0,Pre-Owned,,,,,https://www.ebay.com/itm/327288939492,Cartier,Yellow Gold,https://www.ebay.com/b/Cartier-Yellow-Gold-Fine-Jewelry/4196/bn_2194152
Cartier Love 18k Yellow Gold Size 15 Small Model Bangle Bracelet,4559.0,"$4,559.00",USD,4559.0,Pre-Owned,,,,,https://www.ebay.com/itm/278215119302,Cartier,Yellow Gold,https://www.ebay.com/b/Cartier-Yellow-Gold-Fine-Jewelry/4196/bn_2194152
Clash de CARTIER OTO591 Small Bangle Bracelet 33.9g Au 750 18k Yellow Gold - 19,8999.95,"$8,999.95",USD,8999.95,Pre-Owned,,,,,https://www.ebay.com/itm/398197054676,Cartier,Yellow Gold,https://www.ebay.com/b/Cartier-Yellow-Gold-Fine-Jewelry/4196/bn_2194152
Cartier Panther Ring 18k Yellow Gold Size 61   US 9.5,3499.0,"$3,499.00",USD,3499.0,Pre-Owned,,,,,https://www.ebay.com/itm/117312943764,Cartier,Yellow Gold,https://www.ebay.com/b/Cartier-Yellow-Gold-Fine-Jewelry/4196/bn_2194152
Cartier Juste un Clou Bracelet 18K Yellow Gold Small,3835.0,"$3,835.00",USD,3835.0,Pre-Owned,,,,,https://www.ebay.com/itm/127910538822,Cartier,Yellow Gold,https://www.ebay.com/b/Cartier-Yellow-Gold-Fine-Jewelry/4196/bn_2194152
CARTIER ECROU DE CARTIER RING 18K YELLOW GOLD SIZE 7 W/ BOX - R11517,2725.0,"$2,725.00",USD,2725.0,Pre-Owned,,,,,https://www.ebay.com/itm/198373496345,Cartier,Yellow Gold,https://www.ebay.com/b/Cartier-Yellow-Gold-Fine-Jewelry/4196/bn_2194152
Authentic Clash de Cartier Double Row 18K Yellow Gold Ring,4499.0,"$4,499.00",USD,4499.0,Pre-Owned,,,,,https://www.ebay.com/itm/397862048025,Cartier,Yellow Gold,https://www.ebay.com/b/Cartier-Yellow-Gold-Fine-Jewelry/4196/bn_2194152
Cartier Love Bracelet 18K Yellow Gold Diamond and Tsavorite,89500.0,"$89,500.00",USD,89500.0,Brand New,,,,,https://www.ebay.com/itm/257658456254,Cartier,Yellow Gold,https://www.ebay.com/b/Cartier-Yellow-Gold-Fine-Jewelry/4196/bn_2194152
Cartier Love Bracelet Small 18K Yellow Gold 17cm Ref. CRB6081517 Set w/Box&P,5880.0,"$5,880.00",USD,5880.0,Pre-Owned,,,,,https://www.ebay.com/itm/147460876700,Cartier,Yellow Gold,https://www.ebay.com/b/Cartier-Yellow-Gold-Fine-Jewelry/4196/bn_2194152
Cartier Love Limited 18k YELLOW Gold Sapphire Gem Rainbow Bracelet Sz 17 Box COA,14995.0,"$14,995.00",USD,14995.0,Pre-Owned,,,,,https://www.ebay.com/itm/178367781167,Cartier,Yellow Gold,https://www.ebay.com/b/Cartier-Yellow-Gold-Fine-Jewelry/4196/bn_2194152
"Cartier 18K Yellow Gold Signed Bangle Bracelet, 750 Mark, No Stone",3942.5,"$3,942.50",USD,3942.5,Pre-Owned,,,,,https://www.ebay.com/itm/398238781505,Cartier,Yellow Gold,https://www.ebay.com/b/Cartier-Yellow-Gold-Fine-Jewelry/4196/bn_2194152
Cartier Love 18k Yellow Gold 5.5 mm Band Size 60,1800.0,"$1,800.00",USD,1800.0,Pre-Owned,,,,,https://www.ebay.com/itm/117331492485,Cartier,Yellow Gold,https://www.ebay.com/b/Cartier-Yellow-Gold-Fine-Jewelry/4196/bn_2194152
Cartier Love Ring classic 18K Yellow Gold 3 diamonds Size 53 5.5mm Signed,3000.0,"$3,000.00",USD,3000.0,New (Other),,,,,https://www.ebay.com/itm/407059417028,Cartier,Yellow Gold,https://www.ebay.com/b/Cartier-Yellow-Gold-Fine-Jewelry/4196/bn_2194152
Cartier Juste un Clou Double Ring 18K Yellow Gold and Diamonds Small,3670.0,"$3,670.00",USD,3670.0,Pre-Owned,,,,,https://www.ebay.com/itm/127710220616,Cartier,Yellow Gold,https://www.ebay.com/b/Cartier-Yellow-Gold-Fine-Jewelry/4196/bn_2194152
Cartier Clash De Cartier Medium Model Ring 18K Yellow Gold Size 60,3200.0,"$3,200.00",USD,3200.0,Pre-Owned,,,,,https://www.ebay.com/itm/336656943160,Cartier,Yellow Gold,https://www.ebay.com/b/Cartier-Yellow-Gold-Fine-Jewelry/4196/bn_2194152
"$3,900 Men's Clash De Cartier 18k Yellow Gold 8mm Medium Ring Band #70 Size 13",2750.0,"$2,750.00",USD,2750.0,Pre-Owned,,,,,https://www.ebay.com/itm/178378701676,Cartier,Yellow Gold,https://www.ebay.com/b/Cartier-Yellow-Gold-Fine-Jewelry/4196/bn_2194152
Cartier Love 18k Yellow Gold Diamond Ring Size 56,5781.0,"$5,781.00",USD,5781.0,Pre-Owned,,,,,https://www.ebay.com/itm/278232111795,Cartier,Yellow Gold,https://www.ebay.com/b/Cartier-Yellow-Gold-Fine-Jewelry/4196/bn_2194152
NIB 18k Yellow Gold Cartier Love Unlimited Bracelet Size 14 Box COA SOLD OUT,12495.0,"$12,495.00",USD,12495.0,Brand New,,,,,https://www.ebay.com/itm/198530772464,Cartier,Yellow Gold,https://www.ebay.com/b/Cartier-Yellow-Gold-Fine-Jewelry/4196/bn_2194152
Cartier Diamond Love Ring 18K Yellow Gold With Box and Papers EU49,2250.0,"$2,250.00",USD,2250.0,Pre-Owned,,,,,https://www.ebay.com/itm/127642145718,Cartier,Yellow Gold,https://www.ebay.com/b/Cartier-Yellow-Gold-Fine-Jewelry/4196/bn_2194152
18k Yellow Gold Cartier Love Unlimited Ring Sz 62 (10) Purchase Receipt SOLD OUT,3799.0,"$3,799.00",USD,3799.0,Brand New,,,,,https://www.ebay.com/itm/198530772468,Cartier,Yellow Gold,https://www.ebay.com/b/Cartier-Yellow-Gold-Fine-Jewelry/4196/bn_2194152
"Cartier Single Diamond Love Ring 18K Yellow Gold, Size 57 (US 8), 5.12 Grams",2395.0,"$2,395.00",USD,2395.0,Pre-Owned,,,,,https://www.ebay.com/itm/267719424186,Cartier,Yellow Gold,https://www.ebay.com/b/Cartier-Yellow-Gold-Fine-Jewelry/4196/bn_2194152
CARTIER Love 2 Diamonds Pendant and Love Bracelet On Chain Set 18K Yellow Gold,5432.0,"$5,432.00",USD,5432.0,Pre-Owned,,,,,https://www.ebay.com/itm/158045413204,Cartier,Yellow Gold,https://www.ebay.com/b/Cartier-Yellow-Gold-Fine-Jewelry/4196/bn_2194152
Cartier Love Bracelet Small Size 16 Yellow Gold With Box Just Polished,4850.0,"$4,850.00",USD,4850.0,Pre-Owned,,,,,https://www.ebay.com/itm/168586250647,Cartier,Yellow Gold,https://www.ebay.com/b/Cartier-Yellow-Gold-Fine-Jewelry/4196/bn_2194152
NEW- Cartier Love Necklace with Pendant 18k Yellow Gold and two Diamonds,2799.0,"$2,799.00",USD,2799.0,Brand New,,,,,https://www.ebay.com/itm/336555841729,Cartier,Yellow Gold,https://www.ebay.com/b/Cartier-Yellow-Gold-Fine-Jewelry/4196/bn_2194152
Cartier Love 18K Yellow Gold Wedding Band Ring,1200.0,"$1,200.00",USD,1200.0,Pre-Owned,,,,,https://www.ebay.com/itm/158093827912,Cartier,Yellow Gold,https://www.ebay.com/b/Cartier-Yellow-Gold-Fine-Jewelry/4196/bn_2194152
"Cartier LOVE 18K Yellow Gold 10 Diamonds 0.96 ct Bracelet SZ 16 Rtl $19,200",12995.0,"$12,995.00",USD,12995.0,Pre-Owned,,,,,https://www.ebay.com/itm/267711132448,Cartier,Yellow Gold,https://www.ebay.com/b/Cartier-Yellow-Gold-Fine-Jewelry/4196/bn_2194152
Authentic Cartier 18kt Yellow Gold Juste Un Clou Small Earrings,3000.0,"$3,000.00",USD,3000.0,Pre-Owned,,,,,https://www.ebay.com/itm/287008955640,Cartier,Yellow Gold,https://www.ebay.com/b/Cartier-Yellow-Gold-Fine-Jewelry/4196/bn_2194152
Cartier Draperie Diamond 18k Yellow Gold Tassel Fringe Earrings,12800.0,"$12,800.00",USD,12800.0,Pre-Owned,,,,,https://www.ebay.com/itm/227435958578,Cartier,Yellow Gold,https://www.ebay.com/b/Cartier-Yellow-Gold-Fine-Jewelry/4196/bn_2194152
Vintage 18K Yellow Gold CARTIER Ring Beaded Band  Blue Green Enamel Sz 8 Pretty,2875.0,"$2,875.00",USD,2875.0,Pre-Owned,,,,,https://www.ebay.com/itm/158004273737,Cartier,Yellow Gold,https://www.ebay.com/b/Cartier-Yellow-Gold-Fine-Jewelry/4196/bn_2194152
Cartier Juste un Clou Double Ring 18K Yellow Gold and Diamonds Small,3555.0,"$3,555.00",USD,3555.0,Pre-Owned,,,,,https://www.ebay.com/itm/116998988861,Cartier,Yellow Gold,https://www.ebay.com/b/Cartier-Yellow-Gold-Fine-Jewelry/4196/bn_2194152
Cartier Baby Love Pendant Necklace 18K Yellow Gold,2375.0,"$2,375.00",USD,2375.0,Pre-Owned,,,,,https://www.ebay.com/itm/298515081912,Cartier,Yellow Gold,https://www.ebay.com/b/Cartier-Yellow-Gold-Fine-Jewelry/4196/bn_2194152
Cartier Mini Love Yellow gold US#5 EU#49 Ring,817.0,$817.00,USD,817.0,Pre-Owned,,,,,https://www.ebay.com/itm/137398159213,Cartier,Yellow Gold,https://www.ebay.com/b/Cartier-Yellow-Gold-Fine-Jewelry/4196/bn_2194152
Cartier Love Ring Yellow Gold | 18K | Size 65mm (US 11),1750.0,"$1,750.00",USD,1750.0,Pre-Owned,,,,,https://www.ebay.com/itm/404925119317,Cartier,Yellow Gold,https://www.ebay.com/b/Cartier-Yellow-Gold-Fine-Jewelry/4196/bn_2194152
Men's Cartier Santos Dumont 18k Yellow Gold Tiger Eye Ring Band Size #56 7.5,5500.0,"$5,500.00",USD,5500.0,Pre-Owned,,,,,https://www.ebay.com/itm/158071345214,Cartier,Yellow Gold,https://www.ebay.com/b/Cartier-Yellow-Gold-Fine-Jewelry/4196/bn_2194152
Cartier Love Pendant 18 karat yellow gold Necklace Pre Owned,1900.0,"$1,900.00",USD,1900.0,Pre-Owned,,,,,https://www.ebay.com/itm/404249675520,Cartier,Yellow Gold,https://www.ebay.com/b/Cartier-Yellow-Gold-Fine-Jewelry/4196/bn_2194152
"Cartier 18K Yellow Gold Rectangle Ingot Bar Pendant Charm – Signed, No Stone",8900.0,"$8,900.00",USD,8900.0,Pre-Owned,,,,,https://www.ebay.com/itm/800298621991,Cartier,Yellow Gold,https://www.ebay.com/b/Cartier-Yellow-Gold-Fine-Jewelry/4196/bn_2194152
CARTIER Santos de Cartier Chain Bracelet Medium Model 18K Yellow Gold,4595.0,"$4,595.00",USD,4595.0,Pre-Owned,,,,,https://www.ebay.com/itm/147472388719,Cartier,Yellow Gold,https://www.ebay.com/b/Cartier-Yellow-Gold-Fine-Jewelry/4196/bn_2194152
CARTIER LOVE CUFF BRACELET 18K YELLOW GOLD W/BOX & CERTIFICATE SIZE 20 - B4179,6100.0,"$6,100.00",USD,6100.0,Pre-Owned,,,,,https://www.ebay.com/itm/206429091787,Cartier,Yellow Gold,https://www.ebay.com/b/Cartier-Yellow-Gold-Fine-Jewelry/4196/bn_2194152
Cartier 18K Yellow Gold Love Ring Size 63,1800.0,"$1,800.00",USD,1800.0,Pre-Owned,,,,,https://www.ebay.com/itm/406693874379,Cartier,Yellow Gold,https://www.ebay.com/b/Cartier-Yellow-Gold-Fine-Jewelry/4196/bn_2194152
Cartier Corona Habana Cigar Band Ring 18K Yellow Gold Red Enamel Vintage 1970s,8795.0,"$8,795.00",USD,8795.0,Pre-Owned,,,,,https://www.ebay.com/itm/377343078975,Cartier,Yellow Gold,https://www.ebay.com/b/Cartier-Yellow-Gold-Fine-Jewelry/4196/bn_2194152
Cartier 18k 750 Yellow Gold Love Band Ring Classic Model Size 65,1580.0,"$1,580.00",USD,1580.0,Pre-Owned,,,,,https://www.ebay.com/itm/206395654561,Cartier,Yellow Gold,https://www.ebay.com/b/Cartier-Yellow-Gold-Fine-Jewelry/4196/bn_2194152
Cartier 4 Diamond 18K Yellow Gold Love Bracelet Size 17,11000.0,"$11,000.00",USD,11000.0,Pre-Owned,,,,,https://www.ebay.com/itm/407098068710,Cartier,Yellow Gold,https://www.ebay.com/b/Cartier-Yellow-Gold-Fine-Jewelry/4196/bn_2194152
Cartier Solid 18kt Yellow Gold Classic Model LOVE Screw Band Ring Size 9 59,1767.99,"$1,767.99",USD,1767.99,Pre-Owned,,,,,https://www.ebay.com/itm/257610838294,Cartier,Yellow Gold,https://www.ebay.com/b/Cartier-Yellow-Gold-Fine-Jewelry/4196/bn_2194152
Cartier Juste Un Clou Diamond SM 18K Yellow Gold Ring Size 54,5500.0,"$5,500.00",USD,5500.0,Pre-Owned,,,,,https://www.ebay.com/itm/406627161123,Cartier,Yellow Gold,https://www.ebay.com/b/Cartier-Yellow-Gold-Fine-Jewelry/4196/bn_2194152
Cartier 1895 Diamond Wedding Ring Yellow Gold,789.0,$789.00,USD,789.0,Pre-Owned,,,,,https://www.ebay.com/itm/317076583423,Cartier,Yellow Gold,https://www.ebay.com/b/Cartier-Yellow-Gold-Fine-Jewelry/4196/bn_2194152
Cartier love ring yellow gold pre owned Size 50 Small Model,1000.0,"$1,000.00",USD,1000.0,Pre-Owned,,,,,https://www.ebay.com/itm/406706159762,Cartier,Yellow Gold,https://www.ebay.com/b/Cartier-Yellow-Gold-Fine-Jewelry/4196/bn_2194152
Panthere de Cartier Earrings 18K White Gold,13000.0,"$13,000.00",USD,13000.0,Pre-Owned,,,,,https://www.ebay.com/itm/278232518516,Cartier,White Gold,https://www.ebay.com/b/Cartier-White-Gold-Fine-Jewelry/4196/bn_2194640
"Cartier Juste un Clou 18K White Gold Classic Bracelet with Diamonds, Size 15",15300.0,"$15,300.00",USD,15300.0,Pre-Owned,,,,,https://www.ebay.com/itm/257443461661,Cartier,White Gold,https://www.ebay.com/b/Cartier-White-Gold-Fine-Jewelry/4196/bn_2194640
Cartier Love Classic 6 Diamond 18k White Gold Bangle Bracelet Sz 16,16380.0,"$16,380.00",USD,16380.0,Pre-Owned,,,,,https://www.ebay.com/itm/286985937054,Cartier,White Gold,https://www.ebay.com/b/Cartier-White-Gold-Fine-Jewelry/4196/bn_2194640
Cartier Love Ceramic Pave Diamond White Gold Ring Sz 5 1/4,30000.0,"$30,000.00",USD,30000.0,Pre-Owned,,,,,https://www.ebay.com/itm/286985949927,Cartier,White Gold,https://www.ebay.com/b/Cartier-White-Gold-Fine-Jewelry/4196/bn_2194640
Cartier Vintage C de Cartier 18k White Gold Ring size 50,800.0,$800.00,USD,800.0,Pre-Owned,,,,,https://www.ebay.com/itm/198550332683,Cartier,White Gold,https://www.ebay.com/b/Cartier-White-Gold-Fine-Jewelry/4196/bn_2194640
Cartier Small White Gold Love Ring Size 55,845.0,$845.00,USD,845.0,Pre-Owned,,,,,https://www.ebay.com/itm/168533777674,Cartier,White Gold,https://www.ebay.com/b/Cartier-White-Gold-Fine-Jewelry/4196/bn_2194640
"CARTIER D'AMOUR BRACELET, DIAMOND, WHITE GOLD 18K SMALL BOX",800.0,$800.00,USD,800.0,Pre-Owned,,,,,https://www.ebay.com/itm/236987765133,Cartier,White Gold,https://www.ebay.com/b/Cartier-White-Gold-Fine-Jewelry/4196/bn_2194640
"Cartier Trinity Classic Ring 18k White Gold & Black Ceramic Size 72 MSRP $2,080",1000.0,"$1,000.00",USD,1000.0,Pre-Owned,,,,,https://www.ebay.com/itm/206382314731,Cartier,White Gold,https://www.ebay.com/b/Cartier-White-Gold-Fine-Jewelry/4196/bn_2194640
"Cartier LOVE Ring, Small (Thin) Model 18K White Gold - Size 57MM (US 8)",1340.0,"$1,340.00",USD,1340.0,Brand New,,,,,https://www.ebay.com/itm/318654887628,Cartier,White Gold,https://www.ebay.com/b/Cartier-White-Gold-Fine-Jewelry/4196/bn_2194640
Cartier Love Bracelet 18k White Gold size 17,5650.0,"$5,650.00",USD,5650.0,Pre-Owned,,,,,https://www.ebay.com/itm/257570336098,Cartier,White Gold,https://www.ebay.com/b/Cartier-White-Gold-Fine-Jewelry/4196/bn_2194640
"Cartier Love Bracelet, Small Model Size 16, 18K White Gold Certificate + Receipt",4450.0,"$4,450.00",USD,4450.0,Brand New,,,,,https://www.ebay.com/itm/206167938040,Cartier,White Gold,https://www.ebay.com/b/Cartier-White-Gold-Fine-Jewelry/4196/bn_2194640
Cartier 18K White Gold 3.6mm Small Love Ring (Size 6.75),950.0,$950.00,USD,950.0,Pre-Owned,,,,,https://www.ebay.com/itm/117341466860,Cartier,White Gold,https://www.ebay.com/b/Cartier-White-Gold-Fine-Jewelry/4196/bn_2194640
"Cartier Juste Un Clou Ring 18k White Gold Size 6 With Box, Never Worn",1200.0,"$1,200.00",USD,1200.0,Brand New,,,,,https://www.ebay.com/itm/406907407496,Cartier,White Gold,https://www.ebay.com/b/Cartier-White-Gold-Fine-Jewelry/4196/bn_2194640
Cartier Diamond Solitaire Engagement Ring - White Gold 18k .53ct GIA Size 3 3/4,3849.99,"$3,849.99",USD,3849.99,Pre-Owned,,,,,https://www.ebay.com/itm/315183915048,Cartier,White Gold,https://www.ebay.com/b/Cartier-White-Gold-Fine-Jewelry/4196/bn_2194640
Cartier Pluie Diamond Bombe 18k White Gold Cocktail Ring,77640.0,"$77,640.00",USD,77640.0,Pre-Owned,,,,,https://www.ebay.com/itm/267499334828,Cartier,White Gold,https://www.ebay.com/b/Cartier-White-Gold-Fine-Jewelry/4196/bn_2194640
Les Must De Cartier 5 Bands Rolling Rings 18k Yellow Rose White Gold Sz 6.25 52,2299.99,"$2,299.99",USD,2299.99,Pre-Owned,,,,,https://www.ebay.com/itm/389534469918,Cartier,White Gold,https://www.ebay.com/b/Cartier-White-Gold-Fine-Jewelry/4196/bn_2194640
Cartier Love Bracelet - White Gold Brushed - Classic Size 19,4000.0,"$4,000.00",USD,4000.0,Pre-Owned,,,,,https://www.ebay.com/itm/137585674947,Cartier,White Gold,https://www.ebay.com/b/Cartier-White-Gold-Fine-Jewelry/4196/bn_2194640
Cartier Love Ring Small Version White Gold 49,899.0,$899.00,USD,899.0,Pre-Owned,,,,,https://www.ebay.com/itm/407088994972,Cartier,White Gold,https://www.ebay.com/b/Cartier-White-Gold-Fine-Jewelry/4196/bn_2194640
"Cartier Maillon Panthere Ring, 18K White Gold 2.5mm Size US 8 / Euro 58",799.0,$799.00,USD,799.0,Pre-Owned,,,,,https://www.ebay.com/itm/327265927464,Cartier,White Gold,https://www.ebay.com/b/Cartier-White-Gold-Fine-Jewelry/4196/bn_2194640
Cartier Juste un Clou White Gold,1900.0,"$1,900.00",USD,1900.0,Pre-Owned,,,,,https://www.ebay.com/itm/800124174017,Cartier,White Gold,https://www.ebay.com/b/Cartier-White-Gold-Fine-Jewelry/4196/bn_2194640
Cartier Love Bracelet Classic Model 18K White Gold Size 18 Full Set,5299.99,"$5,299.99",USD,5299.99,Pre-Owned,,,,,https://www.ebay.com/itm/257599062074,Cartier,White Gold,https://www.ebay.com/b/Cartier-White-Gold-Fine-Jewelry/4196/bn_2194640
Guaranteed Authentic Cartier 18K White Gold Love Ring 5.5mm Size 52 US 6 w/ Box,1395.0,"$1,395.00",USD,1395.0,Pre-Owned,,,,,https://www.ebay.com/itm/127997413816,Cartier,White Gold,https://www.ebay.com/b/Cartier-White-Gold-Fine-Jewelry/4196/bn_2194640
Fine 18ct White Gold Cartier Authentic Love Ring 3.8 Grams,619.53,$619.53,USD,619.53,Pre-Owned,,,,,https://www.ebay.com/itm/298549840635,Cartier,White Gold,https://www.ebay.com/b/Cartier-White-Gold-Fine-Jewelry/4196/bn_2194640
Cartier LOVE Ring White Gold 750 / Size 47 (Used - Great Condition),750.0,$750.00,USD,750.0,Pre-Owned,,,,,https://www.ebay.com/itm/127991177497,Cartier,White Gold,https://www.ebay.com/b/Cartier-White-Gold-Fine-Jewelry/4196/bn_2194640
Cartier Love Cuff Size 18 Bracelet 18k White Gold,5900.0,"$5,900.00",USD,5900.0,Pre-Owned,,,,,https://www.ebay.com/itm/407025022103,Cartier,White Gold,https://www.ebay.com/b/Cartier-White-Gold-Fine-Jewelry/4196/bn_2194640
Authentic Cartier Entrelace Diamond Dbl C Band 18K White Gold + Original Receipt,1999.08,"$1,999.08",USD,1999.08,Pre-Owned,,,,,https://www.ebay.com/itm/267748654725,Cartier,White Gold,https://www.ebay.com/b/Cartier-White-Gold-Fine-Jewelry/4196/bn_2194640
Cartier Signed 18k White Gold Diamond Pavé Love Bangle Bracelet,4603.72,"$4,603.72",USD,4603.72,Pre-Owned,,,,,https://www.ebay.com/itm/318669156687,Cartier,White Gold,https://www.ebay.com/b/Cartier-White-Gold-Fine-Jewelry/4196/bn_2194640
CARTIER   Ring Three colors #55 K18 Yellow Gold K18 White Gold US size 7,750.0,$750.00,USD,750.0,Pre-Owned,,,,,https://www.ebay.com/itm/267732386331,Cartier,White Gold,https://www.ebay.com/b/Cartier-White-Gold-Fine-Jewelry/4196/bn_2194640
Cartier Sorbet Diamond 18k White Gold Cocktail Ring Sz 4 1/4,10200.0,"$10,200.00",USD,10200.0,Pre-Owned,,,,,https://www.ebay.com/itm/257241410470,Cartier,White Gold,https://www.ebay.com/b/Cartier-White-Gold-Fine-Jewelry/4196/bn_2194640
Cartier C de Cartier Vintage 18k White Gold Diamond Solitaire Ring,3900.0,"$3,900.00",USD,3900.0,Pre-Owned,,,,,https://www.ebay.com/itm/286985941235,Cartier,White Gold,https://www.ebay.com/b/Cartier-White-Gold-Fine-Jewelry/4196/bn_2194640
Cartier Hypnose Diamond Enamel 18k White Gold Pendant Necklace,106200.0,"$106,200.00",USD,106200.0,Pre-Owned,,,,,https://www.ebay.com/itm/267499333814,Cartier,White Gold,https://www.ebay.com/b/Cartier-White-Gold-Fine-Jewelry/4196/bn_2194640
Cartier Vintage Walking Panthere 18k Yellow & White Gold Hoop Earrings,24000.0,"$24,000.00",USD,24000.0,Pre-Owned,,,,,https://www.ebay.com/itm/267499334293,Cartier,White Gold,https://www.ebay.com/b/Cartier-White-Gold-Fine-Jewelry/4196/bn_2194640
Cartier Love Ring Classic Model 18K White Gold 5.5 mm Size 58 / US 8.25 Full Set,1395.0,"$1,395.00",USD,1395.0,Pre-Owned,,,,,https://www.ebay.com/itm/366589009861,Cartier,White Gold,https://www.ebay.com/b/Cartier-White-Gold-Fine-Jewelry/4196/bn_2194640
Cartier Santos 18K White Gold Hawk’s Eye Dumont Ring,4995.0,"$4,995.00",USD,4995.0,Pre-Owned,,,,,https://www.ebay.com/itm/117338997710,Cartier,White Gold,https://www.ebay.com/b/Cartier-White-Gold-Fine-Jewelry/4196/bn_2194640
18K White Gold Cartier Love Ring Sz: 7.5 - 3.5G! (WMP020330),1039.99,"$1,039.99",USD,1039.99,Pre-Owned,,,,,https://www.ebay.com/itm/398246665679,Cartier,White Gold,https://www.ebay.com/b/Cartier-White-Gold-Fine-Jewelry/4196/bn_2194640
Cartier LOVE Bracelet 18K White Gold 4 Diamond Size 17 Bangle 750 CRD319012,7495.0,"$7,495.00",USD,7495.0,Pre-Owned,,,,,https://www.ebay.com/itm/377391218482,Cartier,White Gold,https://www.ebay.com/b/Cartier-White-Gold-Fine-Jewelry/4196/bn_2194640
Cartier Love Ring Size 60 US 9 18K White Gold 750 Classic Band Authentic,949.05,$949.05,USD,949.05,Pre-Owned,,,,,https://www.ebay.com/itm/147459267864,Cartier,White Gold,https://www.ebay.com/b/Cartier-White-Gold-Fine-Jewelry/4196/bn_2194640
Cartier Love Interlocking Necklace 18K White Gold,2100.0,"$2,100.00",USD,2100.0,New (Other),,,,,https://www.ebay.com/itm/358183220176,Cartier,White Gold,https://www.ebay.com/b/Cartier-White-Gold-Fine-Jewelry/4196/bn_2194640
Authentic Cartier 18k White Gold Amouret  Trinity Ring 12.58g,2200.0,"$2,200.00",USD,2200.0,Pre-Owned,,,,,https://www.ebay.com/itm/257547169032,Cartier,White Gold,https://www.ebay.com/b/Cartier-White-Gold-Fine-Jewelry/4196/bn_2194640
Cartier 18K White Gold Band Ring Size 10 Silver Tone No Stone w/ Box,2000.0,"$2,000.00",USD,2000.0,Pre-Owned,,,,,https://www.ebay.com/itm/188538408987,Cartier,White Gold,https://www.ebay.com/b/Cartier-White-Gold-Fine-Jewelry/4196/bn_2194640
Vintage Cartier Love Ring 18K White Gold Pave Diamond Mini 59 Sz 8.75 Authentic,3449.99,"$3,449.99",USD,3449.99,Pre-Owned,,,,,https://www.ebay.com/itm/267746714015,Cartier,White Gold,https://www.ebay.com/b/Cartier-White-Gold-Fine-Jewelry/4196/bn_2194640
Cartier Juste un Clou Ring 18K White Gold,1775.0,"$1,775.00",USD,1775.0,Pre-Owned,,,,,https://www.ebay.com/itm/117299708461,Cartier,White Gold,https://www.ebay.com/b/Cartier-White-Gold-Fine-Jewelry/4196/bn_2194640
CARTIER 18K WHITE GOLD JUSTE UN CLOU BANGLE BRACELET SIZE 17 W/BOX &CERT - B4129,7900.0,"$7,900.00",USD,7900.0,Pre-Owned,,,,,https://www.ebay.com/itm/198476311407,Cartier,White Gold,https://www.ebay.com/b/Cartier-White-Gold-Fine-Jewelry/4196/bn_2194640
Cartier Love Ring Polished 18k White Gold 6.05 mm Band Size 7,2100.0,"$2,100.00",USD,2100.0,Pre-Owned,,,,,https://www.ebay.com/itm/287505665809,Cartier,White Gold,https://www.ebay.com/b/Cartier-White-Gold-Fine-Jewelry/4196/bn_2194640
Cartier Love 18k White Gold Size 50 Ring,1300.0,"$1,300.00",USD,1300.0,Pre-Owned,,,,,https://www.ebay.com/itm/287501375506,Cartier,White Gold,https://www.ebay.com/b/Cartier-White-Gold-Fine-Jewelry/4196/bn_2194640
CARTIER LOVE 18K WHITE GOLD CLASSIC BRACELET SIZE 16 W/ BOX & CERT- B4181,5600.0,"$5,600.00",USD,5600.0,Pre-Owned,,,,,https://www.ebay.com/itm/198521491060,Cartier,White Gold,https://www.ebay.com/b/Cartier-White-Gold-Fine-Jewelry/4196/bn_2194640
Cartier Love Signed 18k White Gold Screw Bangle Bracelet w/ Box & Screwdriver,5005.0,"$5,005.00",USD,5005.0,Pre-Owned,,,,,https://www.ebay.com/itm/800463960683,Cartier,White Gold,https://www.ebay.com/b/Cartier-White-Gold-Fine-Jewelry/4196/bn_2194640
Cartier Juste Un Clou 18k White Gold Bracelet Size 18 Box COA $10K,7699.99,"$7,699.99",USD,7699.99,Pre-Owned,,,,,https://www.ebay.com/itm/198542153278,Cartier,White Gold,https://www.ebay.com/b/Cartier-White-Gold-Fine-Jewelry/4196/bn_2194640
Cartier Love 18k White Gold Diamond Size 53 Ring,6133.0,"$6,133.00",USD,6133.0,Pre-Owned,,,,,https://www.ebay.com/itm/287401840185,Cartier,White Gold,https://www.ebay.com/b/Cartier-White-Gold-Fine-Jewelry/4196/bn_2194640
Authentic 18K white gold Gold Cartier Love Ring Size 48/4.5 With Box,995.0,$995.00,USD,995.0,Pre-Owned,,,,,https://www.ebay.com/itm/327223766804,Cartier,White Gold,https://www.ebay.com/b/Cartier-White-Gold-Fine-Jewelry/4196/bn_2194640
Cartier Love Ring 18K White Gold 3 Diamond Band  Authentic!,1999.0,"$1,999.00",USD,1999.0,Pre-Owned,,,,,https://www.ebay.com/itm/188690299630,Cartier,White Gold,https://www.ebay.com/b/Cartier-White-Gold-Fine-Jewelry/4196/bn_2194640
Cartier Love Ring Classic Model 18k White Gold 3 Diamonds Ring US Size 5,1595.0,"$1,595.00",USD,1595.0,Pre-Owned,,,,,https://www.ebay.com/itm/298465175744,Cartier,White Gold,https://www.ebay.com/b/Cartier-White-Gold-Fine-Jewelry/4196/bn_2194640
Cartier Love 18k White Gold Multi Gemstone Size 16 Bangle Bracelet,8950.0,"$8,950.00",USD,8950.0,Pre-Owned,,,,,https://www.ebay.com/itm/287391157674,Cartier,White Gold,https://www.ebay.com/b/Cartier-White-Gold-Fine-Jewelry/4196/bn_2194640
Cartier Love 18k White Gold Multi Gemstone Bangle Bracelet Size 16,8950.0,"$8,950.00",USD,8950.0,Pre-Owned,,,,,https://www.ebay.com/itm/278148215463,Cartier,White Gold,https://www.ebay.com/b/Cartier-White-Gold-Fine-Jewelry/4196/bn_2194640
Cartier LOVE Bracelet Classic 2016 Size 19 37 Grams (18K White Gold),5500.0,"$5,500.00",USD,5500.0,Pre-Owned,,,,,https://www.ebay.com/itm/168558154056,Cartier,White Gold,https://www.ebay.com/b/Cartier-White-Gold-Fine-Jewelry/4196/bn_2194640
Cartier Love Ring Classic Model 18K White Gold 5.5mm Size 54 US 6.75 Thick Band,1325.0,"$1,325.00",USD,1325.0,Pre-Owned,,,,,https://www.ebay.com/itm/366566967119,Cartier,White Gold,https://www.ebay.com/b/Cartier-White-Gold-Fine-Jewelry/4196/bn_2194640
Cartier Trinity Rolling Ring  Large 18k Y Rose & White Gold Size 61 (5) vintage,2100.0,"$2,100.00",USD,2100.0,Pre-Owned,,,,,https://www.ebay.com/itm/257612416218,Cartier,White Gold,https://www.ebay.com/b/Cartier-White-Gold-Fine-Jewelry/4196/bn_2194640
Authentic Cartier Love Ring 18K White Gold 750 Size 60 Box & Papers 2023,1200.0,"$1,200.00",USD,1200.0,Pre-Owned,,,,,https://www.ebay.com/itm/358800605802,Cartier,White Gold,https://www.ebay.com/b/Cartier-White-Gold-Fine-Jewelry/4196/bn_2194640
Cartier Ring Juste un Clou Classic Nail Motif SZ. 5 SM. 750/18K White Gold Used,1300.0,"$1,300.00",USD,1300.0,Pre-Owned,,,,,https://www.ebay.com/itm/236889093914,Cartier,White Gold,https://www.ebay.com/b/Cartier-White-Gold-Fine-Jewelry/4196/bn_2194640
Cartier Double C Ring in White Gold Sz. 57,1299.0,"$1,299.00",USD,1299.0,Pre-Owned,,,,,https://www.ebay.com/itm/157991363110,Cartier,White Gold,https://www.ebay.com/b/Cartier-White-Gold-Fine-Jewelry/4196/bn_2194640
Cartier Clash de Cartier 18K White Gold Flexible Bracelet 7” Long Estate,8999.0,"$8,999.00",USD,8999.0,Pre-Owned,,,,,https://www.ebay.com/itm/206303333201,Cartier,White Gold,https://www.ebay.com/b/Cartier-White-Gold-Fine-Jewelry/4196/bn_2194640
Cartier 18k White Gold Love Hoop Earrings - Small Model,1999.99,"$1,999.99",USD,1999.99,Pre-Owned,,,,,https://www.ebay.com/itm/188627066416,Cartier,White Gold,https://www.ebay.com/b/Cartier-White-Gold-Fine-Jewelry/4196/bn_2194640
Cartier Love 18k White Gold Multi-Gemstone Size 17 Bangle Bracelet,8950.0,"$8,950.00",USD,8950.0,Pre-Owned,,,,,https://www.ebay.com/itm/278101853778,Cartier,White Gold,https://www.ebay.com/b/Cartier-White-Gold-Fine-Jewelry/4196/bn_2194640
"Cartier Love 18K White Gold Paved Diamond Band Ring, Size 65 (US 11.25 - 11.5)",6250.0,"$6,250.00",USD,6250.0,Pre-Owned,,,,,https://www.ebay.com/itm/257664753532,Cartier,White Gold,https://www.ebay.com/b/Cartier-White-Gold-Fine-Jewelry/4196/bn_2194640
Cartier Love Ring 18K White  Gold 53  Size 6.5US,999.99,$999.99,USD,999.99,Pre-Owned,,,,,https://www.ebay.com/itm/267701052755,Cartier,White Gold,https://www.ebay.com/b/Cartier-White-Gold-Fine-Jewelry/4196/bn_2194640
Auth Cartier Love Wedding Band Ring 14k White Gold,850.0,$850.00,USD,850.0,Pre-Owned,,,,,https://www.ebay.com/itm/227330251448,Cartier,White Gold,https://www.ebay.com/b/Cartier-White-Gold-Fine-Jewelry/4196/bn_2194640
Cartier Love 18k White Gold Diamond Size 61 Ring,3525.0,"$3,525.00",USD,3525.0,Pre-Owned,,,,,https://www.ebay.com/itm/287427469478,Cartier,White Gold,https://www.ebay.com/b/Cartier-White-Gold-Fine-Jewelry/4196/bn_2194640
"Authentic Cartier  18K White Gold Juste Un Clou Hoop Earrings, Small Model",3450.0,"$3,450.00",USD,3450.0,Pre-Owned,,,,,https://www.ebay.com/itm/147472005041,Cartier,White Gold,https://www.ebay.com/b/Cartier-White-Gold-Fine-Jewelry/4196/bn_2194640
18K White Gold Cartier D'Amour Mini Model Diamond Studs,1280.0,"$1,280.00",USD,1280.0,Pre-Owned,,,,,https://www.ebay.com/itm/188386858809,Cartier,White Gold,https://www.ebay.com/b/Cartier-White-Gold-Fine-Jewelry/4196/bn_2194640
Cartier Maillon Panthère 18K White Gold 12‑Diamond Ring Size7.5  No Accessories,2289.0,"$2,289.00",USD,2289.0,Pre-Owned,,,,,https://www.ebay.com/itm/800421336976,Cartier,White Gold,https://www.ebay.com/b/Cartier-White-Gold-Fine-Jewelry/4196/bn_2194640
Authentic Cartier Juste Un Clou Ring 18K White Gold Full Set Box Receipt,2500.0,"$2,500.00",USD,2500.0,Pre-Owned,,,,,https://www.ebay.com/itm/257511354381,Cartier,White Gold,https://www.ebay.com/b/Cartier-White-Gold-Fine-Jewelry/4196/bn_2194640
Cartier Trinity Rolling Ring 18k Yellow Rose & White Gold Size 8 EU56,1850.0,"$1,850.00",USD,1850.0,Pre-Owned,,,,,https://www.ebay.com/itm/287432063285,Cartier,White Gold,https://www.ebay.com/b/Cartier-White-Gold-Fine-Jewelry/4196/bn_2194640
"Cartier Santos De Cartier 18K White Gold Chain Bracelet Size 7.5"" 9.7 Grams",3000.0,"$3,000.00",USD,3000.0,Pre-Owned,,,,,https://www.ebay.com/itm/117339024974,Cartier,White Gold,https://www.ebay.com/b/Cartier-White-Gold-Fine-Jewelry/4196/bn_2194640
Cartier Love 18k White Gold Sapphire Multi Gem Rainbow Bracelet Sz 16 Box COA,11995.0,"$11,995.00",USD,11995.0,Pre-Owned,,,,,https://www.ebay.com/itm/178351814429,Cartier,White Gold,https://www.ebay.com/b/Cartier-White-Gold-Fine-Jewelry/4196/bn_2194640
Cartier Love 18K White Gold Band Ring Size 52 6mm Engraved Signed 52833A,1050.0,"$1,050.00",USD,1050.0,Pre-Owned,,,,,https://www.ebay.com/itm/137569741161,Cartier,White Gold,https://www.ebay.com/b/Cartier-White-Gold-Fine-Jewelry/4196/bn_2194640
Authentic Cartier 18 Kt White Gold Ecrou De Cartier Nut Screw Bracelet Size 18,7700.0,"$7,700.00",USD,7700.0,Pre-Owned,,,,,https://www.ebay.com/itm/127939912100,Cartier,White Gold,https://www.ebay.com/b/Cartier-White-Gold-Fine-Jewelry/4196/bn_2194640
Cartier Love 18k White Gold Size 18 Small Model Bangle Bracelet,4653.0,"$4,653.00",USD,4653.0,Pre-Owned,,,,,https://www.ebay.com/itm/298531198258,Cartier,White Gold,https://www.ebay.com/b/Cartier-White-Gold-Fine-Jewelry/4196/bn_2194640
Authentic CARTIER 18K Pink Yellow White Gold Trinity Cord Bracelet (Red),959.0,$959.00,USD,959.0,Pre-Owned,,,,,https://www.ebay.com/itm/298439131928,Cartier,White Gold,https://www.ebay.com/b/Cartier-White-Gold-Fine-Jewelry/4196/bn_2194640
Cartier Himalia SINGLE (1) Piece 18K 750 White gold With Diamonds Earring As-IS,995.0,$995.00,USD,995.0,Pre-Owned,,,,,https://www.ebay.com/itm/287451290606,Cartier,White Gold,https://www.ebay.com/b/Cartier-White-Gold-Fine-Jewelry/4196/bn_2194640
Cartier Love 18k White Gold Size 16 Small Model Bangle Bracelet,4653.0,"$4,653.00",USD,4653.0,Pre-Owned,,,,,https://www.ebay.com/itm/287206730599,Cartier,White Gold,https://www.ebay.com/b/Cartier-White-Gold-Fine-Jewelry/4196/bn_2194640
Cartier Diamond 18K White Gold Love Necklace,5000.0,"$5,000.00",USD,5000.0,Pre-Owned,,,,,https://www.ebay.com/itm/407065629542,Cartier,White Gold,https://www.ebay.com/b/Cartier-White-Gold-Fine-Jewelry/4196/bn_2194640
Cartier 18K White Gold Love Ring Size 69,1800.0,"$1,800.00",USD,1800.0,Pre-Owned,,,,,https://www.ebay.com/itm/406357250079,Cartier,White Gold,https://www.ebay.com/b/Cartier-White-Gold-Fine-Jewelry/4196/bn_2194640
18k Rose & White Gold Cartier Double Love 6 Diamond Ring Sz 53 6.25 COA Receipt,3499.0,"$3,499.00",USD,3499.0,Pre-Owned,,,,,https://www.ebay.com/itm/198542324402,Cartier,White Gold,https://www.ebay.com/b/Cartier-White-Gold-Fine-Jewelry/4196/bn_2194640
CARTIER  mini love ring 1P Diamond Ring K18 White Gold  Ladies [Used],1072.0,"$1,072.00",USD,1072.0,Pre-Owned,,,,,https://www.ebay.com/itm/198253700214,Cartier,White Gold,https://www.ebay.com/b/Cartier-White-Gold-Fine-Jewelry/4196/bn_2194640
Cartier 18K White Gold Small Love Bracelet (Size 15),4500.0,"$4,500.00",USD,4500.0,Pre-Owned,,,,,https://www.ebay.com/itm/168018454875,Cartier,White Gold,https://www.ebay.com/b/Cartier-White-Gold-Fine-Jewelry/4196/bn_2194640
CARTIER Love Bracelet - White Gold - Size 18 - 💯 AUTHENTIC,4499.0,"$4,499.00",USD,4499.0,Pre-Owned,,,,,https://www.ebay.com/itm/227452507946,Cartier,White Gold,https://www.ebay.com/b/Cartier-White-Gold-Fine-Jewelry/4196/bn_2194640
Authentic Cartier Lanier Half Diamond Ring 18K White Gold Women's CARTIER SIZE 4,1500.0,"$1,500.00",USD,1500.0,New (Other),,,,,https://www.ebay.com/itm/376969499783,Cartier,White Gold,https://www.ebay.com/b/Cartier-White-Gold-Fine-Jewelry/4196/bn_2194640
CARTIER LOVE 18K WHITE GOLD 6 DIAMOND RING SIZE 6 W/ BOX - R11597,4100.0,"$4,100.00",USD,4100.0,Pre-Owned,,,,,https://www.ebay.com/itm/206395761115,Cartier,White Gold,https://www.ebay.com/b/Cartier-White-Gold-Fine-Jewelry/4196/bn_2194640
"ETINCELLE DE CARTIER WEDDING BAND, 1.5 MM WIDTH, PAVED white gold diamonds 49mm",1899.0,"$1,899.00",USD,1899.0,Pre-Owned,,,,,https://www.ebay.com/itm/267274906246,Cartier,White Gold,https://www.ebay.com/b/Cartier-White-Gold-Fine-Jewelry/4196/bn_2194640
Cartier 18k White Gold Love Bangle Bracelet Size 19,6650.0,"$6,650.00",USD,6650.0,Pre-Owned,,,,,https://www.ebay.com/itm/278235038278,Cartier,White Gold,https://www.ebay.com/b/Cartier-White-Gold-Fine-Jewelry/4196/bn_2194640
Cartier Love 18k White Gold Size 52 Diamond Ring,2021.0,"$2,021.00",USD,2021.0,Pre-Owned,,,,,https://www.ebay.com/itm/298259751607,Cartier,White Gold,https://www.ebay.com/b/Cartier-White-Gold-Fine-Jewelry/4196/bn_2194640
NIB 2026 Cartier Juste Un Clou 18k White Gold Diamond Bracelet Size 16 Box COA,13495.0,"$13,495.00",USD,13495.0,Brand New,,,,,https://www.ebay.com/itm/336713495849,Cartier,White Gold,https://www.ebay.com/b/Cartier-White-Gold-Fine-Jewelry/4196/bn_2194640
CARTIER Trinity Ring  7 Bands 18k Yellow Gold Rose Gold White Gold US 6,1899.0,"$1,899.00",USD,1899.0,Pre-Owned,,,,,https://www.ebay.com/itm/336656401712,Cartier,White Gold,https://www.ebay.com/b/Cartier-White-Gold-Fine-Jewelry/4196/bn_2194640
"Cartier Trinity 3 Ring Pendant, Yellow, Rose, & White Gold",1599.99,"$1,599.99",USD,1599.99,Pre-Owned,,,,,https://www.ebay.com/itm/198497666909,Cartier,White Gold,https://www.ebay.com/b/Cartier-White-Gold-Fine-Jewelry/4196/bn_2194640
Cartier ~ Pasha 18k White Gold Diamond earrings,2895.0,"$2,895.00",USD,2895.0,Pre-Owned,,,,,https://www.ebay.com/itm/358398159890,Cartier,White Gold,https://www.ebay.com/b/Cartier-White-Gold-Fine-Jewelry/4196/bn_2194640
Cartier 18K Yellow/Rose & White Gold Tri-Color Rolling Ring Size 49 13.99 Grams,2800.0,"$2,800.00",USD,2800.0,Pre-Owned,,,,,https://www.ebay.com/itm/168578421656,Cartier,White Gold,https://www.ebay.com/b/Cartier-White-Gold-Fine-Jewelry/4196/bn_2194640
RARE Auth Cartier Trinity 18k White Gold Ring 1998 French hallmarks HEAVY 8grams,1725.0,"$1,725.00",USD,1725.0,Pre-Owned,,,,,https://www.ebay.com/itm/127833193808,Cartier,White Gold,https://www.ebay.com/b/Cartier-White-Gold-Fine-Jewelry/4196/bn_2194640
Cartier 18k White Gold Love Mini Hoop Post Earrings,2068.0,"$2,068.00",USD,2068.0,Pre-Owned,,,,,https://www.ebay.com/itm/287242784163,Cartier,White Gold,https://www.ebay.com/b/Cartier-White-Gold-Fine-Jewelry/4196/bn_2194640
"Cartier Juste un Clou Classic 18k White Gold, Size 17 (Full Set)",7000.0,"$7,000.00",USD,7000.0,Pre-Owned,,,,,https://www.ebay.com/itm/128006210853,Cartier,White Gold,https://www.ebay.com/b/Cartier-White-Gold-Fine-Jewelry/4196/bn_2194640
Cartier Vendome Louis Wedding Band Ring 18k White Gold Au 750 Size 64 (US 10.75),1599.99,"$1,599.99",USD,1599.99,Pre-Owned,,,,,https://www.ebay.com/itm/206443331513,Cartier,White Gold,https://www.ebay.com/b/Cartier-White-Gold-Fine-Jewelry/4196/bn_2194640
Cartier Love Small Model Full Pave Diamond Bracelet 18K White Gold Size 16,21930.0,"$21,930.00",USD,21930.0,Pre-Owned,,,,,https://www.ebay.com/itm/377325830393,Cartier,White Gold,https://www.ebay.com/b/Cartier-White-Gold-Fine-Jewelry/4196/bn_2194640
CARTIER____14k White Gold Wedding Band Ring Size 9.25,778.0,$778.00,USD,778.0,Pre-Owned,,,,,https://www.ebay.com/itm/227298115357,Cartier,White Gold,https://www.ebay.com/b/Cartier-White-Gold-Fine-Jewelry/4196/bn_2194640
Cartier 18K White Gold LOVE Cuff Bracelet - Size 21,5995.0,"$5,995.00",USD,5995.0,Pre-Owned,,,,,https://www.ebay.com/itm/127915122165,Cartier,White Gold,https://www.ebay.com/b/Cartier-White-Gold-Fine-Jewelry/4196/bn_2194640
Cartier Nouvelle Vague Ring 18k White Gold Crossover Band Size 50,2300.0,"$2,300.00",USD,2300.0,Pre-Owned,,,,,https://www.ebay.com/itm/178084068212,Cartier,White Gold,https://www.ebay.com/b/Cartier-White-Gold-Fine-Jewelry/4196/bn_2194640
Cartier Santos 18K White Gold Bracelet,5000.0,"$5,000.00",USD,5000.0,Pre-Owned,,,,,https://www.ebay.com/itm/406807664857,Cartier,White Gold,https://www.ebay.com/b/Cartier-White-Gold-Fine-Jewelry/4196/bn_2194640
"Cartier Juste un Clou 18K White Gold Pavé Diamond Ring Size 52, 0.50-0.74ctw",5499.0,"$5,499.00",USD,5499.0,Pre-Owned,,,,,https://www.ebay.com/itm/336702829399,Cartier,White Gold,https://www.ebay.com/b/Cartier-White-Gold-Fine-Jewelry/4196/bn_2194640
Cartier Love 18k White Gold Size 18 Small Model Bangle Bracelet,4653.0,"$4,653.00",USD,4653.0,Pre-Owned,,,,,https://www.ebay.com/itm/287173477950,Cartier,White Gold,https://www.ebay.com/b/Cartier-White-Gold-Fine-Jewelry/4196/bn_2194640
Cartier Juste Un Clou 18K White Gold Necklace,8500.0,"$8,500.00",USD,8500.0,Pre-Owned,,,,,https://www.ebay.com/itm/405410356996,Cartier,White Gold,https://www.ebay.com/b/Cartier-White-Gold-Fine-Jewelry/4196/bn_2194640
Cartier Love Ring 18k White Gold & 6 Diamond Classic Model Size 60,5000.0,"$5,000.00",USD,5000.0,Pre-Owned,,,,,https://www.ebay.com/itm/366389997259,Cartier,White Gold,https://www.ebay.com/b/Cartier-White-Gold-Fine-Jewelry/4196/bn_2194640
Cartier Love Ring 8 Diamonds 18k White Gold Small Band Size 51  B4050651,4650.0,"$4,650.00",USD,4650.0,Pre-Owned,,,,,https://www.ebay.com/itm/116782992974,Cartier,White Gold,https://www.ebay.com/b/Cartier-White-Gold-Fine-Jewelry/4196/bn_2194640
Cartier 18K White Gold Classic Love Ring Size 11 with Box and Certificate,2000.0,"$2,000.00",USD,2000.0,Pre-Owned,,,,,https://www.ebay.com/itm/278220447711,Cartier,White Gold,https://www.ebay.com/b/Cartier-White-Gold-Fine-Jewelry/4196/bn_2194640
CARTIER Damour Necklace 18K White Gold N7406800,2060.0,"$2,060.00",USD,2060.0,Pre-Owned,,,,,https://www.ebay.com/itm/137232723495,Cartier,White Gold,https://www.ebay.com/b/Cartier-White-Gold-Fine-Jewelry/4196/bn_2194640
Authentic! Cartier Diamond 18k White Gold Diamond Diamant Leger De Ring Cert,8000.0,"$8,000.00",USD,8000.0,Pre-Owned,,,,,https://www.ebay.com/itm/188681096576,Cartier,White Gold,https://www.ebay.com/b/Cartier-White-Gold-Fine-Jewelry/4196/bn_2194640
Cartier Trinity Cord Bracelet 18K/750 Yellow Gold White Gold Pink Gold,1500.0,"$1,500.00",USD,1500.0,Pre-Owned,,,,,https://www.ebay.com/itm/157696126783,Cartier,White Gold,https://www.ebay.com/b/Cartier-White-Gold-Fine-Jewelry/4196/bn_2194640
"CARTIER 18k White Gold Panthere De Cartier Diamond Gemstone Ring $90,500 Retail",61500.0,"$61,500.00",USD,61500.0,Pre-Owned,,,,,https://www.ebay.com/itm/236960487216,Cartier,White Gold,https://www.ebay.com/b/Cartier-White-Gold-Fine-Jewelry/4196/bn_2194640
Authentic Cartier 18K White Gold & Diamond Love Ring Band Size 56/7.5 with box,5000.0,"$5,000.00",USD,5000.0,Pre-Owned,,,,,https://www.ebay.com/itm/318274063151,Cartier,White Gold,https://www.ebay.com/b/Cartier-White-Gold-Fine-Jewelry/4196/bn_2194640
Cartier Love Bracelet - White Gold Brushed - Classic Size 19,6399.0,"$6,399.00",USD,6399.0,Pre-Owned,,,,,https://www.ebay.com/itm/137365644997,Cartier,White Gold,https://www.ebay.com/b/Cartier-White-Gold-Fine-Jewelry/4196/bn_2194640
Cartier Love Ring SM Wedding Band White Gold Size 58 ❤️,1095.0,"$1,095.00",USD,1095.0,Pre-Owned,,,,,https://www.ebay.com/itm/257622720274,Cartier,White Gold,https://www.ebay.com/b/Cartier-White-Gold-Fine-Jewelry/4196/bn_2194640
Cartier 18K White Gold Etincelle De Cartier Emerald Cut Diamond Ring Size 51,2500.77,"$2,500.77",USD,2500.77,Pre-Owned,,,,,https://www.ebay.com/itm/377329538457,Cartier,White Gold,https://www.ebay.com/b/Cartier-White-Gold-Fine-Jewelry/4196/bn_2194640
Cartier White Gold Small 10 Diamonds Love Bracelet Full Set 750,8995.0,"$8,995.00",USD,8995.0,Pre-Owned,,,,,https://www.ebay.com/itm/236968848638,Cartier,White Gold,https://www.ebay.com/b/Cartier-White-Gold-Fine-Jewelry/4196/bn_2194640
Tiffany & Co. HardWear Double Link Bracelet 18k Yellow Gold,999.0,$999.00,USD,999.0,Pre-Owned,,,,,https://www.ebay.com/itm/206481943518,Tiffany & Co.,Yellow Gold,https://www.ebay.com/b/Tiffany-Co/bn_21836959?Brand=Tiffany%2520%2526%2520Co%252E&Metal=Yellow%2520Gold&mag=1&rt=nc
Tiffany & Co. 18K Yellow Gold Leaf Stud Earrings Butterfly Back No Stone,520.0,$520.00,USD,520.0,Pre-Owned,,,,,https://www.ebay.com/itm/307120805931,Tiffany & Co.,Yellow Gold,https://www.ebay.com/b/Tiffany-Co/bn_21836959?Brand=Tiffany%2520%2526%2520Co%252E&Metal=Yellow%2520Gold&mag=1&rt=nc
Tiffany & Co. Please Return 18K Yellow Gold Engraved Heart Stud Earrings,100.0,$100.00,USD,100.0,Pre-Owned,,,,,https://www.ebay.com/itm/398288789358,Tiffany & Co.,Yellow Gold,https://www.ebay.com/b/Tiffany-Co/bn_21836959?Brand=Tiffany%2520%2526%2520Co%252E&Metal=Yellow%2520Gold&mag=1&rt=nc
Genuine Tiffany & Co. Sterling 14k Yellow Gold Round Puffy Pendant & Neck Chain,209.3,$209.30,USD,209.3,Pre-Owned,,,,,https://www.ebay.com/itm/195515578701,Tiffany & Co.,Yellow Gold,https://www.ebay.com/b/Tiffany-Co/bn_21836959?Brand=Tiffany%2520%2526%2520Co%252E&Metal=Yellow%2520Gold&mag=1&rt=nc
Tiffany & Co. 18k yellow gold link chain necklace,775.0,$775.00,USD,775.0,Pre-Owned,,,,,https://www.ebay.com/itm/318702879965,Tiffany & Co.,Yellow Gold,https://www.ebay.com/b/Tiffany-Co/bn_21836959?Brand=Tiffany%2520%2526%2520Co%252E&Metal=Yellow%2520Gold&mag=1&rt=nc
"Tiffany & Co. ""The Tiffany® Setting"" Nesting Wide Band — 18k Yellow Gold — Size",957.0,$957.00,USD,957.0,Pre-Owned,,,,,https://www.ebay.com/itm/168547738646,Tiffany & Co.,Yellow Gold,https://www.ebay.com/b/Tiffany-Co/bn_21836959?Brand=Tiffany%2520%2526%2520Co%252E&Metal=Yellow%2520Gold&mag=1&rt=nc
Tiffany & Co. Atlas Collection Cube Roman Numerals 18k 750 Yellow Gold Necklace,1350.0,"$1,350.00",USD,1350.0,Pre-Owned,,,,,https://www.ebay.com/itm/168618407574,Tiffany & Co.,Yellow Gold,https://www.ebay.com/b/Tiffany-Co/bn_21836959?Brand=Tiffany%2520%2526%2520Co%252E&Metal=Yellow%2520Gold&mag=1&rt=nc
Tiffany & Co. 18k Yellow Gold HardWear Small Link bracelet $7500 Retail,4750.0,"$4,750.00",USD,4750.0,Pre-Owned,,,,,https://www.ebay.com/itm/147480753865,Tiffany & Co.,Yellow Gold,https://www.ebay.com/b/Tiffany-Co/bn_21836959?Brand=Tiffany%2520%2526%2520Co%252E&Metal=Yellow%2520Gold&mag=1&rt=nc
"Tiffany & Co. 18K Yellow Gold Eternal Circle Pendant Necklace 16""",2300.0,"$2,300.00",USD,2300.0,Pre-Owned,,,,,https://www.ebay.com/itm/158119680211,Tiffany & Co.,Yellow Gold,https://www.ebay.com/b/Tiffany-Co/bn_21836959?Brand=Tiffany%2520%2526%2520Co%252E&Metal=Yellow%2520Gold&mag=1&rt=nc
"Tiffany & Co. 18K Yellow Gold Return to Tiffany Heart Tag Necklace 18""",1199.99,"$1,199.99",USD,1199.99,Pre-Owned,,,,,https://www.ebay.com/itm/147476695391,Tiffany & Co.,Yellow Gold,https://www.ebay.com/b/Tiffany-Co/bn_21836959?Brand=Tiffany%2520%2526%2520Co%252E&Metal=Yellow%2520Gold&mag=1&rt=nc
"Tiffany & Co. 18K Yellow Gold Return to Tiffany Heart Tag Pendant Necklace 18.0""",1495.0,"$1,495.00",USD,1495.0,Pre-Owned,,,,,https://www.ebay.com/itm/318610875166,Tiffany & Co.,Yellow Gold,https://www.ebay.com/b/Tiffany-Co/bn_21836959?Brand=Tiffany%2520%2526%2520Co%252E&Metal=Yellow%2520Gold&mag=1&rt=nc
"Tiffany & Co. 18K Yellow Gold Heart Basket Pendant Necklace 30"" Italy Vintage",5300.0,"$5,300.00",USD,5300.0,Pre-Owned,,,,,https://www.ebay.com/itm/158129186207,Tiffany & Co.,Yellow Gold,https://www.ebay.com/b/Tiffany-Co/bn_21836959?Brand=Tiffany%2520%2526%2520Co%252E&Metal=Yellow%2520Gold&mag=1&rt=nc
TIFFANY&Co. Return to TIFFANY Heart tag 18K Yellow Gold Necklace /295274,991.8,$991.80,USD,991.8,Pre-Owned,,,,,https://www.ebay.com/itm/236980978169,Tiffany & Co.,Yellow Gold,https://www.ebay.com/b/Tiffany-Co/bn_21836959?Brand=Tiffany%2520%2526%2520Co%252E&Metal=Yellow%2520Gold&mag=1&rt=nc
TIFFANY&Co.  Open heart Pendant top K18 Yellow Gold  Ladies [Used],333.0,$333.00,USD,333.0,Pre-Owned,,,,,https://www.ebay.com/itm/188356230423,Tiffany & Co.,Yellow Gold,https://www.ebay.com/b/Tiffany-Co/bn_21836959?Brand=Tiffany%2520%2526%2520Co%252E&Metal=Yellow%2520Gold&mag=1&rt=nc
RARE Vintage Tiffany & Co. Elsa Peretti 18k Yellow Gold Bottle Vase Pendant,2195.0,"$2,195.00",USD,2195.0,Pre-Owned,,,,,https://www.ebay.com/itm/177789219039,Tiffany & Co.,Yellow Gold,https://www.ebay.com/b/Tiffany-Co/bn_21836959?Brand=Tiffany%2520%2526%2520Co%252E&Metal=Yellow%2520Gold&mag=1&rt=nc
TIFFANY & Co. Bracelet Hook & Eye Bangle Silver 18K Yellow Gold  W/Box NM Japan,280.99,$280.99,USD,280.99,Pre-Owned,,,,,https://www.ebay.com/itm/127569386607,Tiffany & Co.,Yellow Gold,https://www.ebay.com/b/Tiffany-Co/bn_21836959?Brand=Tiffany%2520%2526%2520Co%252E&Metal=Yellow%2520Gold&mag=1&rt=nc
Tiffany & Co. 18k Yellow Gold Round Pendant Necklace Cable Chain,700.0,$700.00,USD,700.0,Pre-Owned,,,,,https://www.ebay.com/itm/178084052148,Tiffany & Co.,Yellow Gold,https://www.ebay.com/b/Tiffany-Co/bn_21836959?Brand=Tiffany%2520%2526%2520Co%252E&Metal=Yellow%2520Gold&mag=1&rt=nc
Tiffany & Co. 18k Yellow Gold Small T Smile Pendant Necklace 16.5” or 18.3”,1000.0,"$1,000.00",USD,1000.0,Pre-Owned,,,,,https://www.ebay.com/itm/206462675688,Tiffany & Co.,Yellow Gold,https://www.ebay.com/b/Tiffany-Co/bn_21836959?Brand=Tiffany%2520%2526%2520Co%252E&Metal=Yellow%2520Gold&mag=1&rt=nc
"Tiffany & Co Elsa Peretti 18K Yellow Gold Bean 7.4 grams, 15.75"" chain",1650.0,"$1,650.00",USD,1650.0,Pre-Owned,,,,,https://www.ebay.com/itm/366537298546,Tiffany & Co.,Yellow Gold,https://www.ebay.com/b/Tiffany-Co/bn_21836959?Brand=Tiffany%2520%2526%2520Co%252E&Metal=Yellow%2520Gold&mag=1&rt=nc
Tiffany & Co. 18K Yellow Gold Diamond Band Ring EU51 / US6,1500.0,"$1,500.00",USD,1500.0,Pre-Owned,,,,,https://www.ebay.com/itm/800510987111,Tiffany & Co.,Yellow Gold,https://www.ebay.com/b/Tiffany-Co/bn_21836959?Brand=Tiffany%2520%2526%2520Co%252E&Metal=Yellow%2520Gold&mag=1&rt=nc
Authentic Tiffany & Co.Return to Tiffany Heart Tag Stud Earrings 18k Yellow Gold,849.0,$849.00,USD,849.0,Pre-Owned,,,,,https://www.ebay.com/itm/318693622979,Tiffany & Co.,Yellow Gold,https://www.ebay.com/b/Tiffany-Co/bn_21836959?Brand=Tiffany%2520%2526%2520Co%252E&Metal=Yellow%2520Gold&mag=1&rt=nc
Tiffany & Co. Tiffany T Smile 18 in Necklace with Mini Pendant 18k Yellow Gold,700.0,$700.00,USD,700.0,Pre-Owned,,,,,https://www.ebay.com/itm/188772493414,Tiffany & Co.,Yellow Gold,https://www.ebay.com/b/Tiffany-Co/bn_21836959?Brand=Tiffany%2520%2526%2520Co%252E&Metal=Yellow%2520Gold&mag=1&rt=nc
Tiffany & Co. 1837 Interlocking Circles Ring 18K Yellow Gold Size 6 8g w/Box,2350.0,"$2,350.00",USD,2350.0,Pre-Owned,,,,,https://www.ebay.com/itm/227470461550,Tiffany & Co.,Yellow Gold,https://www.ebay.com/b/Tiffany-Co/bn_21836959?Brand=Tiffany%2520%2526%2520Co%252E&Metal=Yellow%2520Gold&mag=1&rt=nc
Tiffany & Co Paloma Picasso Olive Leaf Pearl Pendant 18k Yellow Gold Necklace,1000.0,"$1,000.00",USD,1000.0,Pre-Owned,,,,,https://www.ebay.com/itm/377421141330,Tiffany & Co.,Yellow Gold,https://www.ebay.com/b/Tiffany-Co/bn_21836959?Brand=Tiffany%2520%2526%2520Co%252E&Metal=Yellow%2520Gold&mag=1&rt=nc
Tiffany & Co. 18k Yellow Gold Paloma Picasso Paisley Palm Pendant Necklace,605.0,$605.00,USD,605.0,Pre-Owned,,,,,https://www.ebay.com/itm/800503672364,Tiffany & Co.,Yellow Gold,https://www.ebay.com/b/Tiffany-Co/bn_21836959?Brand=Tiffany%2520%2526%2520Co%252E&Metal=Yellow%2520Gold&mag=1&rt=nc
Tiffany & Co Elsa Peretti Open Heart Pendant 7mm 18K Yellow Gold,650.0,$650.00,USD,650.0,Pre-Owned,,,,,https://www.ebay.com/itm/137586974773,Tiffany & Co.,Yellow Gold,https://www.ebay.com/b/Tiffany-Co/bn_21836959?Brand=Tiffany%2520%2526%2520Co%252E&Metal=Yellow%2520Gold&mag=1&rt=nc
"Tiffany & Co. Ribbon Bow Ring 18K Yellow Gold Sterling Silver 925 US Size 6.5""",298.0,$298.00,USD,298.0,Pre-Owned,,,,,https://www.ebay.com/itm/206495797480,Tiffany & Co.,Yellow Gold,https://www.ebay.com/b/Tiffany-Co/bn_21836959?Brand=Tiffany%2520%2526%2520Co%252E&Metal=Yellow%2520Gold&mag=1&rt=nc
Tiffany & Co. Tiffany & Co. Schlumberger Jean Ring 18k Yellow Gold Diamond,1699.0,"$1,699.00",USD,1699.0,Pre-Owned,,,,,https://www.ebay.com/itm/128029950001,Tiffany & Co.,Yellow Gold,https://www.ebay.com/b/Tiffany-Co/bn_21836959?Brand=Tiffany%2520%2526%2520Co%252E&Metal=Yellow%2520Gold&mag=1&rt=nc
Tiffany & Co. Tiffany T Hoop Earrings 18k Yellow Gold,1575.0,"$1,575.00",USD,1575.0,Pre-Owned,,,,,https://www.ebay.com/itm/236995439135,Tiffany & Co.,Yellow Gold,https://www.ebay.com/b/Tiffany-Co/bn_21836959?Brand=Tiffany%2520%2526%2520Co%252E&Metal=Yellow%2520Gold&mag=1&rt=nc
TIFFANY & CO. STERLING SILVER 925 & 18K 750 YELLOW GOLD AMETHYST COCKTAIL RING,495.0,$495.00,USD,495.0,Pre-Owned,,,,,https://www.ebay.com/itm/157268814365,Tiffany & Co.,Yellow Gold,https://www.ebay.com/b/Tiffany-Co/bn_21836959?Brand=Tiffany%2520%2526%2520Co%252E&Metal=Yellow%2520Gold&mag=1&rt=nc
Tiffany & Co. Return to Tiffany 14k Yellow Gold Heart Charm Pendant,700.0,$700.00,USD,700.0,Pre-Owned,,,,,https://www.ebay.com/itm/287418903472,Tiffany & Co.,Yellow Gold,https://www.ebay.com/b/Tiffany-Co/bn_21836959?Brand=Tiffany%2520%2526%2520Co%252E&Metal=Yellow%2520Gold&mag=1&rt=nc
RARE Vintage Tiffany & Co. 14k Yellow Gold Diamond Leo Zodiac Pendant Charm,1795.0,"$1,795.00",USD,1795.0,Pre-Owned,,,,,https://www.ebay.com/itm/177797212904,Tiffany & Co.,Yellow Gold,https://www.ebay.com/b/Tiffany-Co/bn_21836959?Brand=Tiffany%2520%2526%2520Co%252E&Metal=Yellow%2520Gold&mag=1&rt=nc
Tiffany & Co. Tiffany T Smile Small Pendant Necklace 18k Yellow Gold Diamond,1750.0,"$1,750.00",USD,1750.0,Pre-Owned,,,,,https://www.ebay.com/itm/398268215137,Tiffany & Co.,Yellow Gold,https://www.ebay.com/b/Tiffany-Co/bn_21836959?Brand=Tiffany%2520%2526%2520Co%252E&Metal=Yellow%2520Gold&mag=1&rt=nc
Tiffany & Co. 18k Yellow Gold Mesh Chain Bracelet Bar Closure 7.5in,6000.0,"$6,000.00",USD,6000.0,Pre-Owned,,,,,https://www.ebay.com/itm/398275301121,Tiffany & Co.,Yellow Gold,https://www.ebay.com/b/Tiffany-Co/bn_21836959?Brand=Tiffany%2520%2526%2520Co%252E&Metal=Yellow%2520Gold&mag=1&rt=nc
Estate Tiffany & Co. 14K Yellow Gold Ribbon Earrings,698.0,$698.00,USD,698.0,Pre-Owned,,,,,https://www.ebay.com/itm/206468531680,Tiffany & Co.,Yellow Gold,https://www.ebay.com/b/Tiffany-Co/bn_21836959?Brand=Tiffany%2520%2526%2520Co%252E&Metal=Yellow%2520Gold&mag=1&rt=nc
Tiffany & Co 18k Yellow gold 1mm Beaded Chain Necklace for Charms & Pendants 36”,1199.0,"$1,199.00",USD,1199.0,Pre-Owned,,,,,https://www.ebay.com/itm/128014605901,Tiffany & Co.,Yellow Gold,https://www.ebay.com/b/Tiffany-Co/bn_21836959?Brand=Tiffany%2520%2526%2520Co%252E&Metal=Yellow%2520Gold&mag=1&rt=nc
Vintage Tiffany & Co. 18K Yellow Gold Seagull Bird Flying V Pin/Brooch,700.0,$700.00,USD,700.0,Pre-Owned,,,,,https://www.ebay.com/itm/307124211870,Tiffany & Co.,Yellow Gold,https://www.ebay.com/b/Tiffany-Co/bn_21836959?Brand=Tiffany%2520%2526%2520Co%252E&Metal=Yellow%2520Gold&mag=1&rt=nc
Tiffany & Co. Paloma Picasso 18K Yellow Gold Graffiti Love Ring  Item #1A,599.99,$599.99,USD,599.99,Pre-Owned,,,,,https://www.ebay.com/itm/158188731829,Tiffany & Co.,Yellow Gold,https://www.ebay.com/b/Tiffany-Co/bn_21836959?Brand=Tiffany%2520%2526%2520Co%252E&Metal=Yellow%2520Gold&mag=1&rt=nc
"NEW TIFFANY & CO. Return to Tiffany 18K Yellow Gold Oval Tag Bracelet 7""",6000.0,"$6,000.00",USD,6000.0,Brand New,,,,,https://www.ebay.com/itm/306762715656,Tiffany & Co.,Yellow Gold,https://www.ebay.com/b/Tiffany-Co/bn_21836959?Brand=Tiffany%2520%2526%2520Co%252E&Metal=Yellow%2520Gold&mag=1&rt=nc
TIFFANY&Co.  heart Pendant top K18 Yellow Gold SV Ladies [Used],201.0,$201.00,USD,201.0,Pre-Owned,,,,,https://www.ebay.com/itm/318415553749,Tiffany & Co.,Yellow Gold,https://www.ebay.com/b/Tiffany-Co/bn_21836959?Brand=Tiffany%2520%2526%2520Co%252E&Metal=Yellow%2520Gold&mag=1&rt=nc
Tiffany & Co 18K Yellow Gold Bone Bar Wrap Necklace 30” 7.63g RARE,2199.0,"$2,199.00",USD,2199.0,Pre-Owned,,,,,https://www.ebay.com/itm/128018252430,Tiffany & Co.,Yellow Gold,https://www.ebay.com/b/Tiffany-Co/bn_21836959?Brand=Tiffany%2520%2526%2520Co%252E&Metal=Yellow%2520Gold&mag=1&rt=nc
Tiffany & Co. T True Wide Ring 18K Yellow Gold Size 7.5 – Excellent Condition,2000.0,"$2,000.00",USD,2000.0,Pre-Owned,,,,,https://www.ebay.com/itm/267751331518,Tiffany & Co.,Yellow Gold,https://www.ebay.com/b/Tiffany-Co/bn_21836959?Brand=Tiffany%2520%2526%2520Co%252E&Metal=Yellow%2520Gold&mag=1&rt=nc
Tiffany & Co. 14k Yellow Gold Rope-Style Brooch,3950.0,"$3,950.00",USD,3950.0,Pre-Owned,,,,,https://www.ebay.com/itm/198577977772,Tiffany & Co.,Yellow Gold,https://www.ebay.com/b/Tiffany-Co/bn_21836959?Brand=Tiffany%2520%2526%2520Co%252E&Metal=Yellow%2520Gold&mag=1&rt=nc
Tiffany & Co. 18k Yellow Gold Mini Heart Tag Bead Bracelet,2300.0,"$2,300.00",USD,2300.0,Pre-Owned,,,,,https://www.ebay.com/itm/358879760653,Tiffany & Co.,Yellow Gold,https://www.ebay.com/b/Tiffany-Co/bn_21836959?Brand=Tiffany%2520%2526%2520Co%252E&Metal=Yellow%2520Gold&mag=1&rt=nc
Tiffany & Co T Square 18k Yellow Gold Diamond Pendant Necklace,1450.0,"$1,450.00",USD,1450.0,Pre-Owned,,,,,https://www.ebay.com/itm/287519232982,Tiffany & Co.,Yellow Gold,https://www.ebay.com/b/Tiffany-Co/bn_21836959?Brand=Tiffany%2520%2526%2520Co%252E&Metal=Yellow%2520Gold&mag=1&rt=nc
Tiffany & Co. 18K Yellow Gold Return Mini Heart Stud Earrings,1099.0,"$1,099.00",USD,1099.0,Pre-Owned,,,,,https://www.ebay.com/itm/178261683383,Tiffany & Co.,Yellow Gold,https://www.ebay.com/b/Tiffany-Co/bn_21836959?Brand=Tiffany%2520%2526%2520Co%252E&Metal=Yellow%2520Gold&mag=1&rt=nc
Tiffany & Co. Heart Arrow Necklace Yellow Gold K18 YG AU750 Auth Used 11509186,683.71,$683.71,USD,683.71,Pre-Owned,,,,,https://www.ebay.com/itm/278288627052,Tiffany & Co.,Yellow Gold,https://www.ebay.com/b/Tiffany-Co/bn_21836959?Brand=Tiffany%2520%2526%2520Co%252E&Metal=Yellow%2520Gold&mag=1&rt=nc
TIFFANY & CO 18K YELLOW GOLD RUBY  ETOILE BAND RING SIZE 7.25,2149.0,"$2,149.00",USD,2149.0,Pre-Owned,,,,,https://www.ebay.com/itm/278289850027,Tiffany & Co.,Yellow Gold,https://www.ebay.com/b/Tiffany-Co/bn_21836959?Brand=Tiffany%2520%2526%2520Co%252E&Metal=Yellow%2520Gold&mag=1&rt=nc
Tiffany & Co. 18k Yellow Gold Russian Weave Bracelet with Box,3200.0,"$3,200.00",USD,3200.0,Pre-Owned,,,,,https://www.ebay.com/itm/188467905757,Tiffany & Co.,Yellow Gold,https://www.ebay.com/b/Tiffany-Co/bn_21836959?Brand=Tiffany%2520%2526%2520Co%252E&Metal=Yellow%2520Gold&mag=1&rt=nc
Tiffany & Co. Paloma Picasso 18K Yellow Gold Mini X Stud Earrings,795.0,$795.00,USD,795.0,Pre-Owned,,,,,https://www.ebay.com/itm/117284943028,Tiffany & Co.,Yellow Gold,https://www.ebay.com/b/Tiffany-Co/bn_21836959?Brand=Tiffany%2520%2526%2520Co%252E&Metal=Yellow%2520Gold&mag=1&rt=nc
Tiffany & Co. 18K Yellow Gold Milgrain Wedding Band Ring 3mm Size 5 Au750,850.0,$850.00,USD,850.0,Pre-Owned,,,,,https://www.ebay.com/itm/206483492608,Tiffany & Co.,Yellow Gold,https://www.ebay.com/b/Tiffany-Co/bn_21836959?Brand=Tiffany%2520%2526%2520Co%252E&Metal=Yellow%2520Gold&mag=1&rt=nc
Auth Tiffany&Co. Bracelet Tiffany T Narrow Wire Bangle 18K 750 Yellow Gold,1800.0,"$1,800.00",USD,1800.0,Pre-Owned,,,,,https://www.ebay.com/itm/327308939612,Tiffany & Co.,Yellow Gold,https://www.ebay.com/b/Tiffany-Co/bn_21836959?Brand=Tiffany%2520%2526%2520Co%252E&Metal=Yellow%2520Gold&mag=1&rt=nc
Tiffany & Co. 18K Yellow Gold Signature X Ring Size 8 Vintage,2200.0,"$2,200.00",USD,2200.0,Pre-Owned,,,,,https://www.ebay.com/itm/158129125322,Tiffany & Co.,Yellow Gold,https://www.ebay.com/b/Tiffany-Co/bn_21836959?Brand=Tiffany%2520%2526%2520Co%252E&Metal=Yellow%2520Gold&mag=1&rt=nc
TIFFANY&Co. Ruby ring Dots Ruby K18 yellow gold Dot Used 908387,1817.0,"$1,817.00",USD,1817.0,Pre-Owned,,,,,https://www.ebay.com/itm/168559496294,Tiffany & Co.,Yellow Gold,https://www.ebay.com/b/Tiffany-Co/bn_21836959?Brand=Tiffany%2520%2526%2520Co%252E&Metal=Yellow%2520Gold&mag=1&rt=nc
Tiffany & Co 18k Yellow Gold Please Return To Heart Tag & Key Pendant VHTF,1700.0,"$1,700.00",USD,1700.0,Pre-Owned,,,,,https://www.ebay.com/itm/397880886256,Tiffany & Co.,Yellow Gold,https://www.ebay.com/b/Tiffany-Co/bn_21836959?Brand=Tiffany%2520%2526%2520Co%252E&Metal=Yellow%2520Gold&mag=1&rt=nc
Adjustable Tiffany & Co. 18K Yellow Gold Heart Tag Return to Tiffany Bracelet,2612.5,"$2,612.50",USD,2612.5,Pre-Owned,,,,,https://www.ebay.com/itm/298562065069,Tiffany & Co.,Yellow Gold,https://www.ebay.com/b/Tiffany-Co/bn_21836959?Brand=Tiffany%2520%2526%2520Co%252E&Metal=Yellow%2520Gold&mag=1&rt=nc
Tiffany & Co. Tiffany Knot 18K Yellow Gold and Diamond Single Earring,1250.0,"$1,250.00",USD,1250.0,Pre-Owned,,,,,https://www.ebay.com/itm/127992389537,Tiffany & Co.,Yellow Gold,https://www.ebay.com/b/Tiffany-Co/bn_21836959?Brand=Tiffany%2520%2526%2520Co%252E&Metal=Yellow%2520Gold&mag=1&rt=nc
TIFFANY&Co. ring Zodiac Aries K18 yellow gold Elsa Peretti Open Ring Used 908872,1259.0,"$1,259.00",USD,1259.0,Pre-Owned,,,,,https://www.ebay.com/itm/168619882075,Tiffany & Co.,Yellow Gold,https://www.ebay.com/b/Tiffany-Co/bn_21836959?Brand=Tiffany%2520%2526%2520Co%252E&Metal=Yellow%2520Gold&mag=1&rt=nc
"Tiffany & Co Paloma Picasso Gemstone 18K Yellow Gold Pendant Necklace 18""",1495.0,"$1,495.00",USD,1495.0,Pre-Owned,,,,,https://www.ebay.com/itm/257556285509,Tiffany & Co.,Yellow Gold,https://www.ebay.com/b/Tiffany-Co/bn_21836959?Brand=Tiffany%2520%2526%2520Co%252E&Metal=Yellow%2520Gold&mag=1&rt=nc
Tiffany & Co. 18K Yellow Gold Paloma Picasso Loving Heart Bracelet With Pouch,735.0,$735.00,USD,735.0,Pre-Owned,,,,,https://www.ebay.com/itm/128019814202,Tiffany & Co.,Yellow Gold,https://www.ebay.com/b/Tiffany-Co/bn_21836959?Brand=Tiffany%2520%2526%2520Co%252E&Metal=Yellow%2520Gold&mag=1&rt=nc
Tiffany & Co. Medium T Smile Diamond  Necklace – 18k Yellow Gold 0.48ct.,3650.0,"$3,650.00",USD,3650.0,Pre-Owned,,,,,https://www.ebay.com/itm/128021450743,Tiffany & Co.,Yellow Gold,https://www.ebay.com/b/Tiffany-Co/bn_21836959?Brand=Tiffany%2520%2526%2520Co%252E&Metal=Yellow%2520Gold&mag=1&rt=nc
14kt Tiffany & Co Paper Clip Yellow Gold,1699.0,"$1,699.00",USD,1699.0,Pre-Owned,,,,,https://www.ebay.com/itm/358738916244,Tiffany & Co.,Yellow Gold,https://www.ebay.com/b/Tiffany-Co/bn_21836959?Brand=Tiffany%2520%2526%2520Co%252E&Metal=Yellow%2520Gold&mag=1&rt=nc
"Vintage Tiffany & Co. 18K Yellow Gold Cabochon Amethyst Bombé Ring, 1.50ct",2750.0,"$2,750.00",USD,2750.0,Pre-Owned,,,,,https://www.ebay.com/itm/287498196373,Tiffany & Co.,Yellow Gold,https://www.ebay.com/b/Tiffany-Co/bn_21836959?Brand=Tiffany%2520%2526%2520Co%252E&Metal=Yellow%2520Gold&mag=1&rt=nc
Tiffany & Co 18k Yellow Gold Heart Locket Charm Pendant,1250.0,"$1,250.00",USD,1250.0,Pre-Owned,,,,,https://www.ebay.com/itm/178358282754,Tiffany & Co.,Yellow Gold,https://www.ebay.com/b/Tiffany-Co/bn_21836959?Brand=Tiffany%2520%2526%2520Co%252E&Metal=Yellow%2520Gold&mag=1&rt=nc
Tiffany & Co. 18K Yellow Gold Heart Tag Link Bracelet 7.25 Inches,5650.0,"$5,650.00",USD,5650.0,Pre-Owned,,,,,https://www.ebay.com/itm/287519366619,Tiffany & Co.,Yellow Gold,https://www.ebay.com/b/Tiffany-Co/bn_21836959?Brand=Tiffany%2520%2526%2520Co%252E&Metal=Yellow%2520Gold&mag=1&rt=nc
Tiffany & Co. 14k Yellow Gold Seashell Stud Earrings,1600.0,"$1,600.00",USD,1600.0,Pre-Owned,,,,,https://www.ebay.com/itm/137349301089,Tiffany & Co.,Yellow Gold,https://www.ebay.com/b/Tiffany-Co/bn_21836959?Brand=Tiffany%2520%2526%2520Co%252E&Metal=Yellow%2520Gold&mag=1&rt=nc
Boxed Tiffany & Co Yellow Gold Filigree Heart Lock Earrings Keyhole Dangle Hook,1499.99,"$1,499.99",USD,1499.99,Pre-Owned,,,,,https://www.ebay.com/itm/178416922960,Tiffany & Co.,Yellow Gold,https://www.ebay.com/b/Tiffany-Co/bn_21836959?Brand=Tiffany%2520%2526%2520Co%252E&Metal=Yellow%2520Gold&mag=1&rt=nc
Tiffany & Co. Elsa Peretti 18k Yellow Gold Full Heart Stud Earrings,867.99,$867.99,USD,867.99,Pre-Owned,,,,,https://www.ebay.com/itm/307079338017,Tiffany & Co.,Yellow Gold,https://www.ebay.com/b/Tiffany-Co/bn_21836959?Brand=Tiffany%2520%2526%2520Co%252E&Metal=Yellow%2520Gold&mag=1&rt=nc
"Tiffany & Co Woven Bracelet, 14k Yellow Gold, 7.38 Inches",4295.0,"$4,295.00",USD,4295.0,Pre-Owned,,,,,https://www.ebay.com/itm/336742560489,Tiffany & Co.,Yellow Gold,https://www.ebay.com/b/Tiffany-Co/bn_21836959?Brand=Tiffany%2520%2526%2520Co%252E&Metal=Yellow%2520Gold&mag=1&rt=nc
Tiffany & Co 18k Yellow Gold Hardware Micro Link Chain Bracelet 7.5”,3900.0,"$3,900.00",USD,3900.0,Pre-Owned,,,,,https://www.ebay.com/itm/178393574606,Tiffany & Co.,Yellow Gold,https://www.ebay.com/b/Tiffany-Co/bn_21836959?Brand=Tiffany%2520%2526%2520Co%252E&Metal=Yellow%2520Gold&mag=1&rt=nc
Tiffany & Co. Paloma Picasso 18K Yellow Gold Olive Leaf Heart Earrings And Pouch,700.0,$700.00,USD,700.0,Pre-Owned,,,,,https://www.ebay.com/itm/128019834108,Tiffany & Co.,Yellow Gold,https://www.ebay.com/b/Tiffany-Co/bn_21836959?Brand=Tiffany%2520%2526%2520Co%252E&Metal=Yellow%2520Gold&mag=1&rt=nc
Tiffany & Co. 18k Yellow Gold Oval Key Pendant 1.5 Inches 3gr,950.0,$950.00,USD,950.0,Pre-Owned,,,,,https://www.ebay.com/itm/206457828175,Tiffany & Co.,Yellow Gold,https://www.ebay.com/b/Tiffany-Co/bn_21836959?Brand=Tiffany%2520%2526%2520Co%252E&Metal=Yellow%2520Gold&mag=1&rt=nc
14k Yellow Gold Tiffany & Co. Earrings with 0.3ct F/VS2 Diamonds,3610.0,"$3,610.00",USD,3610.0,Pre-Owned,,,,,https://www.ebay.com/itm/198577974481,Tiffany & Co.,Yellow Gold,https://www.ebay.com/b/Tiffany-Co/bn_21836959?Brand=Tiffany%2520%2526%2520Co%252E&Metal=Yellow%2520Gold&mag=1&rt=nc
Tiffany & Co Wild Rose Dogwood Flower Pendant 18k Yellow Gold No Diamond,1750.0,"$1,750.00",USD,1750.0,Pre-Owned,,,,,https://www.ebay.com/itm/287529508104,Tiffany & Co.,Yellow Gold,https://www.ebay.com/b/Tiffany-Co/bn_21836959?Brand=Tiffany%2520%2526%2520Co%252E&Metal=Yellow%2520Gold&mag=1&rt=nc
Tiffany & Co. Return to Tiffany 18k Yellow Gold Heart Tag 14k Beads  Bracelet 7”,1999.99,"$1,999.99",USD,1999.99,Pre-Owned,,,,,https://www.ebay.com/itm/297730700735,Tiffany & Co.,Yellow Gold,https://www.ebay.com/b/Tiffany-Co/bn_21836959?Brand=Tiffany%2520%2526%2520Co%252E&Metal=Yellow%2520Gold&mag=1&rt=nc
Tiffany & Co. 18k Yellow Gold 36mm XL Elsa Peretti Heart Spain Pendant Necklace,3995.0,"$3,995.00",USD,3995.0,Pre-Owned,,,,,https://www.ebay.com/itm/287530690999,Tiffany & Co.,Yellow Gold,https://www.ebay.com/b/Tiffany-Co/bn_21836959?Brand=Tiffany%2520%2526%2520Co%252E&Metal=Yellow%2520Gold&mag=1&rt=nc
Tiffany & Co. Diamond Pave Hoop Earrings 18K Yellow Gold 2.50 CTW,9500.0,"$9,500.00",USD,9500.0,Pre-Owned,,,,,https://www.ebay.com/itm/158119706308,Tiffany & Co.,Yellow Gold,https://www.ebay.com/b/Tiffany-Co/bn_21836959?Brand=Tiffany%2520%2526%2520Co%252E&Metal=Yellow%2520Gold&mag=1&rt=nc
Tiffany & Co. T True Narrow Ring 18k Yellow Gold,1495.0,"$1,495.00",USD,1495.0,Pre-Owned,,,,,https://www.ebay.com/itm/336740629467,Tiffany & Co.,Yellow Gold,https://www.ebay.com/b/Tiffany-Co/bn_21836959?Brand=Tiffany%2520%2526%2520Co%252E&Metal=Yellow%2520Gold&mag=1&rt=nc
Tiffany & Co. 18k Yellow Gold Beaded Chain,1499.0,"$1,499.00",USD,1499.0,Pre-Owned,,,,,https://www.ebay.com/itm/365919871775,Tiffany & Co.,Yellow Gold,https://www.ebay.com/b/Tiffany-Co/bn_21836959?Brand=Tiffany%2520%2526%2520Co%252E&Metal=Yellow%2520Gold&mag=1&rt=nc
18K Yellow Gold Tiffany & Co. Elsa Peretti Circle Disc Pendant,1149.99,"$1,149.99",USD,1149.99,Pre-Owned,,,,,https://www.ebay.com/itm/278188744717,Tiffany & Co.,Yellow Gold,https://www.ebay.com/b/Tiffany-Co/bn_21836959?Brand=Tiffany%2520%2526%2520Co%252E&Metal=Yellow%2520Gold&mag=1&rt=nc
Authentic Vintage Tiffany & Co. Trinity 14k Rose White Yellow Gold Ring US6,1449.0,"$1,449.00",USD,1449.0,Pre-Owned,,,,,https://www.ebay.com/itm/127987260765,Tiffany & Co.,Yellow Gold,https://www.ebay.com/b/Tiffany-Co/bn_21836959?Brand=Tiffany%2520%2526%2520Co%252E&Metal=Yellow%2520Gold&mag=1&rt=nc
"Solid 18K Yellow Gold Tiffany&Co Elsa Peretti Heart Pendant Necklace, 16”, 3.1 g",599.26,$599.26,USD,599.26,Pre-Owned,,,,,https://www.ebay.com/itm/147192732771,Tiffany & Co.,Yellow Gold,https://www.ebay.com/b/Tiffany-Co/bn_21836959?Brand=Tiffany%2520%2526%2520Co%252E&Metal=Yellow%2520Gold&mag=1&rt=nc
Tiffany & Co Lock bracelet 18kt yellow gold 28 grams bangle,5750.0,"$5,750.00",USD,5750.0,Pre-Owned,,,,,https://www.ebay.com/itm/398224738249,Tiffany & Co.,Yellow Gold,https://www.ebay.com/b/Tiffany-Co/bn_21836959?Brand=Tiffany%2520%2526%2520Co%252E&Metal=Yellow%2520Gold&mag=1&rt=nc
Authentic! Vintage Tiffany & Co 18K Yellow Gold Dogwood Flower Pendant Necklace,1725.0,"$1,725.00",USD,1725.0,Pre-Owned,,,,,https://www.ebay.com/itm/297856038154,Tiffany & Co.,Yellow Gold,https://www.ebay.com/b/Tiffany-Co/bn_21836959?Brand=Tiffany%2520%2526%2520Co%252E&Metal=Yellow%2520Gold&mag=1&rt=nc
Vintage Tiffany & Co Elsa Peretti Mesh 18k Yellow Gold Long Chain Necklace 26in,3300.0,"$3,300.00",USD,3300.0,Pre-Owned,,,,,https://www.ebay.com/itm/307063657381,Tiffany & Co.,Yellow Gold,https://www.ebay.com/b/Tiffany-Co/bn_21836959?Brand=Tiffany%2520%2526%2520Co%252E&Metal=Yellow%2520Gold&mag=1&rt=nc
Tiffany & Co. - 14k Yellow Gold Spiga Wheat Chain Box Clasp Bracelet,1500.0,"$1,500.00",USD,1500.0,Pre-Owned,,,,,https://www.ebay.com/itm/237001609724,Tiffany & Co.,Yellow Gold,https://www.ebay.com/b/Tiffany-Co/bn_21836959?Brand=Tiffany%2520%2526%2520Co%252E&Metal=Yellow%2520Gold&mag=1&rt=nc
Vintage 1970’s Tiffany & Co 14k Yellow Gold Wire Hook Bangle Bracelet 5.37g,1295.0,"$1,295.00",USD,1295.0,Pre-Owned,,,,,https://www.ebay.com/itm/168561536528,Tiffany & Co.,Yellow Gold,https://www.ebay.com/b/Tiffany-Co/bn_21836959?Brand=Tiffany%2520%2526%2520Co%252E&Metal=Yellow%2520Gold&mag=1&rt=nc
Tiffany & Co. Paloma Picasso® Olive Leaf Narrow Band Ring | 18K Yellow Gold,1295.0,"$1,295.00",USD,1295.0,Pre-Owned,,,,,https://www.ebay.com/itm/358828103034,Tiffany & Co.,Yellow Gold,https://www.ebay.com/b/Tiffany-Co/bn_21836959?Brand=Tiffany%2520%2526%2520Co%252E&Metal=Yellow%2520Gold&mag=1&rt=nc
Tiffany & Co Paloma Picasso Loving Heart Stud Authentic Earrings 18k Yellow Gold,650.0,$650.00,USD,650.0,Pre-Owned,,,,,https://www.ebay.com/itm/326877784762,Tiffany & Co.,Yellow Gold,https://www.ebay.com/b/Tiffany-Co/bn_21836959?Brand=Tiffany%2520%2526%2520Co%252E&Metal=Yellow%2520Gold&mag=1&rt=nc
Tiffany & Co Blue Pear Shape Blue Stone 18k Yellow Gold,1200.0,"$1,200.00",USD,1200.0,Pre-Owned,,,,,https://www.ebay.com/itm/318630206613,Tiffany & Co.,Yellow Gold,https://www.ebay.com/b/Tiffany-Co/bn_21836959?Brand=Tiffany%2520%2526%2520Co%252E&Metal=Yellow%2520Gold&mag=1&rt=nc
"Petite Tiffany & Co 18K Yellow Gold Heart Key Pendant Skeleton Key Charm 1.25""",625.0,$625.00,USD,625.0,Pre-Owned,,,,,https://www.ebay.com/itm/147449522296,Tiffany & Co.,Yellow Gold,https://www.ebay.com/b/Tiffany-Co/bn_21836959?Brand=Tiffany%2520%2526%2520Co%252E&Metal=Yellow%2520Gold&mag=1&rt=nc
Tiffany & Co. 1837 Makers 18K Yellow Gold Signet Ring Size 9 w/ Box,2800.0,"$2,800.00",USD,2800.0,Pre-Owned,,,,,https://www.ebay.com/itm/227473162626,Tiffany & Co.,Yellow Gold,https://www.ebay.com/b/Tiffany-Co/bn_21836959?Brand=Tiffany%2520%2526%2520Co%252E&Metal=Yellow%2520Gold&mag=1&rt=nc
Tiffany & Co 18K Yellow Gold Knot Twist Stud Earrings 4.06 Gr,1250.0,"$1,250.00",USD,1250.0,Pre-Owned,,,,,https://www.ebay.com/itm/398217678970,Tiffany & Co.,Yellow Gold,https://www.ebay.com/b/Tiffany-Co/bn_21836959?Brand=Tiffany%2520%2526%2520Co%252E&Metal=Yellow%2520Gold&mag=1&rt=nc
VINTAGE TIFFANY & CO. ELSA PERETTI OPEN HEART PENDANT NECKLACE 24K YELLOW GOLD,810.0,$810.00,USD,810.0,Pre-Owned,,,,,https://www.ebay.com/itm/800492188721,Tiffany & Co.,Yellow Gold,https://www.ebay.com/b/Tiffany-Co/bn_21836959?Brand=Tiffany%2520%2526%2520Co%252E&Metal=Yellow%2520Gold&mag=1&rt=nc
Rare Tiffany & Co. Vintage 14k Yellow Gold  Heart “LOVE” Locket,1000.0,"$1,000.00",USD,1000.0,Pre-Owned,,,,,https://www.ebay.com/itm/178113863719,Tiffany & Co.,Yellow Gold,https://www.ebay.com/b/Tiffany-Co/bn_21836959?Brand=Tiffany%2520%2526%2520Co%252E&Metal=Yellow%2520Gold&mag=1&rt=nc
Tiffany & Co. Elsa Peretti 18k Yellow Gold Open Heart Stud Earrings 2.9 Grams,583.94,$583.94,USD,583.94,Pre-Owned,,,,,https://www.ebay.com/itm/366546457065,Tiffany & Co.,Yellow Gold,https://www.ebay.com/b/Tiffany-Co/bn_21836959?Brand=Tiffany%2520%2526%2520Co%252E&Metal=Yellow%2520Gold&mag=1&rt=nc
Tiffany & Co 14k Yellow Gold 1 inch Hoop Earrings,800.0,$800.00,USD,800.0,Pre-Owned,,,,,https://www.ebay.com/itm/236953958732,Tiffany & Co.,Yellow Gold,https://www.ebay.com/b/Tiffany-Co/bn_21836959?Brand=Tiffany%2520%2526%2520Co%252E&Metal=Yellow%2520Gold&mag=1&rt=nc
Tiffany & Co. Paloma Picasso 18K Yellow Gold Graffiti Love Script Ring Sz 6,799.99,$799.99,USD,799.99,Pre-Owned,,,,,https://www.ebay.com/itm/267724695300,Tiffany & Co.,Yellow Gold,https://www.ebay.com/b/Tiffany-Co/bn_21836959?Brand=Tiffany%2520%2526%2520Co%252E&Metal=Yellow%2520Gold&mag=1&rt=nc
Tiffany & Co. 18k Yellow Gold Earrings,2500.0,"$2,500.00",USD,2500.0,Pre-Owned,,,,,https://www.ebay.com/itm/407149482717,Tiffany & Co.,Yellow Gold,https://www.ebay.com/b/Tiffany-Co/bn_21836959?Brand=Tiffany%2520%2526%2520Co%252E&Metal=Yellow%2520Gold&mag=1&rt=nc
"Tiffany & Co. Elsa Peretti Madonna Pendant in 18K Yellow Gold Size 16""",1359.99,"$1,359.99",USD,1359.99,Pre-Owned,,,,,https://www.ebay.com/itm/267663792677,Tiffany & Co.,Yellow Gold,https://www.ebay.com/b/Tiffany-Co/bn_21836959?Brand=Tiffany%2520%2526%2520Co%252E&Metal=Yellow%2520Gold&mag=1&rt=nc
Tiffany & Co Women's 18k Yellow Gold Stud Heart/Leaf Earrings,549.0,$549.00,USD,549.0,Pre-Owned,,,,,https://www.ebay.com/itm/298471106409,Tiffany & Co.,Yellow Gold,https://www.ebay.com/b/Tiffany-Co/bn_21836959?Brand=Tiffany%2520%2526%2520Co%252E&Metal=Yellow%2520Gold&mag=1&rt=nc
"Tiffany & Co. Vintage 18k Yellow Gold Hook & Eye Bangle Bracelet 7""",2999.99,"$2,999.99",USD,2999.99,Pre-Owned,,,,,https://www.ebay.com/itm/236940553646,Tiffany & Co.,Yellow Gold,https://www.ebay.com/b/Tiffany-Co/bn_21836959?Brand=Tiffany%2520%2526%2520Co%252E&Metal=Yellow%2520Gold&mag=1&rt=nc
TIFFANY Co. Open Heart Necklace 18K Yellow Gold 750 90328842,555.56,$555.56,USD,555.56,Pre-Owned,,,,,https://www.ebay.com/itm/257644357933,Tiffany & Co.,Yellow Gold,https://www.ebay.com/b/Tiffany-Co/bn_21836959?Brand=Tiffany%2520%2526%2520Co%252E&Metal=Yellow%2520Gold&mag=1&rt=nc
Tiffany & Co. Etoile 18k Yellow Gold .45ctw Sapphire Size 6 4mm Ring,2000.0,"$2,000.00",USD,2000.0,Pre-Owned,,,,,https://www.ebay.com/itm/168596055197,Tiffany & Co.,Yellow Gold,https://www.ebay.com/b/Tiffany-Co/bn_21836959?Brand=Tiffany%2520%2526%2520Co%252E&Metal=Yellow%2520Gold&mag=1&rt=nc
Chic Tiffany and Co. 18K Yellow Gold HardWear Wire Bypass Bracelet 7” W/ Box,2795.0,"$2,795.00",USD,2795.0,Pre-Owned,,,,,https://www.ebay.com/itm/257587366558,Tiffany & Co.,Yellow Gold,https://www.ebay.com/b/Tiffany-Co/bn_21836959?Brand=Tiffany%2520%2526%2520Co%252E&Metal=Yellow%2520Gold&mag=1&rt=nc
TIFFANY&Co. Necklace Teardrop K18 yellow gold Elsa Peretti Used 908452,1222.0,"$1,222.00",USD,1222.0,Pre-Owned,,,,,https://www.ebay.com/itm/168559734686,Tiffany & Co.,Yellow Gold,https://www.ebay.com/b/Tiffany-Co/bn_21836959?Brand=Tiffany%2520%2526%2520Co%252E&Metal=Yellow%2520Gold&mag=1&rt=nc
"Tiffany & Co. Forever 18K Yellow Gold Wedding Band, 4.5mm, Size 6.75",1550.0,"$1,550.00",USD,1550.0,Pre-Owned,,,,,https://www.ebay.com/itm/287489742383,Tiffany & Co.,Yellow Gold,https://www.ebay.com/b/Tiffany-Co/bn_21836959?Brand=Tiffany%2520%2526%2520Co%252E&Metal=Yellow%2520Gold&mag=1&rt=nc
Tiffany & Co. Paloma Picasso Graffiti Love Ring 18K Yellow Gold Size 7.75,799.0,$799.00,USD,799.0,Pre-Owned,,,,,https://www.ebay.com/itm/278277531593,Tiffany & Co.,Yellow Gold,https://www.ebay.com/b/Tiffany-Co/bn_21836959?Brand=Tiffany%2520%2526%2520Co%252E&Metal=Yellow%2520Gold&mag=1&rt=nc
"Tiffany & Co. Elsa Peretti Teardrop 18K Yellow Gold Necklace Pendant 16"" Chain",950.0,$950.00,USD,950.0,Pre-Owned,,,,,https://www.ebay.com/itm/257614837917,Tiffany & Co.,Yellow Gold,https://www.ebay.com/b/Tiffany-Co/bn_21836959?Brand=Tiffany%2520%2526%2520Co%252E&Metal=Yellow%2520Gold&mag=1&rt=nc
Tiffany & Co 1970’s German 18K Yellow Gold Square Box Link 5mm Chain Bracelet,3899.0,"$3,899.00",USD,3899.0,Pre-Owned,,,,,https://www.ebay.com/itm/336736239698,Tiffany & Co.,Yellow Gold,https://www.ebay.com/b/Tiffany-Co/bn_21836959?Brand=Tiffany%2520%2526%2520Co%252E&Metal=Yellow%2520Gold&mag=1&rt=nc
Rare Tiffany & Co. Twist Hoop Yellow Gold Earrings 750/18K,1495.0,"$1,495.00",USD,1495.0,Pre-Owned,,,,,https://www.ebay.com/itm/257575767979,Tiffany & Co.,Yellow Gold,https://www.ebay.com/b/Tiffany-Co/bn_21836959?Brand=Tiffany%2520%2526%2520Co%252E&Metal=Yellow%2520Gold&mag=1&rt=nc
Tiffany and Co 750au Necklace - 24 Inch - 18kt yellow gold,899.99,$899.99,USD,899.99,Pre-Owned,,,,,https://www.ebay.com/itm/137359201924,Tiffany & Co.,Yellow Gold,https://www.ebay.com/b/Tiffany-Co/bn_21836959?Brand=Tiffany%2520%2526%2520Co%252E&Metal=Yellow%2520Gold&mag=1&rt=nc
Tiffany & Co. 18K Yellow Gold Heart Key Wire Bangle Bracelet with Box and bag,1800.0,"$1,800.00",USD,1800.0,Pre-Owned,,,,,https://www.ebay.com/itm/358818744206,Tiffany & Co.,Yellow Gold,https://www.ebay.com/b/Tiffany-Co/bn_21836959?Brand=Tiffany%2520%2526%2520Co%252E&Metal=Yellow%2520Gold&mag=1&rt=nc
Tiffany & Co 1837 18K Yellow Gold Bangle Bracelet,4750.0,"$4,750.00",USD,4750.0,Pre-Owned,,,,,https://www.ebay.com/itm/257682486124,Tiffany & Co.,Yellow Gold,https://www.ebay.com/b/Tiffany-Co/bn_21836959?Brand=Tiffany%2520%2526%2520Co%252E&Metal=Yellow%2520Gold&mag=1&rt=nc
"Tiffany & Co. 18K Yellow Gold T Smile Necklace 16-18"" W/Pouch!",705.0,$705.00,USD,705.0,Pre-Owned,,,,,https://www.ebay.com/itm/137599911978,Tiffany & Co.,Yellow Gold,https://www.ebay.com/b/Tiffany-Co/bn_21836959?Brand=Tiffany%2520%2526%2520Co%252E&Metal=Yellow%2520Gold&mag=1&rt=nc
Tiffany & Co. Return to Tiffany 18K Yellow Gold Full Heart Tag Bracelet with Box,1250.0,"$1,250.00",USD,1250.0,Pre-Owned,,,,,https://www.ebay.com/itm/117361094931,Tiffany & Co.,Yellow Gold,https://www.ebay.com/b/Tiffany-Co/bn_21836959?Brand=Tiffany%2520%2526%2520Co%252E&Metal=Yellow%2520Gold&mag=1&rt=nc
Tiffany & Co. 18K Yellow Gold T Wire Bracelet #25893,1795.0,"$1,795.00",USD,1795.0,Pre-Owned,,,,,https://www.ebay.com/itm/278273790735,Tiffany & Co.,Yellow Gold,https://www.ebay.com/b/Tiffany-Co/bn_21836959?Brand=Tiffany%2520%2526%2520Co%252E&Metal=Yellow%2520Gold&mag=1&rt=nc
Auth. Tiffany & Co. Tiffany Lock 18K Yellow Gold Oval Hoop Earrings Snap Closure,4900.0,"$4,900.00",USD,4900.0,Pre-Owned,,,,,https://www.ebay.com/itm/117347165275,Tiffany & Co.,Yellow Gold,https://www.ebay.com/b/Tiffany-Co/bn_21836959?Brand=Tiffany%2520%2526%2520Co%252E&Metal=Yellow%2520Gold&mag=1&rt=nc
Tiffany & Co. Elsa Peretti Two Carat Faceted Stud Earrings 18k Yellow Gold 2.7g,1650.0,"$1,650.00",USD,1650.0,Pre-Owned,,,,,https://www.ebay.com/itm/227447287131,Tiffany & Co.,Yellow Gold,https://www.ebay.com/b/Tiffany-Co/bn_21836959?Brand=Tiffany%2520%2526%2520Co%252E&Metal=Yellow%2520Gold&mag=1&rt=nc
PAIR Tiffany Co. 18k Yellow Gold Love Knot Stud Mesh Earrings MINT CONDITION,1200.0,"$1,200.00",USD,1200.0,Pre-Owned,,,,,https://www.ebay.com/itm/227439961220,Tiffany & Co.,Yellow Gold,https://www.ebay.com/b/Tiffany-Co/bn_21836959?Brand=Tiffany%2520%2526%2520Co%252E&Metal=Yellow%2520Gold&mag=1&rt=nc
"Tiffany & Co. Sterling Silver HardWear Bead Ball 7"" Bracelet",175.0,$175.00,USD,175.0,Pre-Owned,,,,,https://www.ebay.com/itm/298592970244,Tiffany & Co.,Sterling Silver,https://www.ebay.com/b/Tiffany-Co/bn_21836959?Brand=Tiffany%2520%2526%2520Co%252E&Metal=Sterling%2520Silver&mag=1&rt=nc
"Love Tiffany & Co Blue Heart Earrings in Sterling Silver, Mini",195.0,$195.00,USD,195.0,Pre-Owned,,,,,https://www.ebay.com/itm/128025852296,Tiffany & Co.,Sterling Silver,https://www.ebay.com/b/Tiffany-Co/bn_21836959?Brand=Tiffany%2520%2526%2520Co%252E&Metal=Sterling%2520Silver&mag=1&rt=nc
Tiffany & Co. Authentic Sterling Silver Mini Heart Stud Earrings,199.0,$199.00,USD,199.0,Pre-Owned,,,,,https://www.ebay.com/itm/377410796051,Tiffany & Co.,Sterling Silver,https://www.ebay.com/b/Tiffany-Co/bn_21836959?Brand=Tiffany%2520%2526%2520Co%252E&Metal=Sterling%2520Silver&mag=1&rt=nc
Tiffany & Co Return to Tiffany Mini Heart Stud Earrings Sterling Silver w/ Pouch,219.0,$219.00,USD,219.0,Pre-Owned,,,,,https://www.ebay.com/itm/278270343628,Tiffany & Co.,Sterling Silver,https://www.ebay.com/b/Tiffany-Co/bn_21836959?Brand=Tiffany%2520%2526%2520Co%252E&Metal=Sterling%2520Silver&mag=1&rt=nc
Tiffany & Co Vintage Classic Heart Toggle Sterling Silver Necklace,325.0,$325.00,USD,325.0,Pre-Owned,,,,,https://www.ebay.com/itm/147509168933,Tiffany & Co.,Sterling Silver,https://www.ebay.com/b/Tiffany-Co/bn_21836959?Brand=Tiffany%2520%2526%2520Co%252E&Metal=Sterling%2520Silver&mag=1&rt=nc
TIFFANY & CO. HOOK & EYE BRACELET STERLING SILVER 18KT GOLD HOOK,175.0,$175.00,USD,175.0,Pre-Owned,,,,,https://www.ebay.com/itm/377426692573,Tiffany & Co.,Sterling Silver,https://www.ebay.com/b/Tiffany-Co/bn_21836959?Brand=Tiffany%2520%2526%2520Co%252E&Metal=Sterling%2520Silver&mag=1&rt=nc
Tiffany & Co. Mini Double Heart Necklace Pendant Blue Enamel Sterling Silver 925,71.0,$71.00,USD,71.0,Pre-Owned,,,,,https://www.ebay.com/itm/178408362231,Tiffany & Co.,Sterling Silver,https://www.ebay.com/b/Tiffany-Co/bn_21836959?Brand=Tiffany%2520%2526%2520Co%252E&Metal=Sterling%2520Silver&mag=1&rt=nc
"Tiffany & Co. ""I Love You"" Sterling Silver 2mm Band Ring - Sz 5",158.0,$158.00,USD,158.0,Pre-Owned,,,,,https://www.ebay.com/itm/227479641230,Tiffany & Co.,Sterling Silver,https://www.ebay.com/b/Tiffany-Co/bn_21836959?Brand=Tiffany%2520%2526%2520Co%252E&Metal=Sterling%2520Silver&mag=1&rt=nc
Tiffany and Co 18 Inch Sterling Silver Necklace with Heart Pendant,33.0,$33.00,USD,33.0,Pre-Owned,,,,,https://www.ebay.com/itm/267759628384,Tiffany & Co.,Sterling Silver,https://www.ebay.com/b/Tiffany-Co/bn_21836959?Brand=Tiffany%2520%2526%2520Co%252E&Metal=Sterling%2520Silver&mag=1&rt=nc
"Tiffany & Co. Venetian Link Bracelet 925 Sterling Silver 7.5"" w/ Tiffany Pouch",240.0,$240.00,USD,240.0,Pre-Owned,,,,,https://www.ebay.com/itm/128027504102,Tiffany & Co.,Sterling Silver,https://www.ebay.com/b/Tiffany-Co/bn_21836959?Brand=Tiffany%2520%2526%2520Co%252E&Metal=Sterling%2520Silver&mag=1&rt=nc
"Tiffany & Co. 925 Beaded Pearl Toggle Bracelet 7.25"" Sterling Silver AG925",324.99,$324.99,USD,324.99,Pre-Owned,,,,,https://www.ebay.com/itm/178415158403,Tiffany & Co.,Sterling Silver,https://www.ebay.com/b/Tiffany-Co/bn_21836959?Brand=Tiffany%2520%2526%2520Co%252E&Metal=Sterling%2520Silver&mag=1&rt=nc
"Tiffany & Co. Sterling Silver Somerset Mesh Bangle Bracelet 7.5""",120.5,$120.50,USD,120.5,Pre-Owned,,,,,https://www.ebay.com/itm/398289639383,Tiffany & Co.,Sterling Silver,https://www.ebay.com/b/Tiffany-Co/bn_21836959?Brand=Tiffany%2520%2526%2520Co%252E&Metal=Sterling%2520Silver&mag=1&rt=nc
Tiffany & Co. Return to Tiffany Sterling Silver 925 Round Tag Charm Bracelet,250.0,$250.00,USD,250.0,Pre-Owned,,,,,https://www.ebay.com/itm/287525164540,Tiffany & Co.,Sterling Silver,https://www.ebay.com/b/Tiffany-Co/bn_21836959?Brand=Tiffany%2520%2526%2520Co%252E&Metal=Sterling%2520Silver&mag=1&rt=nc
AUTHENTIC Tiffany & Co Blue Enamel Heart Love Stud Earrings Sterling Silver,344.99,$344.99,USD,344.99,Pre-Owned,,,,,https://www.ebay.com/itm/278199079364,Tiffany & Co.,Sterling Silver,https://www.ebay.com/b/Tiffany-Co/bn_21836959?Brand=Tiffany%2520%2526%2520Co%252E&Metal=Sterling%2520Silver&mag=1&rt=nc
Return To LOVE Tiffany & Co. Sterling Silver 12mm Heart Stud Earrings,495.0,$495.00,USD,495.0,Pre-Owned,,,,,https://www.ebay.com/itm/277800653992,Tiffany & Co.,Sterling Silver,https://www.ebay.com/b/Tiffany-Co/bn_21836959?Brand=Tiffany%2520%2526%2520Co%252E&Metal=Sterling%2520Silver&mag=1&rt=nc
Tiffany & Co. Return Tiffany Mini Heart Stud Earrings Sterling Silver NO BACKS,206.99,$206.99,USD,206.99,Pre-Owned,,,,,https://www.ebay.com/itm/278237743989,Tiffany & Co.,Sterling Silver,https://www.ebay.com/b/Tiffany-Co/bn_21836959?Brand=Tiffany%2520%2526%2520Co%252E&Metal=Sterling%2520Silver&mag=1&rt=nc
"Tiffany & Co Sterling Silver 925 Graduated Hardwear Ball Bead Necklace 16""",115.5,$115.50,USD,115.5,Pre-Owned,,,,,https://www.ebay.com/itm/398289645807,Tiffany & Co.,Sterling Silver,https://www.ebay.com/b/Tiffany-Co/bn_21836959?Brand=Tiffany%2520%2526%2520Co%252E&Metal=Sterling%2520Silver&mag=1&rt=nc
Tiffany & Co. Sterling Silver 925 Round Link Chain Bracelet Toggle Closure Charm,275.0,$275.00,USD,275.0,Pre-Owned,,,,,https://www.ebay.com/itm/407147642395,Tiffany & Co.,Sterling Silver,https://www.ebay.com/b/Tiffany-Co/bn_21836959?Brand=Tiffany%2520%2526%2520Co%252E&Metal=Sterling%2520Silver&mag=1&rt=nc
Tiffany & Co. Return to Tiffany 925 Sterling Silver Engraved Heart Padlock Charm,150.0,$150.00,USD,150.0,Pre-Owned,,,,,https://www.ebay.com/itm/158181279672,Tiffany & Co.,Sterling Silver,https://www.ebay.com/b/Tiffany-Co/bn_21836959?Brand=Tiffany%2520%2526%2520Co%252E&Metal=Sterling%2520Silver&mag=1&rt=nc
Tiffany & Co Sterling Silver 925 Venetian Box Chain Link Bracelet 7.5”,156.5,$156.50,USD,156.5,Pre-Owned,,,,,https://www.ebay.com/itm/398289599772,Tiffany & Co.,Sterling Silver,https://www.ebay.com/b/Tiffany-Co/bn_21836959?Brand=Tiffany%2520%2526%2520Co%252E&Metal=Sterling%2520Silver&mag=1&rt=nc
Tiffany & Co. Sterling Silver Elsa Peretti Open Heart Pendant Necklace,85.0,$85.00,USD,85.0,Pre-Owned,,,,,https://www.ebay.com/itm/147498663367,Tiffany & Co.,Sterling Silver,https://www.ebay.com/b/Tiffany-Co/bn_21836959?Brand=Tiffany%2520%2526%2520Co%252E&Metal=Sterling%2520Silver&mag=1&rt=nc
"Tiffany & Co. Sterling Silver 925  Venetian Box Link Chain Necklace 18"" Unisex",220.5,$220.50,USD,220.5,Pre-Owned,,,,,https://www.ebay.com/itm/117363066704,Tiffany & Co.,Sterling Silver,https://www.ebay.com/b/Tiffany-Co/bn_21836959?Brand=Tiffany%2520%2526%2520Co%252E&Metal=Sterling%2520Silver&mag=1&rt=nc
Tiffany & Co. Return to Tiffany 925 Sterling Silver Round Tag Pendant Necklace,149.5,$149.50,USD,149.5,Pre-Owned,,,,,https://www.ebay.com/itm/407140396725,Tiffany & Co.,Sterling Silver,https://www.ebay.com/b/Tiffany-Co/bn_21836959?Brand=Tiffany%2520%2526%2520Co%252E&Metal=Sterling%2520Silver&mag=1&rt=nc
"Tiffany & Co. Return to Tiffany Heart Tag Ring Sterling Silver 925 US Size 4""",298.0,$298.00,USD,298.0,Pre-Owned,,,,,https://www.ebay.com/itm/206495777645,Tiffany & Co.,Sterling Silver,https://www.ebay.com/b/Tiffany-Co/bn_21836959?Brand=Tiffany%2520%2526%2520Co%252E&Metal=Sterling%2520Silver&mag=1&rt=nc
Tiffany & Co. Sterling Silver Mesh Somerset Band Ring Size 7,285.0,$285.00,USD,285.0,Pre-Owned,,,,,https://www.ebay.com/itm/800493464617,Tiffany & Co.,Sterling Silver,https://www.ebay.com/b/Tiffany-Co/bn_21836959?Brand=Tiffany%2520%2526%2520Co%252E&Metal=Sterling%2520Silver&mag=1&rt=nc
Tiffany & Co. Tiffany Infinity 925 Sterling Silver Infinity Pendant Necklace Box,200.0,$200.00,USD,200.0,Pre-Owned,,,,,https://www.ebay.com/itm/800493863385,Tiffany & Co.,Sterling Silver,https://www.ebay.com/b/Tiffany-Co/bn_21836959?Brand=Tiffany%2520%2526%2520Co%252E&Metal=Sterling%2520Silver&mag=1&rt=nc
Tiffany & Co. 925 Sterling Silver Heart Pendant Necklace Signed Cable Chain,400.0,$400.00,USD,400.0,Pre-Owned,,,,,https://www.ebay.com/itm/178412001847,Tiffany & Co.,Sterling Silver,https://www.ebay.com/b/Tiffany-Co/bn_21836959?Brand=Tiffany%2520%2526%2520Co%252E&Metal=Sterling%2520Silver&mag=1&rt=nc
Tiffany & Co Sterling Silver .925 Spain Open Heart Beautiful Pendant.,160.0,$160.00,USD,160.0,Pre-Owned,,,,,https://www.ebay.com/itm/198563828497,Tiffany & Co.,Sterling Silver,https://www.ebay.com/b/Tiffany-Co/bn_21836959?Brand=Tiffany%2520%2526%2520Co%252E&Metal=Sterling%2520Silver&mag=1&rt=nc
Tiffany & Co Blue Enamel Heart Love Stud Earrings Sterling Silver,92.0,$92.00,USD,92.0,Pre-Owned,,,,,https://www.ebay.com/itm/398278913559,Tiffany & Co.,Sterling Silver,https://www.ebay.com/b/Tiffany-Co/bn_21836959?Brand=Tiffany%2520%2526%2520Co%252E&Metal=Sterling%2520Silver&mag=1&rt=nc
925 Sterling Silver Tiffany & Co Heart Charm “ please Return To Tiffany & Co.”￼,162.0,$162.00,USD,162.0,Pre-Owned,,,,,https://www.ebay.com/itm/398282760686,Tiffany & Co.,Sterling Silver,https://www.ebay.com/b/Tiffany-Co/bn_21836959?Brand=Tiffany%2520%2526%2520Co%252E&Metal=Sterling%2520Silver&mag=1&rt=nc
PLEASE RETURN TO TIFFANY & CO 925 STERLING SILVER BRACELET BLUE HEART CHARM. 6.7,249.99,$249.99,USD,249.99,Pre-Owned,,,,,https://www.ebay.com/itm/147489019263,Tiffany & Co.,Sterling Silver,https://www.ebay.com/b/Tiffany-Co/bn_21836959?Brand=Tiffany%2520%2526%2520Co%252E&Metal=Sterling%2520Silver&mag=1&rt=nc
Tiffany & Co. 925 Sterling Silver Heart Band Ring Signed Love Theme,400.0,$400.00,USD,400.0,Brand New,,,,,https://www.ebay.com/itm/406792114557,Tiffany & Co.,Sterling Silver,https://www.ebay.com/b/Tiffany-Co/bn_21836959?Brand=Tiffany%2520%2526%2520Co%252E&Metal=Sterling%2520Silver&mag=1&rt=nc
Tiffany & Co. 925 Sterling Silver Band Ring Size 7.5 w/ Box & Pouch,175.0,$175.00,USD,175.0,Pre-Owned,,,,,https://www.ebay.com/itm/800500995598,Tiffany & Co.,Sterling Silver,https://www.ebay.com/b/Tiffany-Co/bn_21836959?Brand=Tiffany%2520%2526%2520Co%252E&Metal=Sterling%2520Silver&mag=1&rt=nc
Tiffany & Co Venetian sterling silver 925 necklace & pouch,750.0,$750.00,USD,750.0,Pre-Owned,,,,,https://www.ebay.com/itm/198573503406,Tiffany & Co.,Sterling Silver,https://www.ebay.com/b/Tiffany-Co/bn_21836959?Brand=Tiffany%2520%2526%2520Co%252E&Metal=Sterling%2520Silver&mag=1&rt=nc
Tiffany & Co. Return to Tiffany Sterling Silver 925 Heart Tag Cable Necklace,1150.0,"$1,150.00",USD,1150.0,Pre-Owned,,,,,https://www.ebay.com/itm/336724643339,Tiffany & Co.,Sterling Silver,https://www.ebay.com/b/Tiffany-Co/bn_21836959?Brand=Tiffany%2520%2526%2520Co%252E&Metal=Sterling%2520Silver&mag=1&rt=nc
"Tiffany & Co. Ribbon Bow Ring 18K Yellow Gold Sterling Silver 925 US Size 6.5""",298.0,$298.00,USD,298.0,Pre-Owned,,,,,https://www.ebay.com/itm/206495797480,Tiffany & Co.,Sterling Silver,https://www.ebay.com/b/Tiffany-Co/bn_21836959?Brand=Tiffany%2520%2526%2520Co%252E&Metal=Sterling%2520Silver&mag=1&rt=nc
Tiffany & Co. Sterling Silver 925 Blank Heart Tag Toggle Necklace 16.5” w/Box,450.0,$450.00,USD,450.0,Pre-Owned,,,,,https://www.ebay.com/itm/820010540311,Tiffany & Co.,Sterling Silver,https://www.ebay.com/b/Tiffany-Co/bn_21836959?Brand=Tiffany%2520%2526%2520Co%252E&Metal=Sterling%2520Silver&mag=1&rt=nc
Tiffany & Co Return to Tiffany Heart Tag 925 Sterling Silver Toggle Bracelet,338.45,$338.45,USD,338.45,Pre-Owned,,,,,https://www.ebay.com/itm/287485739614,Tiffany & Co.,Sterling Silver,https://www.ebay.com/b/Tiffany-Co/bn_21836959?Brand=Tiffany%2520%2526%2520Co%252E&Metal=Sterling%2520Silver&mag=1&rt=nc
Tiffany & Co. 925 Sterling Silver Beaded Bracelet Silver Heart Charm,99.3,$99.30,USD,99.3,Pre-Owned,,,,,https://www.ebay.com/itm/398278906973,Tiffany & Co.,Sterling Silver,https://www.ebay.com/b/Tiffany-Co/bn_21836959?Brand=Tiffany%2520%2526%2520Co%252E&Metal=Sterling%2520Silver&mag=1&rt=nc
"TIFFANY & CO. STERLING SILVER 1  1/4"" BLUE ENAMEL HEART KEY CHARM PENDANT-MINT!",199.0,$199.00,USD,199.0,Pre-Owned,,,,,https://www.ebay.com/itm/358766948085,Tiffany & Co.,Sterling Silver,https://www.ebay.com/b/Tiffany-Co/bn_21836959?Brand=Tiffany%2520%2526%2520Co%252E&Metal=Sterling%2520Silver&mag=1&rt=nc
"Authentic Tiffany & Co. 925 Sterling Silver 1837 Disc Bracelet with Pouch, Box",350.0,$350.00,USD,350.0,Pre-Owned,,,,,https://www.ebay.com/itm/206434006726,Tiffany & Co.,Sterling Silver,https://www.ebay.com/b/Tiffany-Co/bn_21836959?Brand=Tiffany%2520%2526%2520Co%252E&Metal=Sterling%2520Silver&mag=1&rt=nc
Tiffany & Co. Sterling Silver Heart Tag Chain Link Bracelet 7.25 Engraved READ,37.0,$37.00,USD,37.0,Pre-Owned,,,,,https://www.ebay.com/itm/267757967677,Tiffany & Co.,Sterling Silver,https://www.ebay.com/b/Tiffany-Co/bn_21836959?Brand=Tiffany%2520%2526%2520Co%252E&Metal=Sterling%2520Silver&mag=1&rt=nc
Tiffany & Co. 925 Sterling Silver Engraved Rectangle Bar Pendant,115.0,$115.00,USD,115.0,Pre-Owned,,,,,https://www.ebay.com/itm/407128035861,Tiffany & Co.,Sterling Silver,https://www.ebay.com/b/Tiffany-Co/bn_21836959?Brand=Tiffany%2520%2526%2520Co%252E&Metal=Sterling%2520Silver&mag=1&rt=nc
"Vintage Tiffany & Co. Sterling Silver Heart Tag Charm Necklace ,Link",73.0,$73.00,USD,73.0,Pre-Owned,,,,,https://www.ebay.com/itm/267757977987,Tiffany & Co.,Sterling Silver,https://www.ebay.com/b/Tiffany-Co/bn_21836959?Brand=Tiffany%2520%2526%2520Co%252E&Metal=Sterling%2520Silver&mag=1&rt=nc
"Tiffany & Co Return to Tiffany Oval Tag 925 Sterling Silver 15.5"" Necklace",324.32,$324.32,USD,324.32,Pre-Owned,,,,,https://www.ebay.com/itm/366551162011,Tiffany & Co.,Sterling Silver,https://www.ebay.com/b/Tiffany-Co/bn_21836959?Brand=Tiffany%2520%2526%2520Co%252E&Metal=Sterling%2520Silver&mag=1&rt=nc
"Tiffany & Co. 1P Ruby Stacking Band Ring Sterling Silver 925 US Size 6.5""",248.0,$248.00,USD,248.0,Pre-Owned,,,,,https://www.ebay.com/itm/206495775248,Tiffany & Co.,Sterling Silver,https://www.ebay.com/b/Tiffany-Co/bn_21836959?Brand=Tiffany%2520%2526%2520Co%252E&Metal=Sterling%2520Silver&mag=1&rt=nc
Authentic Vintage Tiffany and Co. 1837 Sterling Silver Neck Cuff/Collar Necklace,497.5,$497.50,USD,497.5,Pre-Owned,,,,,https://www.ebay.com/itm/257636696242,Tiffany & Co.,Sterling Silver,https://www.ebay.com/b/Tiffany-Co/bn_21836959?Brand=Tiffany%2520%2526%2520Co%252E&Metal=Sterling%2520Silver&mag=1&rt=nc
Tiffany & Co. Return to Tiffany Large Heart Tag Diamond Necklace Sterling Silver,550.0,$550.00,USD,550.0,Pre-Owned,,,,,https://www.ebay.com/itm/407141754357,Tiffany & Co.,Sterling Silver,https://www.ebay.com/b/Tiffany-Co/bn_21836959?Brand=Tiffany%2520%2526%2520Co%252E&Metal=Sterling%2520Silver&mag=1&rt=nc
Tiffany & Co. sterling silver tag bracelet features chunky chain links,200.0,$200.00,USD,200.0,Pre-Owned,,,,,https://www.ebay.com/itm/278195713645,Tiffany & Co.,Sterling Silver,https://www.ebay.com/b/Tiffany-Co/bn_21836959?Brand=Tiffany%2520%2526%2520Co%252E&Metal=Sterling%2520Silver&mag=1&rt=nc
Tiffany & Co. Return to Tiffany Chain Bracelet 925 Sterling Silver,650.0,$650.00,USD,650.0,Pre-Owned,,,,,https://www.ebay.com/itm/128031231137,Tiffany & Co.,Sterling Silver,https://www.ebay.com/b/Tiffany-Co/bn_21836959?Brand=Tiffany%2520%2526%2520Co%252E&Metal=Sterling%2520Silver&mag=1&rt=nc
"Tiffany & Co Sterling Silver 925 1837 Wide Bangle Cuff 6.25""",500.0,$500.00,USD,500.0,Pre-Owned,,,,,https://www.ebay.com/itm/267757008220,Tiffany & Co.,Sterling Silver,https://www.ebay.com/b/Tiffany-Co/bn_21836959?Brand=Tiffany%2520%2526%2520Co%252E&Metal=Sterling%2520Silver&mag=1&rt=nc
tiffany co 925 heart sterling silver bracelet,190.0,$190.00,USD,190.0,Pre-Owned,,,,,https://www.ebay.com/itm/168609370838,Tiffany & Co.,Sterling Silver,https://www.ebay.com/b/Tiffany-Co/bn_21836959?Brand=Tiffany%2520%2526%2520Co%252E&Metal=Sterling%2520Silver&mag=1&rt=nc
Tiffany & Co. Heart Earrings Sterling Silver with Pouch,36.0,$36.00,USD,36.0,Pre-Owned,,,,,https://www.ebay.com/itm/267759630178,Tiffany & Co.,Sterling Silver,https://www.ebay.com/b/Tiffany-Co/bn_21836959?Brand=Tiffany%2520%2526%2520Co%252E&Metal=Sterling%2520Silver&mag=1&rt=nc
Size 8 | Set of 4 Tiffany & Co Stacking Rings by Elsa Peretti in Sterling Silver,692.0,$692.00,USD,692.0,Pre-Owned,,,,,https://www.ebay.com/itm/237010590381,Tiffany & Co.,Sterling Silver,https://www.ebay.com/b/Tiffany-Co/bn_21836959?Brand=Tiffany%2520%2526%2520Co%252E&Metal=Sterling%2520Silver&mag=1&rt=nc
Vintage Tiffany & Co. Mexico Sterling Silver .925 Puffed Heart Stud Earrings 3.4,175.0,$175.00,USD,175.0,Pre-Owned,,,,,https://www.ebay.com/itm/366604306390,Tiffany & Co.,Sterling Silver,https://www.ebay.com/b/Tiffany-Co/bn_21836959?Brand=Tiffany%2520%2526%2520Co%252E&Metal=Sterling%2520Silver&mag=1&rt=nc
Tiffany & Co 925 Sterling Silver Charm Bracelet| Silver Purse Enamel Heart Charm,650.0,$650.00,USD,650.0,Pre-Owned,,,,,https://www.ebay.com/itm/820012492026,Tiffany & Co.,Sterling Silver,https://www.ebay.com/b/Tiffany-Co/bn_21836959?Brand=Tiffany%2520%2526%2520Co%252E&Metal=Sterling%2520Silver&mag=1&rt=nc
Tiffany & Co. 925 Sterling Silver Band Ring Signed Size 7.5 6mm Wide,250.0,$250.00,USD,250.0,Pre-Owned,,,,,https://www.ebay.com/itm/137610462592,Tiffany & Co.,Sterling Silver,https://www.ebay.com/b/Tiffany-Co/bn_21836959?Brand=Tiffany%2520%2526%2520Co%252E&Metal=Sterling%2520Silver&mag=1&rt=nc
Tiffany & Co. Sterling Silver Letter “B” Pendant Necklace with Extra Long Chain,175.0,$175.00,USD,175.0,Pre-Owned,,,,,https://www.ebay.com/itm/800493645631,Tiffany & Co.,Sterling Silver,https://www.ebay.com/b/Tiffany-Co/bn_21836959?Brand=Tiffany%2520%2526%2520Co%252E&Metal=Sterling%2520Silver&mag=1&rt=nc
Tiffany & Co. Red Bow Enamel Flip Flop Sandal 925 Sterling Silver Charm Pendant,550.0,$550.00,USD,550.0,Pre-Owned,,,,,https://www.ebay.com/itm/820012527622,Tiffany & Co.,Sterling Silver,https://www.ebay.com/b/Tiffany-Co/bn_21836959?Brand=Tiffany%2520%2526%2520Co%252E&Metal=Sterling%2520Silver&mag=1&rt=nc
Tiffany & Co. Paloma Picasso Olive Leaf Pearl Stud Earring in Sterling Silver,500.0,$500.00,USD,500.0,Pre-Owned,,,,,https://www.ebay.com/itm/278270716195,Tiffany & Co.,Sterling Silver,https://www.ebay.com/b/Tiffany-Co/bn_21836959?Brand=Tiffany%2520%2526%2520Co%252E&Metal=Sterling%2520Silver&mag=1&rt=nc
Tiffany & Co. Elsa Peretti Signed Sterling Silver 925 Hoop Earrings,400.0,$400.00,USD,400.0,Pre-Owned,,,,,https://www.ebay.com/itm/307113489854,Tiffany & Co.,Sterling Silver,https://www.ebay.com/b/Tiffany-Co/bn_21836959?Brand=Tiffany%2520%2526%2520Co%252E&Metal=Sterling%2520Silver&mag=1&rt=nc
Tiffany & Co Return to Supreme Heart Tag Stud Earrings Sterling Silver 925,925.0,$925.00,USD,925.0,Pre-Owned,,,,,https://www.ebay.com/itm/226507354218,Tiffany & Co.,Sterling Silver,https://www.ebay.com/b/Tiffany-Co/bn_21836959?Brand=Tiffany%2520%2526%2520Co%252E&Metal=Sterling%2520Silver&mag=1&rt=nc
Tiffany & Co Paloma Picasso Olive Leaf Ear Climber Earrings Sterling Silver,428.83,$428.83,USD,428.83,Pre-Owned,,,,,https://www.ebay.com/itm/117349417624,Tiffany & Co.,Sterling Silver,https://www.ebay.com/b/Tiffany-Co/bn_21836959?Brand=Tiffany%2520%2526%2520Co%252E&Metal=Sterling%2520Silver&mag=1&rt=nc
Tiffany & Co. Stencil Cut Out Heart Hoop Dangle Drop Earrings in Sterling Silver,255.87,$255.87,USD,255.87,Pre-Owned,,,,,https://www.ebay.com/itm/307117982285,Tiffany & Co.,Sterling Silver,https://www.ebay.com/b/Tiffany-Co/bn_21836959?Brand=Tiffany%2520%2526%2520Co%252E&Metal=Sterling%2520Silver&mag=1&rt=nc
Tiffany & Co. Sterling Silver 8-9mm Pearl Stud Earrings Ziegfeld,625.0,$625.00,USD,625.0,Pre-Owned,,,,,https://www.ebay.com/itm/278255707361,Tiffany & Co.,Sterling Silver,https://www.ebay.com/b/Tiffany-Co/bn_21836959?Brand=Tiffany%2520%2526%2520Co%252E&Metal=Sterling%2520Silver&mag=1&rt=nc
Tiffany & Co Sterling Silver Small 18mm 1837 Narrow Hoop Earrings + Pouch,449.0,$449.00,USD,449.0,Pre-Owned,,,,,https://www.ebay.com/itm/178390555979,Tiffany & Co.,Sterling Silver,https://www.ebay.com/b/Tiffany-Co/bn_21836959?Brand=Tiffany%2520%2526%2520Co%252E&Metal=Sterling%2520Silver&mag=1&rt=nc
"TIFFANY & CO. (c) Sterling Silver Elsa Peretti 5 Bean Bracelet (7""+)",550.0,$550.00,USD,550.0,Brand New,,,,,https://www.ebay.com/itm/168568060379,Tiffany & Co.,Sterling Silver,https://www.ebay.com/b/Tiffany-Co/bn_21836959?Brand=Tiffany%2520%2526%2520Co%252E&Metal=Sterling%2520Silver&mag=1&rt=nc
Tiffany & Co Elsa Peretti Diamonds by the Yard Bracelet Sterling Silver .09ct,1049.95,"$1,049.95",USD,1049.95,Pre-Owned,,,,,https://www.ebay.com/itm/398293305040,Tiffany & Co.,Sterling Silver,https://www.ebay.com/b/Tiffany-Co/bn_21836959?Brand=Tiffany%2520%2526%2520Co%252E&Metal=Sterling%2520Silver&mag=1&rt=nc
Tiffany & Co. Signed - Enamel and 925 Sterling Silver Band Ring Size 6 8mm,248.0,$248.00,USD,248.0,Pre-Owned,,,,,https://www.ebay.com/itm/178397566702,Tiffany & Co.,Sterling Silver,https://www.ebay.com/b/Tiffany-Co/bn_21836959?Brand=Tiffany%2520%2526%2520Co%252E&Metal=Sterling%2520Silver&mag=1&rt=nc
RARE Tiffany & Co X Supreme Mini Return Heart Stud Earrings Sterling Silver,804.99,$804.99,USD,804.99,Pre-Owned,,,,,https://www.ebay.com/itm/278167113619,Tiffany & Co.,Sterling Silver,https://www.ebay.com/b/Tiffany-Co/bn_21836959?Brand=Tiffany%2520%2526%2520Co%252E&Metal=Sterling%2520Silver&mag=1&rt=nc
Sterling Silver Tiffany & Co. Dog Charm Bracelet. Dog Bone Links!,1990.0,"$1,990.00",USD,1990.0,Pre-Owned,,,,,https://www.ebay.com/itm/317129583873,Tiffany & Co.,Sterling Silver,https://www.ebay.com/b/Tiffany-Co/bn_21836959?Brand=Tiffany%2520%2526%2520Co%252E&Metal=Sterling%2520Silver&mag=1&rt=nc
"Tiffany & Co. Sterling Silver ID Bracelet, 6 1/2"" To 6 7/8"", with Blue Bag",199.0,$199.00,USD,199.0,Pre-Owned,,,,,https://www.ebay.com/itm/168583680987,Tiffany & Co.,Sterling Silver,https://www.ebay.com/b/Tiffany-Co/bn_21836959?Brand=Tiffany%2520%2526%2520Co%252E&Metal=Sterling%2520Silver&mag=1&rt=nc
"Tiffany & Co. 925 Sterling Silver Wide Cuff Bracelet, No Stone, Silver",1450.0,"$1,450.00",USD,1450.0,New (Other),,,,,https://www.ebay.com/itm/158156929334,Tiffany & Co.,Sterling Silver,https://www.ebay.com/b/Tiffany-Co/bn_21836959?Brand=Tiffany%2520%2526%2520Co%252E&Metal=Sterling%2520Silver&mag=1&rt=nc
Tiffany & Co. 925 Sterling Silver Oval Link Charm Bracelet Lock Dangle Signed,250.0,$250.00,USD,250.0,Pre-Owned,,,,,https://www.ebay.com/itm/227458083508,Tiffany & Co.,Sterling Silver,https://www.ebay.com/b/Tiffany-Co/bn_21836959?Brand=Tiffany%2520%2526%2520Co%252E&Metal=Sterling%2520Silver&mag=1&rt=nc
Authentic Tiffany & Co. Elsa Peretti Sterling Silver Bean 3-Piece Set,850.0,$850.00,USD,850.0,Pre-Owned,,,,,https://www.ebay.com/itm/227477209224,Tiffany & Co.,Sterling Silver,https://www.ebay.com/b/Tiffany-Co/bn_21836959?Brand=Tiffany%2520%2526%2520Co%252E&Metal=Sterling%2520Silver&mag=1&rt=nc
Tiffany & Co - Sterling Silver - Interlocking Clasp 1837 Chain Link Necklace,500.0,$500.00,USD,500.0,Pre-Owned,,,,,https://www.ebay.com/itm/188793669729,Tiffany & Co.,Sterling Silver,https://www.ebay.com/b/Tiffany-Co/bn_21836959?Brand=Tiffany%2520%2526%2520Co%252E&Metal=Sterling%2520Silver&mag=1&rt=nc
Tiffany & Co. Sterling Silver Nature Wood Collection Necklace 16in. (READ DESC),1149.99,"$1,149.99",USD,1149.99,Pre-Owned,,,,,https://www.ebay.com/itm/318739574060,Tiffany & Co.,Sterling Silver,https://www.ebay.com/b/Tiffany-Co/bn_21836959?Brand=Tiffany%2520%2526%2520Co%252E&Metal=Sterling%2520Silver&mag=1&rt=nc
Return To LOVE Tiffany & Co. Sterling Silver 12mm Heart Stud Earrings - Rare,500.0,$500.00,USD,500.0,Pre-Owned,,,,,https://www.ebay.com/itm/127152181653,Tiffany & Co.,Sterling Silver,https://www.ebay.com/b/Tiffany-Co/bn_21836959?Brand=Tiffany%2520%2526%2520Co%252E&Metal=Sterling%2520Silver&mag=1&rt=nc
Tiffany & Co. Sterling Silver Oval Clasping Link Chain Bracelet 8” Inches Long,849.0,$849.00,USD,849.0,Pre-Owned,,,,,https://www.ebay.com/itm/307129957671,Tiffany & Co.,Sterling Silver,https://www.ebay.com/b/Tiffany-Co/bn_21836959?Brand=Tiffany%2520%2526%2520Co%252E&Metal=Sterling%2520Silver&mag=1&rt=nc
Tiffany & Co. 925 Sterling Silver Box Chain Bracelet Lobster Clasp Signed,300.0,$300.00,USD,300.0,Pre-Owned,,,,,https://www.ebay.com/itm/358858794987,Tiffany & Co.,Sterling Silver,https://www.ebay.com/b/Tiffany-Co/bn_21836959?Brand=Tiffany%2520%2526%2520Co%252E&Metal=Sterling%2520Silver&mag=1&rt=nc
Tiffany & Co. Sterling Silver Nature Flower Rose Bangle Bracelet 6.9”,500.0,$500.00,USD,500.0,Pre-Owned,,,,,https://www.ebay.com/itm/206475517227,Tiffany & Co.,Sterling Silver,https://www.ebay.com/b/Tiffany-Co/bn_21836959?Brand=Tiffany%2520%2526%2520Co%252E&Metal=Sterling%2520Silver&mag=1&rt=nc
Tiffany & Co.  Bracelet Retun To  Sterling Silver 925  With Charms,1050.0,"$1,050.00",USD,1050.0,Pre-Owned,,,,,https://www.ebay.com/itm/178409883089,Tiffany & Co.,Sterling Silver,https://www.ebay.com/b/Tiffany-Co/bn_21836959?Brand=Tiffany%2520%2526%2520Co%252E&Metal=Sterling%2520Silver&mag=1&rt=nc
Tiffany & Co. 1837 T&CO 925 Sterling Silver Band Ring Size 7,200.0,$200.00,USD,200.0,Pre-Owned,,,,,https://www.ebay.com/itm/237009964179,Tiffany & Co.,Sterling Silver,https://www.ebay.com/b/Tiffany-Co/bn_21836959?Brand=Tiffany%2520%2526%2520Co%252E&Metal=Sterling%2520Silver&mag=1&rt=nc
Tiffany & Co. HardWear Ball Cuff Bracelet Sterling Silver 925 6.5”,645.0,$645.00,USD,645.0,Brand New,,,,,https://www.ebay.com/itm/327311995768,Tiffany & Co.,Sterling Silver,https://www.ebay.com/b/Tiffany-Co/bn_21836959?Brand=Tiffany%2520%2526%2520Co%252E&Metal=Sterling%2520Silver&mag=1&rt=nc
Tiffany & Co. 925 Sterling Silver Multi Strand Open Heart Bracelet,0.99,$0.99,USD,0.99,Pre-Owned,,,,,https://www.ebay.com/itm/137629797230,Tiffany & Co.,Sterling Silver,https://www.ebay.com/b/Tiffany-Co/bn_21836959?Brand=Tiffany%2520%2526%2520Co%252E&Metal=Sterling%2520Silver&mag=1&rt=nc
Tiffany & Co. Return to Tiffany Heart Tag 925 Sterling Silver Rolo Bracelet 8in,350.0,$350.00,USD,350.0,Pre-Owned,,,,,https://www.ebay.com/itm/168614721103,Tiffany & Co.,Sterling Silver,https://www.ebay.com/b/Tiffany-Co/bn_21836959?Brand=Tiffany%2520%2526%2520Co%252E&Metal=Sterling%2520Silver&mag=1&rt=nc
Tiffany & Co. Return to Tiffany Heart Tag Stud Earrings 925 Sterling Silver,93.0,$93.00,USD,93.0,Pre-Owned,,,,,https://www.ebay.com/itm/287471633876,Tiffany & Co.,Sterling Silver,https://www.ebay.com/b/Tiffany-Co/bn_21836959?Brand=Tiffany%2520%2526%2520Co%252E&Metal=Sterling%2520Silver&mag=1&rt=nc
Tiffany & Co. Return to Tiffany Heart Padlock Charm Pendant Sterling Silver 925,325.0,$325.00,USD,325.0,Pre-Owned,,,,,https://www.ebay.com/itm/257638931932,Tiffany & Co.,Sterling Silver,https://www.ebay.com/b/Tiffany-Co/bn_21836959?Brand=Tiffany%2520%2526%2520Co%252E&Metal=Sterling%2520Silver&mag=1&rt=nc
"Tiffany & Co. Return To Heart Tag Chain Link 15.5"" Necklace Sterling Silver 925",589.99,$589.99,USD,589.99,Pre-Owned,,,,,https://www.ebay.com/itm/307123465475,Tiffany & Co.,Sterling Silver,https://www.ebay.com/b/Tiffany-Co/bn_21836959?Brand=Tiffany%2520%2526%2520Co%252E&Metal=Sterling%2520Silver&mag=1&rt=nc
Tiffany & Co Metropolis Men's Cuff Bracelet 71 g Sterling Silver 925,650.0,$650.00,USD,650.0,Pre-Owned,,,,,https://www.ebay.com/itm/800442321677,Tiffany & Co.,Sterling Silver,https://www.ebay.com/b/Tiffany-Co/bn_21836959?Brand=Tiffany%2520%2526%2520Co%252E&Metal=Sterling%2520Silver&mag=1&rt=nc
Sterling Silver Tiffany & Co infinity bracelet with adjustable clasp,225.0,$225.00,USD,225.0,Pre-Owned,,,,,https://www.ebay.com/itm/137622908264,Tiffany & Co.,Sterling Silver,https://www.ebay.com/b/Tiffany-Co/bn_21836959?Brand=Tiffany%2520%2526%2520Co%252E&Metal=Sterling%2520Silver&mag=1&rt=nc
"Tiffany & Co. Return to Tiffany Multi Heart Tag Bracelet Sterling Silver 7""",1034.99,"$1,034.99",USD,1034.99,Pre-Owned,,,,,https://www.ebay.com/itm/277938848161,Tiffany & Co.,Sterling Silver,https://www.ebay.com/b/Tiffany-Co/bn_21836959?Brand=Tiffany%2520%2526%2520Co%252E&Metal=Sterling%2520Silver&mag=1&rt=nc
"Tiffany & Co. Sterling Silver Multi-Mini Heart Tag Bracelet 7 3/8"" [056WEA]",999.99,$999.99,USD,999.99,Pre-Owned,,,,,https://www.ebay.com/itm/206475116172,Tiffany & Co.,Sterling Silver,https://www.ebay.com/b/Tiffany-Co/bn_21836959?Brand=Tiffany%2520%2526%2520Co%252E&Metal=Sterling%2520Silver&mag=1&rt=nc
Tiffany & Co. Sterling Silver 925 Open Circle Station Cable Chain Necklace,300.0,$300.00,USD,300.0,Pre-Owned,,,,,https://www.ebay.com/itm/820002933044,Tiffany & Co.,Sterling Silver,https://www.ebay.com/b/Tiffany-Co/bn_21836959?Brand=Tiffany%2520%2526%2520Co%252E&Metal=Sterling%2520Silver&mag=1&rt=nc
"Tiffany & Co. Charms Bracelet, Tiffany  Sterling Silver Multi Charms Bracelet",1100.0,"$1,100.00",USD,1100.0,Pre-Owned,,,,,https://www.ebay.com/itm/307130479129,Tiffany & Co.,Sterling Silver,https://www.ebay.com/b/Tiffany-Co/bn_21836959?Brand=Tiffany%2520%2526%2520Co%252E&Metal=Sterling%2520Silver&mag=1&rt=nc
Tiffany & Co. 925 Sterling Silver Anchor Charm Pendant Cable Necklace Signed,175.0,$175.00,USD,175.0,Pre-Owned,,,,,https://www.ebay.com/itm/307073240202,Tiffany & Co.,Sterling Silver,https://www.ebay.com/b/Tiffany-Co/bn_21836959?Brand=Tiffany%2520%2526%2520Co%252E&Metal=Sterling%2520Silver&mag=1&rt=nc
TIFFANY & Co. Tiffany Heart Motif Stud Earrings Sterling Silver,94.0,$94.00,USD,94.0,Pre-Owned,,,,,https://www.ebay.com/itm/147497059329,Tiffany & Co.,Sterling Silver,https://www.ebay.com/b/Tiffany-Co/bn_21836959?Brand=Tiffany%2520%2526%2520Co%252E&Metal=Sterling%2520Silver&mag=1&rt=nc
tiffany and co 925 sterling silver xl hardware earrings,1500.0,"$1,500.00",USD,1500.0,Pre-Owned,,,,,https://www.ebay.com/itm/800331146418,Tiffany & Co.,Sterling Silver,https://www.ebay.com/b/Tiffany-Co/bn_21836959?Brand=Tiffany%2520%2526%2520Co%252E&Metal=Sterling%2520Silver&mag=1&rt=nc
Tiffany & Co Vintage Sterling Silver Dog Cat Teddy Clown Horse Charm Bracelet,500.0,$500.00,USD,500.0,Pre-Owned,,,,,https://www.ebay.com/itm/366601538155,Tiffany & Co.,Sterling Silver,https://www.ebay.com/b/Tiffany-Co/bn_21836959?Brand=Tiffany%2520%2526%2520Co%252E&Metal=Sterling%2520Silver&mag=1&rt=nc
Tiffany & Co. 1837 Engraved 925 Sterling Silver Cuff Bangle Bracelet Signed,280.0,$280.00,USD,280.0,Pre-Owned,,,,,https://www.ebay.com/itm/398286695596,Tiffany & Co.,Sterling Silver,https://www.ebay.com/b/Tiffany-Co/bn_21836959?Brand=Tiffany%2520%2526%2520Co%252E&Metal=Sterling%2520Silver&mag=1&rt=nc
TIFFANY & Co~Love Tiffany Blue Heart Tag 4mm Bead Bracelet~ Sterling Silver,375.0,$375.00,USD,375.0,Pre-Owned,,,,,https://www.ebay.com/itm/287519050915,Tiffany & Co.,Sterling Silver,https://www.ebay.com/b/Tiffany-Co/bn_21836959?Brand=Tiffany%2520%2526%2520Co%252E&Metal=Sterling%2520Silver&mag=1&rt=nc
Tiffany co Elsa Peretti 925 sterling silver women's bracelet,300.0,$300.00,USD,300.0,Pre-Owned,,,,,https://www.ebay.com/itm/287526074766,Tiffany & Co.,Sterling Silver,https://www.ebay.com/b/Tiffany-Co/bn_21836959?Brand=Tiffany%2520%2526%2520Co%252E&Metal=Sterling%2520Silver&mag=1&rt=nc
"Tiffany & Co. Sterling Silver 1837 Interlocking Clasp Chain Link Necklace 17""",500.0,$500.00,USD,500.0,Pre-Owned,,,,,https://www.ebay.com/itm/147507557739,Tiffany & Co.,Sterling Silver,https://www.ebay.com/b/Tiffany-Co/bn_21836959?Brand=Tiffany%2520%2526%2520Co%252E&Metal=Sterling%2520Silver&mag=1&rt=nc
Tiffany & Co. Signed Sterling Silver 925 Cat Brooch Pin Animal Theme,469.0,$469.00,USD,469.0,Pre-Owned,,,,,https://www.ebay.com/itm/168583988583,Tiffany & Co.,Sterling Silver,https://www.ebay.com/b/Tiffany-Co/bn_21836959?Brand=Tiffany%2520%2526%2520Co%252E&Metal=Sterling%2520Silver&mag=1&rt=nc
TIFFANY & CO. STERLING SILVER  7~8 MM CUT CITRINE SPARKLERS STUD EARRINGS,550.0,$550.00,USD,550.0,Pre-Owned,,,,,https://www.ebay.com/itm/206490954714,Tiffany & Co.,Sterling Silver,https://www.ebay.com/b/Tiffany-Co/bn_21836959?Brand=Tiffany%2520%2526%2520Co%252E&Metal=Sterling%2520Silver&mag=1&rt=nc
Tiffany & Co. 1837 Sterling Silver 925 Round Circle Pendant Cable Chain Necklace,240.0,$240.00,USD,240.0,Pre-Owned,,,,,https://www.ebay.com/itm/318692833144,Tiffany & Co.,Sterling Silver,https://www.ebay.com/b/Tiffany-Co/bn_21836959?Brand=Tiffany%2520%2526%2520Co%252E&Metal=Sterling%2520Silver&mag=1&rt=nc
Tiffany & Co Elsa Peretti Sterling Silver 925 Bone Cuff Left Wrist Medium Italy⁠,1499.0,"$1,499.00",USD,1499.0,Pre-Owned,,,,,https://www.ebay.com/itm/307127042981,Tiffany & Co.,Sterling Silver,https://www.ebay.com/b/Tiffany-Co/bn_21836959?Brand=Tiffany%2520%2526%2520Co%252E&Metal=Sterling%2520Silver&mag=1&rt=nc
"Vintage Tiffany & Co Sterling Silver 10mm Heart Toggle Necklace 18"" - 83g",549.0,$549.00,USD,549.0,Pre-Owned,,,,,https://www.ebay.com/itm/407102798992,Tiffany & Co.,Sterling Silver,https://www.ebay.com/b/Tiffany-Co/bn_21836959?Brand=Tiffany%2520%2526%2520Co%252E&Metal=Sterling%2520Silver&mag=1&rt=nc
Tiffany & Co. Sterling Silver 925 Ball Chain Drop Earrings Authentic 12mm,499.0,$499.00,USD,499.0,Pre-Owned,,,,,https://www.ebay.com/itm/336729051595,Tiffany & Co.,Sterling Silver,https://www.ebay.com/b/Tiffany-Co/bn_21836959?Brand=Tiffany%2520%2526%2520Co%252E&Metal=Sterling%2520Silver&mag=1&rt=nc
Tiffany & Co Sterling Silver 925 Butterfly Pin with Box,110.0,$110.00,USD,110.0,Pre-Owned,,,,,https://www.ebay.com/itm/267750546809,Tiffany & Co.,Sterling Silver,https://www.ebay.com/b/Tiffany-Co/bn_21836959?Brand=Tiffany%2520%2526%2520Co%252E&Metal=Sterling%2520Silver&mag=1&rt=nc
Tiffany & Co. Sterling Silver Somerset Mesh Bracelet Size Medium - Box!,325.0,$325.00,USD,325.0,Pre-Owned,,,,,https://www.ebay.com/itm/206465058173,Tiffany & Co.,Sterling Silver,https://www.ebay.com/b/Tiffany-Co/bn_21836959?Brand=Tiffany%2520%2526%2520Co%252E&Metal=Sterling%2520Silver&mag=1&rt=nc
Tiffany & Co. Elsa Peretti Medium Bottle Jug Pendant Sterling Silver 30” Cord,599.0,$599.00,USD,599.0,Pre-Owned,,,,,https://www.ebay.com/itm/358914140974,Tiffany & Co.,Sterling Silver,https://www.ebay.com/b/Tiffany-Co/bn_21836959?Brand=Tiffany%2520%2526%2520Co%252E&Metal=Sterling%2520Silver&mag=1&rt=nc
Tiffany & Co. Elsa Peretti Sterling Silver Oval Signet Ring,225.0,$225.00,USD,225.0,Pre-Owned,,,,,https://www.ebay.com/itm/298590580255,Tiffany & Co.,Sterling Silver,https://www.ebay.com/b/Tiffany-Co/bn_21836959?Brand=Tiffany%2520%2526%2520Co%252E&Metal=Sterling%2520Silver&mag=1&rt=nc
Tiffany & Co Elsa Peretti Open Heart Necklace in Sterling Silver,200.0,$200.00,USD,200.0,Pre-Owned,,,,,https://www.ebay.com/itm/168548044036,Tiffany & Co.,Sterling Silver,https://www.ebay.com/b/Tiffany-Co/bn_21836959?Brand=Tiffany%2520%2526%2520Co%252E&Metal=Sterling%2520Silver&mag=1&rt=nc
"Tiffany & Co. Sterling Silver 925 Mesh Bangle Bracelet, No Clasp, Silver",275.0,$275.00,USD,275.0,Pre-Owned,,,,,https://www.ebay.com/itm/127999312557,Tiffany & Co.,Sterling Silver,https://www.ebay.com/b/Tiffany-Co/bn_21836959?Brand=Tiffany%2520%2526%2520Co%252E&Metal=Sterling%2520Silver&mag=1&rt=nc
Tiffany & Co Elsa Peretti Crystal Cabochon Sterling Silver Ring Size6 10.8g,920.0,$920.00,USD,920.0,Pre-Owned,,,,,https://www.ebay.com/itm/267750497560,Tiffany & Co.,Sterling Silver,https://www.ebay.com/b/Tiffany-Co/bn_21836959?Brand=Tiffany%2520%2526%2520Co%252E&Metal=Sterling%2520Silver&mag=1&rt=nc
RARE Return to Love Tiffany & Co. Hinged Bangle Sterling Silver,1196.05,"$1,196.05",USD,1196.05,Pre-Owned,,,,,https://www.ebay.com/itm/257347126385,Tiffany & Co.,Sterling Silver,https://www.ebay.com/b/Tiffany-Co/bn_21836959?Brand=Tiffany%2520%2526%2520Co%252E&Metal=Sterling%2520Silver&mag=1&rt=nc
Tiffany & Co. Return to Tiffany Jumbo Heart Tag 925 Sterling Silver Bracelet,550.0,$550.00,USD,550.0,Pre-Owned,,,,,https://www.ebay.com/itm/398251530304,Tiffany & Co.,Sterling Silver,https://www.ebay.com/b/Tiffany-Co/bn_21836959?Brand=Tiffany%2520%2526%2520Co%252E&Metal=Sterling%2520Silver&mag=1&rt=nc
Tiffany Co Sterling Silver Handbag Purse Blue Enamel Heart Italy Charm Pendant,350.0,$350.00,USD,350.0,Pre-Owned,,,,,https://www.ebay.com/itm/366547895467,Tiffany & Co.,Sterling Silver,https://www.ebay.com/b/Tiffany-Co/bn_21836959?Brand=Tiffany%2520%2526%2520Co%252E&Metal=Sterling%2520Silver&mag=1&rt=nc
Please Return To Tiffany & Co. Sterling Silver MINI Heart Tag Charm Pendant,59.99,$59.99,USD,59.99,Pre-Owned,,,,,https://www.ebay.com/itm/278286306937,Tiffany & Co.,Sterling Silver,https://www.ebay.com/b/Tiffany-Co/bn_21836959?Brand=Tiffany%2520%2526%2520Co%252E&Metal=Sterling%2520Silver&mag=1&rt=nc
David Yurman Sterling Silver Pearls & Diamonds Cable Cuff Bracelet,233.5,$233.50,USD,233.5,Pre-Owned,,,,,https://www.ebay.com/itm/198574720390,David Yurman,Sterling Silver,https://www.ebay.com/b/David-Yurman/bn_21823139?Brand=David%2520Yurman&Metal=Sterling%2520Silver&mag=1&rt=nc
David Yurman Signet Sterling Silver 925 Size 7,350.0,$350.00,USD,350.0,Pre-Owned,,,,,https://www.ebay.com/itm/206498785097,David Yurman,Sterling Silver,https://www.ebay.com/b/David-Yurman/bn_21823139?Brand=David%2520Yurman&Metal=Sterling%2520Silver&mag=1&rt=nc
David Yurman Cable Chain Link Bracelet 925 Sterling Silver 18K Gold Two Tone 8IN,289.0,$289.00,USD,289.0,Pre-Owned,,,,,https://www.ebay.com/itm/188807814601,David Yurman,Sterling Silver,https://www.ebay.com/b/David-Yurman/bn_21823139?Brand=David%2520Yurman&Metal=Sterling%2520Silver&mag=1&rt=nc
David Yurman Sterling Silver 8mm Moonstone Spiritual Bead Bracelet Waves 8.5”,185.0,$185.00,USD,185.0,Pre-Owned,,,,,https://www.ebay.com/itm/206481076128,David Yurman,Sterling Silver,https://www.ebay.com/b/David-Yurman/bn_21823139?Brand=David%2520Yurman&Metal=Sterling%2520Silver&mag=1&rt=nc
"David Yurman Sterling Silver 925 5mm Cable Buckle 18k Gold Cuff Bracelet 8"" cir",217.0,$217.00,USD,217.0,Pre-Owned,,,,,https://www.ebay.com/itm/206497405324,David Yurman,Sterling Silver,https://www.ebay.com/b/David-Yurman/bn_21823139?Brand=David%2520Yurman&Metal=Sterling%2520Silver&mag=1&rt=nc
"David Yurman Sterling Silver 925 Gold X Cuff Bracelet 7""",220.25,$220.25,USD,220.25,Pre-Owned,,,,,https://www.ebay.com/itm/407150542276,David Yurman,Sterling Silver,https://www.ebay.com/b/David-Yurman/bn_21823139?Brand=David%2520Yurman&Metal=Sterling%2520Silver&mag=1&rt=nc
David Yurman Sterling Silver 18K Gold Pave Diamonds 7mm Cable Cuff Bracelet M,219.5,$219.50,USD,219.5,Pre-Owned,,,,,https://www.ebay.com/itm/800521059321,David Yurman,Sterling Silver,https://www.ebay.com/b/David-Yurman/bn_21823139?Brand=David%2520Yurman&Metal=Sterling%2520Silver&mag=1&rt=nc
David Yurman Sterling Silver 10mm Cable Flex X Station Bracelet with 18K Gold M,227.0,$227.00,USD,227.0,Pre-Owned,,,,,https://www.ebay.com/itm/398294945027,David Yurman,Sterling Silver,https://www.ebay.com/b/David-Yurman/bn_21823139?Brand=David%2520Yurman&Metal=Sterling%2520Silver&mag=1&rt=nc
David Yurman Sterling Silver 5mm Cable Classic Buckle Bracelet 18k Gold S/M 6”,212.0,$212.00,USD,212.0,Pre-Owned,,,,,https://www.ebay.com/itm/398295333525,David Yurman,Sterling Silver,https://www.ebay.com/b/David-Yurman/bn_21823139?Brand=David%2520Yurman&Metal=Sterling%2520Silver&mag=1&rt=nc
"David Yurman 925 Sterling Silver 7 mm Cable Bangle with Diamond Accent Size M 7""",223.54,$223.54,USD,223.54,Pre-Owned,,,,,https://www.ebay.com/itm/137631040648,David Yurman,Sterling Silver,https://www.ebay.com/b/David-Yurman/bn_21823139?Brand=David%2520Yurman&Metal=Sterling%2520Silver&mag=1&rt=nc
"David Yurman Sterling Silver 925 Gold X Cuff Bracelet 7""",232.68,$232.68,USD,232.68,New (Other),,,,,https://www.ebay.com/itm/147507954713,David Yurman,Sterling Silver,https://www.ebay.com/b/David-Yurman/bn_21823139?Brand=David%2520Yurman&Metal=Sterling%2520Silver&mag=1&rt=nc
"David Yurman 925 Sterling Silver 7 mm Cable Bangle with Diamond Accent Size M 7""",225.0,$225.00,USD,225.0,Pre-Owned,,,,,https://www.ebay.com/itm/227479286143,David Yurman,Sterling Silver,https://www.ebay.com/b/David-Yurman/bn_21823139?Brand=David%2520Yurman&Metal=Sterling%2520Silver&mag=1&rt=nc
DAVID YURMAN sterling silver 925 gold Oval Link Cable Chain bracelet,220.0,$220.00,USD,220.0,Pre-Owned,,,,,https://www.ebay.com/itm/318742524749,David Yurman,Sterling Silver,https://www.ebay.com/b/David-Yurman/bn_21823139?Brand=David%2520Yurman&Metal=Sterling%2520Silver&mag=1&rt=nc
David Yurman Chain 18k Gold Sterling Silver 12mm Oval Link Bracelet,225.0,$225.00,USD,225.0,Pre-Owned,,,,,https://www.ebay.com/itm/800515195595,David Yurman,Sterling Silver,https://www.ebay.com/b/David-Yurman/bn_21823139?Brand=David%2520Yurman&Metal=Sterling%2520Silver&mag=1&rt=nc
$375 David Yurman Sterling Silver and 18k YG X Crossover Band Ring 7.75,225.0,$225.00,USD,225.0,Pre-Owned,,,,,https://www.ebay.com/itm/178414382249,David Yurman,Sterling Silver,https://www.ebay.com/b/David-Yurman/bn_21823139?Brand=David%2520Yurman&Metal=Sterling%2520Silver&mag=1&rt=nc
"David Yurman Sterling Silver  14mm Infinity Moonstone  Pendant / Necklace 18""",275.0,$275.00,USD,275.0,Pre-Owned,,,,,https://www.ebay.com/itm/206481075703,David Yurman,Sterling Silver,https://www.ebay.com/b/David-Yurman/bn_21823139?Brand=David%2520Yurman&Metal=Sterling%2520Silver&mag=1&rt=nc
David Yurman Cable Buckle Bracelet 925 Sterling Silver 18K Gold Signed,227.11,$227.11,USD,227.11,Pre-Owned,,,,,https://www.ebay.com/itm/820013268813,David Yurman,Sterling Silver,https://www.ebay.com/b/David-Yurman/bn_21823139?Brand=David%2520Yurman&Metal=Sterling%2520Silver&mag=1&rt=nc
David Yurman Cable Buckle Bracelet 925 Sterling Silver 18K Gold Signed,227.43,$227.43,USD,227.43,Pre-Owned,,,,,https://www.ebay.com/itm/377422080320,David Yurman,Sterling Silver,https://www.ebay.com/b/David-Yurman/bn_21823139?Brand=David%2520Yurman&Metal=Sterling%2520Silver&mag=1&rt=nc
"David Yurman Sterling Silver 925 5mm Cable Buckle 18k Gold Cuff Bracelet 8"" cir",227.5,$227.50,USD,227.5,Pre-Owned,,,,,https://www.ebay.com/itm/366610715709,David Yurman,Sterling Silver,https://www.ebay.com/b/David-Yurman/bn_21823139?Brand=David%2520Yurman&Metal=Sterling%2520Silver&mag=1&rt=nc
"David Yurman Sterling Silver 925 5mm Cable Buckle 18k Gold Cuff Bracelet 8"" cir",230.0,$230.00,USD,230.0,Pre-Owned,,,,,https://www.ebay.com/itm/366608593587,David Yurman,Sterling Silver,https://www.ebay.com/b/David-Yurman/bn_21823139?Brand=David%2520Yurman&Metal=Sterling%2520Silver&mag=1&rt=nc
"David Yurman 14K and 925 Sterling Silver 8"" Wheat Chain",225.43,$225.43,USD,225.43,Pre-Owned,,,,,https://www.ebay.com/itm/307129197433,David Yurman,Sterling Silver,https://www.ebay.com/b/David-Yurman/bn_21823139?Brand=David%2520Yurman&Metal=Sterling%2520Silver&mag=1&rt=nc
David yurman Crossover Cuff Bracelet in Sterling Silver with 18K Yellow Gold,225.14,$225.14,USD,225.14,Pre-Owned,,,,,https://www.ebay.com/itm/398294950479,David Yurman,Sterling Silver,https://www.ebay.com/b/David-Yurman/bn_21823139?Brand=David%2520Yurman&Metal=Sterling%2520Silver&mag=1&rt=nc
David Yurman Sterling Silver Classic Cable & 18K Crossover Cuff Bracelet,225.95,$225.95,USD,225.95,Pre-Owned,,,,,https://www.ebay.com/itm/206489628068,David Yurman,Sterling Silver,https://www.ebay.com/b/David-Yurman/bn_21823139?Brand=David%2520Yurman&Metal=Sterling%2520Silver&mag=1&rt=nc
David Yurman Petite Helena 3 Row Ring Sterling Silver with 18K Yellow Gold,225.0,$225.00,USD,225.0,Pre-Owned,,,,,https://www.ebay.com/itm/188799633216,David Yurman,Sterling Silver,https://www.ebay.com/b/David-Yurman/bn_21823139?Brand=David%2520Yurman&Metal=Sterling%2520Silver&mag=1&rt=nc
David Yurman Sterling Silver 925 14K Gold X Cable Cuff Classic Bracelet,228.5,$228.50,USD,228.5,Pre-Owned,,,,,https://www.ebay.com/itm/407150563750,David Yurman,Sterling Silver,https://www.ebay.com/b/David-Yurman/bn_21823139?Brand=David%2520Yurman&Metal=Sterling%2520Silver&mag=1&rt=nc
"David Yurman Sterling Silver 925 Gold X Cuff Bracelet 7""",228.56,$228.56,USD,228.56,Pre-Owned,,,,,https://www.ebay.com/itm/298594971054,David Yurman,Sterling Silver,https://www.ebay.com/b/David-Yurman/bn_21823139?Brand=David%2520Yurman&Metal=Sterling%2520Silver&mag=1&rt=nc
"David Yurman Sterling Silver 925 Gold X Cuff Bracelet 7""",223.45,$223.45,USD,223.45,Pre-Owned,,,,,https://www.ebay.com/itm/206494509530,David Yurman,Sterling Silver,https://www.ebay.com/b/David-Yurman/bn_21823139?Brand=David%2520Yurman&Metal=Sterling%2520Silver&mag=1&rt=nc
David Yurman Sterling Silver & 18K Figaro Cable Link Necklace 32 '' DY charm,800.0,$800.00,USD,800.0,Pre-Owned,,,,,https://www.ebay.com/itm/257684958927,David Yurman,Sterling Silver,https://www.ebay.com/b/David-Yurman/bn_21823139?Brand=David%2520Yurman&Metal=Sterling%2520Silver&mag=1&rt=nc
David Yurman .925 Sterling Silver Madison Chain Bracelet 6.5'',315.0,$315.00,USD,315.0,Pre-Owned,,,,,https://www.ebay.com/itm/206481080765,David Yurman,Sterling Silver,https://www.ebay.com/b/David-Yurman/bn_21823139?Brand=David%2520Yurman&Metal=Sterling%2520Silver&mag=1&rt=nc
David Yurman Sterling Silver Riverstone Bead Ball Bracelet 8mm,199.0,$199.00,USD,199.0,Pre-Owned,,,,,https://www.ebay.com/itm/206498380849,David Yurman,Sterling Silver,https://www.ebay.com/b/David-Yurman/bn_21823139?Brand=David%2520Yurman&Metal=Sterling%2520Silver&mag=1&rt=nc
David Yurman  925 Sterling Silver Elements PEARL Bead Element Bracelet,375.0,$375.00,USD,375.0,Pre-Owned,,,,,https://www.ebay.com/itm/287478713280,David Yurman,Sterling Silver,https://www.ebay.com/b/David-Yurman/bn_21823139?Brand=David%2520Yurman&Metal=Sterling%2520Silver&mag=1&rt=nc
David Yurman Sterling Silver 11mm Amethyst Infinity Ring Size 6,275.0,$275.00,USD,275.0,Pre-Owned,,,,,https://www.ebay.com/itm/298576062588,David Yurman,Sterling Silver,https://www.ebay.com/b/David-Yurman/bn_21823139?Brand=David%2520Yurman&Metal=Sterling%2520Silver&mag=1&rt=nc
"David Yurman Sterling Silver 925 5mm Cable Buckle 18k Gold Cuff Bracelet 8"" cir",227.02,$227.02,USD,227.02,Pre-Owned,,,,,https://www.ebay.com/itm/407148336041,David Yurman,Sterling Silver,https://www.ebay.com/b/David-Yurman/bn_21823139?Brand=David%2520Yurman&Metal=Sterling%2520Silver&mag=1&rt=nc
DAVID YURMAN sterling silver 925 gold Oval Link Cable Chain bracelet,225.0,$225.00,USD,225.0,Pre-Owned,,,,,https://www.ebay.com/itm/407140831479,David Yurman,Sterling Silver,https://www.ebay.com/b/David-Yurman/bn_21823139?Brand=David%2520Yurman&Metal=Sterling%2520Silver&mag=1&rt=nc
David Yurman Sterling Silver Cable X Cross Pendant Necklace - 18K /925,220.36,$220.36,USD,220.36,Pre-Owned,,,,,https://www.ebay.com/itm/398280147910,David Yurman,Sterling Silver,https://www.ebay.com/b/David-Yurman/bn_21823139?Brand=David%2520Yurman&Metal=Sterling%2520Silver&mag=1&rt=nc
David Yurman 925 sterling silver and 14k gold cable cross necklace,220.05,$220.05,USD,220.05,Pre-Owned,,,,,https://www.ebay.com/itm/206497504010,David Yurman,Sterling Silver,https://www.ebay.com/b/David-Yurman/bn_21823139?Brand=David%2520Yurman&Metal=Sterling%2520Silver&mag=1&rt=nc
David Yurman Cable Buckle Bracelet 925 Sterling Silver 18K Gold Signed,230.49,$230.49,USD,230.49,Pre-Owned,,,,,https://www.ebay.com/itm/188800503845,David Yurman,Sterling Silver,https://www.ebay.com/b/David-Yurman/bn_21823139?Brand=David%2520Yurman&Metal=Sterling%2520Silver&mag=1&rt=nc
David Yurman Two-Tone Cable Heart Charm Pendant Necklace Sterling Silver 18k EUC,227.49,$227.49,USD,227.49,New (Other),,,,,https://www.ebay.com/itm/298584217220,David Yurman,Sterling Silver,https://www.ebay.com/b/David-Yurman/bn_21823139?Brand=David%2520Yurman&Metal=Sterling%2520Silver&mag=1&rt=nc
David Yurman Crossover Five Row Ring Sterling Silver Diamonds 17.5mm – US Size 7,245.0,$245.00,USD,245.0,Pre-Owned,,,,,https://www.ebay.com/itm/188801794437,David Yurman,Sterling Silver,https://www.ebay.com/b/David-Yurman/bn_21823139?Brand=David%2520Yurman&Metal=Sterling%2520Silver&mag=1&rt=nc
David Yurman Sterling Silver Saint Michael Amulet Pendant,324.99,$324.99,USD,324.99,Pre-Owned,,,,,https://www.ebay.com/itm/227479874091,David Yurman,Sterling Silver,https://www.ebay.com/b/David-Yurman/bn_21823139?Brand=David%2520Yurman&Metal=Sterling%2520Silver&mag=1&rt=nc
"David Yurman Sterling Silver 925 Gold X Cuff Bracelet 7""",228.65,$228.65,USD,228.65,Pre-Owned,,,,,https://www.ebay.com/itm/137627028752,David Yurman,Sterling Silver,https://www.ebay.com/b/David-Yurman/bn_21823139?Brand=David%2520Yurman&Metal=Sterling%2520Silver&mag=1&rt=nc
David yurman Crossover Cuff Bracelet in Sterling Silver with 18K Yellow Gold,231.0,$231.00,USD,231.0,Pre-Owned,,,,,https://www.ebay.com/itm/407121445191,David Yurman,Sterling Silver,https://www.ebay.com/b/David-Yurman/bn_21823139?Brand=David%2520Yurman&Metal=Sterling%2520Silver&mag=1&rt=nc
David Yurman Sterling Silver Crossover Five Row Ring with 18k Gold Size 8,129.0,$129.00,USD,129.0,Pre-Owned,,,,,https://www.ebay.com/itm/307130759909,David Yurman,Sterling Silver,https://www.ebay.com/b/David-Yurman/bn_21823139?Brand=David%2520Yurman&Metal=Sterling%2520Silver&mag=1&rt=nc
David Yurman Cable Twist Cuff Bracelet Sterling Silver Starburst Diamond,132.0,$132.00,USD,132.0,Pre-Owned,,,,,https://www.ebay.com/itm/307130758985,David Yurman,Sterling Silver,https://www.ebay.com/b/David-Yurman/bn_21823139?Brand=David%2520Yurman&Metal=Sterling%2520Silver&mag=1&rt=nc
David Yurman Petite Helena 3 Row Ring Sterling Silver with 18K Yellow Gold,225.18,$225.18,USD,225.18,Pre-Owned,,,,,https://www.ebay.com/itm/128024343666,David Yurman,Sterling Silver,https://www.ebay.com/b/David-Yurman/bn_21823139?Brand=David%2520Yurman&Metal=Sterling%2520Silver&mag=1&rt=nc
David Yurman 7mm Cable Flex X Diamond Bracelet Sterling Silver Size M,146.5,$146.50,USD,146.5,Pre-Owned,,,,,https://www.ebay.com/itm/137618963099,David Yurman,Sterling Silver,https://www.ebay.com/b/David-Yurman/bn_21823139?Brand=David%2520Yurman&Metal=Sterling%2520Silver&mag=1&rt=nc
David Yurman 7mm Candy Cable Bracelet Sterling Silver with Diamonds,138.5,$138.50,USD,138.5,Pre-Owned,,,,,https://www.ebay.com/itm/137618968661,David Yurman,Sterling Silver,https://www.ebay.com/b/David-Yurman/bn_21823139?Brand=David%2520Yurman&Metal=Sterling%2520Silver&mag=1&rt=nc
David Yurman 925 Sterling silver Bracelet Diamond classic cable bracelet,133.0,$133.00,USD,133.0,Pre-Owned,,,,,https://www.ebay.com/itm/307130757279,David Yurman,Sterling Silver,https://www.ebay.com/b/David-Yurman/bn_21823139?Brand=David%2520Yurman&Metal=Sterling%2520Silver&mag=1&rt=nc
David Yurman Sterling Silver & 18k Gold Cabled Open Heart Necklace 16” Long,225.5,$225.50,USD,225.5,New (Other),,,,,https://www.ebay.com/itm/318722734917,David Yurman,Sterling Silver,https://www.ebay.com/b/David-Yurman/bn_21823139?Brand=David%2520Yurman&Metal=Sterling%2520Silver&mag=1&rt=nc
David Yurman Sterling Silver 925 14K Gold Double X Cable Cuff Classic Bracelet,650.0,$650.00,USD,650.0,Pre-Owned,,,,,https://www.ebay.com/itm/227474635195,David Yurman,Sterling Silver,https://www.ebay.com/b/David-Yurman/bn_21823139?Brand=David%2520Yurman&Metal=Sterling%2520Silver&mag=1&rt=nc
David Yurman sterling silver & 14K gold Cable Cigar Band pierced earrings,550.0,$550.00,USD,550.0,Pre-Owned,,,,,https://www.ebay.com/itm/198575345875,David Yurman,Sterling Silver,https://www.ebay.com/b/David-Yurman/bn_21823139?Brand=David%2520Yurman&Metal=Sterling%2520Silver&mag=1&rt=nc
"David Yurman Sterling Silver 925 5mm Cable Buckle 18k Gold Cuff Bracelet 8"" cir",223.77,$223.77,USD,223.77,Pre-Owned,,,,,https://www.ebay.com/itm/377407202852,David Yurman,Sterling Silver,https://www.ebay.com/b/David-Yurman/bn_21823139?Brand=David%2520Yurman&Metal=Sterling%2520Silver&mag=1&rt=nc
David Yurman 925 Sterling Silver - 14K Yellow Gold Double  X Cable Cuff Bracelet,225.03,$225.03,USD,225.03,Pre-Owned,,,,,https://www.ebay.com/itm/377422366665,David Yurman,Sterling Silver,https://www.ebay.com/b/David-Yurman/bn_21823139?Brand=David%2520Yurman&Metal=Sterling%2520Silver&mag=1&rt=nc
David Yurman Iconic 7mm Candy Cable Bracelet Sterling Silver Yellow Diamonds,150.0,$150.00,USD,150.0,Pre-Owned,,,,,https://www.ebay.com/itm/137618964908,David Yurman,Sterling Silver,https://www.ebay.com/b/David-Yurman/bn_21823139?Brand=David%2520Yurman&Metal=Sterling%2520Silver&mag=1&rt=nc
David Yurman Cable Infinity Knot Ring 925 Sterling Silver Size 6 Width-15 mm,300.0,$300.00,USD,300.0,Pre-Owned,,,,,https://www.ebay.com/itm/257684913841,David Yurman,Sterling Silver,https://www.ebay.com/b/David-Yurman/bn_21823139?Brand=David%2520Yurman&Metal=Sterling%2520Silver&mag=1&rt=nc
David Yurman Helena 8 Ring Sterling Silver w/ 18K Gold Diamonds 12mm,221.55,$221.55,USD,221.55,Pre-Owned,,,,,https://www.ebay.com/itm/318742805616,David Yurman,Sterling Silver,https://www.ebay.com/b/David-Yurman/bn_21823139?Brand=David%2520Yurman&Metal=Sterling%2520Silver&mag=1&rt=nc
David Yurman 925 Sterling Silver Cable Band Ring Size 7 12mm No Stone,213.0,$213.00,USD,213.0,New (Other),,,,,https://www.ebay.com/itm/318735170978,David Yurman,Sterling Silver,https://www.ebay.com/b/David-Yurman/bn_21823139?Brand=David%2520Yurman&Metal=Sterling%2520Silver&mag=1&rt=nc
David Yurman bracelet solid 18k gold and sterling silver cuff,224.19,$224.19,USD,224.19,Pre-Owned,,,,,https://www.ebay.com/itm/407150707342,David Yurman,Sterling Silver,https://www.ebay.com/b/David-Yurman/bn_21823139?Brand=David%2520Yurman&Metal=Sterling%2520Silver&mag=1&rt=nc
David Yurman Sterling Silver Albion Collection Aqua Chalcedony 17mm Size 6,450.0,$450.00,USD,450.0,Pre-Owned,,,,,https://www.ebay.com/itm/257684784704,David Yurman,Sterling Silver,https://www.ebay.com/b/David-Yurman/bn_21823139?Brand=David%2520Yurman&Metal=Sterling%2520Silver&mag=1&rt=nc
David Yurman bracelet solid 18k gold and sterling silver cuff,226.68,$226.68,USD,226.68,Pre-Owned,,,,,https://www.ebay.com/itm/336744764936,David Yurman,Sterling Silver,https://www.ebay.com/b/David-Yurman/bn_21823139?Brand=David%2520Yurman&Metal=Sterling%2520Silver&mag=1&rt=nc
"David Yurman 925 Sterling Silver Cable Cuff Bracelet w/ Pearl, Signed 4mm",295.0,$295.00,USD,295.0,Pre-Owned,,,,,https://www.ebay.com/itm/318735139086,David Yurman,Sterling Silver,https://www.ebay.com/b/David-Yurman/bn_21823139?Brand=David%2520Yurman&Metal=Sterling%2520Silver&mag=1&rt=nc
David Yurman Cable Cuff Bracelet Two-Tone 925 Sterling Silver & Gold Tone,227.5,$227.50,USD,227.5,Pre-Owned,,,,,https://www.ebay.com/itm/366610481182,David Yurman,Sterling Silver,https://www.ebay.com/b/David-Yurman/bn_21823139?Brand=David%2520Yurman&Metal=Sterling%2520Silver&mag=1&rt=nc
David Yurman Sterling Silver Petite Wheaton Ring Amethyst & Diamonds Size 6,340.0,$340.00,USD,340.0,Pre-Owned,,,,,https://www.ebay.com/itm/307130333720,David Yurman,Sterling Silver,https://www.ebay.com/b/David-Yurman/bn_21823139?Brand=David%2520Yurman&Metal=Sterling%2520Silver&mag=1&rt=nc
David Yurman Yellow Gold & Sterling Silver Wheat Bracelet,225.99,$225.99,USD,225.99,Pre-Owned,,,,,https://www.ebay.com/itm/377414585339,David Yurman,Sterling Silver,https://www.ebay.com/b/David-Yurman/bn_21823139?Brand=David%2520Yurman&Metal=Sterling%2520Silver&mag=1&rt=nc
David Yurman Sterling Silver Petite Morganite & Diamond Wheaton Ring Size 6,380.0,$380.00,USD,380.0,Pre-Owned,,,,,https://www.ebay.com/itm/307130339566,David Yurman,Sterling Silver,https://www.ebay.com/b/David-Yurman/bn_21823139?Brand=David%2520Yurman&Metal=Sterling%2520Silver&mag=1&rt=nc
David Yurman Sterling Silver Starburst Earrings with Diamonds,220.0,$220.00,USD,220.0,Pre-Owned,,,,,https://www.ebay.com/itm/298592437071,David Yurman,Sterling Silver,https://www.ebay.com/b/David-Yurman/bn_21823139?Brand=David%2520Yurman&Metal=Sterling%2520Silver&mag=1&rt=nc
"David Yurman Starburst Stud Earrings Sterling Silver with Diamonds, 19mm",218.26,$218.26,USD,218.26,Pre-Owned,,,,,https://www.ebay.com/itm/800516753258,David Yurman,Sterling Silver,https://www.ebay.com/b/David-Yurman/bn_21823139?Brand=David%2520Yurman&Metal=Sterling%2520Silver&mag=1&rt=nc
DAVID YURMAN Sterling Silver 2mm Cable Stackable 6.3” Bangle Bracelet - 7.1g,185.0,$185.00,USD,185.0,Pre-Owned,,,,,https://www.ebay.com/itm/398264179235,David Yurman,Sterling Silver,https://www.ebay.com/b/David-Yurman/bn_21823139?Brand=David%2520Yurman&Metal=Sterling%2520Silver&mag=1&rt=nc
David Yurman 925 Sterling Silver Pearl Twisted Wire Bangle Bracelet M,235.0,$235.00,USD,235.0,Pre-Owned,,,,,https://www.ebay.com/itm/336741776865,David Yurman,Sterling Silver,https://www.ebay.com/b/David-Yurman/bn_21823139?Brand=David%2520Yurman&Metal=Sterling%2520Silver&mag=1&rt=nc
David Yurman Cable Classic Bracelet 7 mm 925 Sterling Silver 14k Gold Blue Topaz,795.0,$795.00,USD,795.0,Pre-Owned,,,,,https://www.ebay.com/itm/366610029037,David Yurman,Sterling Silver,https://www.ebay.com/b/David-Yurman/bn_21823139?Brand=David%2520Yurman&Metal=Sterling%2520Silver&mag=1&rt=nc
David Yurman 925 Sterling Silver Peridot Wheaton  Ring size 8.5 Appx,195.0,$195.00,USD,195.0,Pre-Owned,,,,,https://www.ebay.com/itm/117364537867,David Yurman,Sterling Silver,https://www.ebay.com/b/David-Yurman/bn_21823139?Brand=David%2520Yurman&Metal=Sterling%2520Silver&mag=1&rt=nc
David Yurman Classic Cable 5mm Sterling Silver 14K Gold Pearl Bracelet Medium,395.0,$395.00,USD,395.0,Pre-Owned,,,,,https://www.ebay.com/itm/407142152065,David Yurman,Sterling Silver,https://www.ebay.com/b/David-Yurman/bn_21823139?Brand=David%2520Yurman&Metal=Sterling%2520Silver&mag=1&rt=nc
David Yurman 925 sterling silver and 14k gold cable cross necklace,228.65,$228.65,USD,228.65,Pre-Owned,,,,,https://www.ebay.com/itm/206472129331,David Yurman,Sterling Silver,https://www.ebay.com/b/David-Yurman/bn_21823139?Brand=David%2520Yurman&Metal=Sterling%2520Silver&mag=1&rt=nc
David Yurman Pave Diamond Cable Heart Sterling Silver Pendant Necklace 0.60 tcw,500.0,$500.00,USD,500.0,Pre-Owned,,,,,https://www.ebay.com/itm/137614516042,David Yurman,Sterling Silver,https://www.ebay.com/b/David-Yurman/bn_21823139?Brand=David%2520Yurman&Metal=Sterling%2520Silver&mag=1&rt=nc
"David Yurman Sterling Silver + 14k Gold Cross Pendant, DY 18-20” Necklace",235.0,$235.00,USD,235.0,Pre-Owned,,,,,https://www.ebay.com/itm/377393510024,David Yurman,Sterling Silver,https://www.ebay.com/b/David-Yurman/bn_21823139?Brand=David%2520Yurman&Metal=Sterling%2520Silver&mag=1&rt=nc
David Yurman Sterling Silver 925 Heart Diamond Pavé Ring Size 7,300.0,$300.00,USD,300.0,New (Other),,,,,https://www.ebay.com/itm/358908193770,David Yurman,Sterling Silver,https://www.ebay.com/b/David-Yurman/bn_21823139?Brand=David%2520Yurman&Metal=Sterling%2520Silver&mag=1&rt=nc
"David Yurman 'Knot' Sterling Silver 16"" Necklace. J-48",545.0,$545.00,USD,545.0,Pre-Owned,,,,,https://www.ebay.com/itm/398249729638,David Yurman,Sterling Silver,https://www.ebay.com/b/David-Yurman/bn_21823139?Brand=David%2520Yurman&Metal=Sterling%2520Silver&mag=1&rt=nc
"David Yurman 8mm Sterling Silver Black Diamond Curb Chain Necklace 26inch $7,250",7250.0,"$7,250.00",USD,7250.0,Pre-Owned,,,,,https://www.ebay.com/itm/407085177956,David Yurman,Sterling Silver,https://www.ebay.com/b/David-Yurman/bn_21823139?Brand=David%2520Yurman&Metal=Sterling%2520Silver&mag=1&rt=nc
David Yurman 14k Gold & Sterling Silver Classic X Cable Bracelet,224.0,$224.00,USD,224.0,Pre-Owned,,,,,https://www.ebay.com/itm/188756128531,David Yurman,Sterling Silver,https://www.ebay.com/b/David-Yurman/bn_21823139?Brand=David%2520Yurman&Metal=Sterling%2520Silver&mag=1&rt=nc
David Yurman Sterling Silver Double X Crossover Ring w/ Diamonds - Size 8,299.0,$299.00,USD,299.0,Pre-Owned,,,,,https://www.ebay.com/itm/407130136076,David Yurman,Sterling Silver,https://www.ebay.com/b/David-Yurman/bn_21823139?Brand=David%2520Yurman&Metal=Sterling%2520Silver&mag=1&rt=nc
David Yurman Sterling Silver/18K Yellow Gold Renaissance Hematite Garnet Pendant,750.0,$750.00,USD,750.0,Pre-Owned,,,,,https://www.ebay.com/itm/257684955817,David Yurman,Sterling Silver,https://www.ebay.com/b/David-Yurman/bn_21823139?Brand=David%2520Yurman&Metal=Sterling%2520Silver&mag=1&rt=nc
David Yurman Cable Huggie Earrings in Sterling Silver & 14K Gold,595.0,$595.00,USD,595.0,Pre-Owned,,,,,https://www.ebay.com/itm/318735325180,David Yurman,Sterling Silver,https://www.ebay.com/b/David-Yurman/bn_21823139?Brand=David%2520Yurman&Metal=Sterling%2520Silver&mag=1&rt=nc
David Yurman 925 Sterling Silver Onyx Diamond Halo Cocktail Ring Size 7 Signed,199.0,$199.00,USD,199.0,Pre-Owned,,,,,https://www.ebay.com/itm/318735193527,David Yurman,Sterling Silver,https://www.ebay.com/b/David-Yurman/bn_21823139?Brand=David%2520Yurman&Metal=Sterling%2520Silver&mag=1&rt=nc
David Yurman Oval Cable Chain Bracelet 7.5in M 925 Sterling Silver with 18K Gold,231.08,$231.08,USD,231.08,Pre-Owned,,,,,https://www.ebay.com/itm/188751560313,David Yurman,Sterling Silver,https://www.ebay.com/b/David-Yurman/bn_21823139?Brand=David%2520Yurman&Metal=Sterling%2520Silver&mag=1&rt=nc
David Yurman 3mm Sterling Silver 14K Gold Diamond Cable Buckle Bracelet Sz S,749.0,$749.00,USD,749.0,Pre-Owned,,,,,https://www.ebay.com/itm/178373977355,David Yurman,Sterling Silver,https://www.ebay.com/b/David-Yurman/bn_21823139?Brand=David%2520Yurman&Metal=Sterling%2520Silver&mag=1&rt=nc
David Yurman Crossover Cuff Bracelet 925 Sterling Silver,228.25,$228.25,USD,228.25,Pre-Owned,,,,,https://www.ebay.com/itm/168592721534,David Yurman,Sterling Silver,https://www.ebay.com/b/David-Yurman/bn_21823139?Brand=David%2520Yurman&Metal=Sterling%2520Silver&mag=1&rt=nc
David Yurman Sterling Silver Infinity Pave Diamond 14mm Pendant Necklace,300.0,$300.00,USD,300.0,Brand New,,,,,https://www.ebay.com/itm/257676382346,David Yurman,Sterling Silver,https://www.ebay.com/b/David-Yurman/bn_21823139?Brand=David%2520Yurman&Metal=Sterling%2520Silver&mag=1&rt=nc
David Yurman Petite Albion Ring 925 Sterling Silver Onyx Diamond Halo Size 6,280.0,$280.00,USD,280.0,Pre-Owned,,,,,https://www.ebay.com/itm/398261081013,David Yurman,Sterling Silver,https://www.ebay.com/b/David-Yurman/bn_21823139?Brand=David%2520Yurman&Metal=Sterling%2520Silver&mag=1&rt=nc
"David Yurman 925 Sterling Silver Skull Bead Bracelet, Stackable Beaded",1000.0,"$1,000.00",USD,1000.0,Pre-Owned,,,,,https://www.ebay.com/itm/318627720498,David Yurman,Sterling Silver,https://www.ebay.com/b/David-Yurman/bn_21823139?Brand=David%2520Yurman&Metal=Sterling%2520Silver&mag=1&rt=nc
David Yurman Cable Flex Bracelet 925 Sterling Silver 14K Gold Green Onyx Size L,500.0,$500.00,USD,500.0,Pre-Owned,,,,,https://www.ebay.com/itm/287506241201,David Yurman,Sterling Silver,https://www.ebay.com/b/David-Yurman/bn_21823139?Brand=David%2520Yurman&Metal=Sterling%2520Silver&mag=1&rt=nc
David Yurman 4mm Cable Classics X Station Bracelet 925 Sterling Silver & 18K,325.0,$325.00,USD,325.0,Pre-Owned,,,,,https://www.ebay.com/itm/178354915314,David Yurman,Sterling Silver,https://www.ebay.com/b/David-Yurman/bn_21823139?Brand=David%2520Yurman&Metal=Sterling%2520Silver&mag=1&rt=nc
David Yurman Signed 925 Sterling Silver Box Chain Bracelet w/ White Pearl,450.0,$450.00,USD,450.0,Pre-Owned,,,,,https://www.ebay.com/itm/398247110851,David Yurman,Sterling Silver,https://www.ebay.com/b/David-Yurman/bn_21823139?Brand=David%2520Yurman&Metal=Sterling%2520Silver&mag=1&rt=nc
David Yurman Sterling Silver with 18K Yellow Gold & Black Diamond Ring – Size 12,1700.0,"$1,700.00",USD,1700.0,Pre-Owned,,,,,https://www.ebay.com/itm/188798661199,David Yurman,Sterling Silver,https://www.ebay.com/b/David-Yurman/bn_21823139?Brand=David%2520Yurman&Metal=Sterling%2520Silver&mag=1&rt=nc
David Yurman Sterling Silver Infinity Pave Diamond 14mm Pendant Necklace,260.0,$260.00,USD,260.0,Pre-Owned,,,,,https://www.ebay.com/itm/358888426946,David Yurman,Sterling Silver,https://www.ebay.com/b/David-Yurman/bn_21823139?Brand=David%2520Yurman&Metal=Sterling%2520Silver&mag=1&rt=nc
David Yurman Cable Silver Bracelet  Sterling Silver with 18K Yellow Gold 4mm,490.0,$490.00,USD,490.0,New (Other),,,,,https://www.ebay.com/itm/366599754874,David Yurman,Sterling Silver,https://www.ebay.com/b/David-Yurman/bn_21823139?Brand=David%2520Yurman&Metal=Sterling%2520Silver&mag=1&rt=nc
Authentic David Yurman 5mm Sterling Silver/14K Gold Triple X Cable Cuff Bracelet,450.0,$450.00,USD,450.0,Pre-Owned,,,,,https://www.ebay.com/itm/366571399240,David Yurman,Sterling Silver,https://www.ebay.com/b/David-Yurman/bn_21823139?Brand=David%2520Yurman&Metal=Sterling%2520Silver&mag=1&rt=nc
David Yurman Châtelaine Sterling Silver London Blue Topaz Diamond Ring Sz 6 14mm,650.0,$650.00,USD,650.0,Pre-Owned,,,,,https://www.ebay.com/itm/158160747750,David Yurman,Sterling Silver,https://www.ebay.com/b/David-Yurman/bn_21823139?Brand=David%2520Yurman&Metal=Sterling%2520Silver&mag=1&rt=nc
David Yurman Pendant 925 Sterling Silver,349.95,$349.95,USD,349.95,Pre-Owned,,,,,https://www.ebay.com/itm/800411042632,David Yurman,Sterling Silver,https://www.ebay.com/b/David-Yurman/bn_21823139?Brand=David%2520Yurman&Metal=Sterling%2520Silver&mag=1&rt=nc
David Yurman X Cross Necklace in Sterling Silver and 14K Gold,245.65,$245.65,USD,245.65,Pre-Owned,,,,,https://www.ebay.com/itm/800448102955,David Yurman,Sterling Silver,https://www.ebay.com/b/David-Yurman/bn_21823139?Brand=David%2520Yurman&Metal=Sterling%2520Silver&mag=1&rt=nc
"David Yurman, CABLE FLEX® BUCKLE BRACELET Sterling Silver",525.0,$525.00,USD,525.0,Pre-Owned,,,,,https://www.ebay.com/itm/267752868594,David Yurman,Sterling Silver,https://www.ebay.com/b/David-Yurman/bn_21823139?Brand=David%2520Yurman&Metal=Sterling%2520Silver&mag=1&rt=nc
David Yurman Sterling Silver 14K Gold Citrine Cable Wrap Briolette Drop Earrings,335.0,$335.00,USD,335.0,Pre-Owned,,,,,https://www.ebay.com/itm/398297076928,David Yurman,Sterling Silver,https://www.ebay.com/b/David-Yurman/bn_21823139?Brand=David%2520Yurman&Metal=Sterling%2520Silver&mag=1&rt=nc
Retired David Yurman 925 Sterling Silver Diamond Quatrefoil Lariat Necklace,925.0,$925.00,USD,925.0,Pre-Owned,,,,,https://www.ebay.com/itm/336722122845,David Yurman,Sterling Silver,https://www.ebay.com/b/David-Yurman/bn_21823139?Brand=David%2520Yurman&Metal=Sterling%2520Silver&mag=1&rt=nc
David Yurman 925 Sterling Silver 18k Lion 19mm. Size 9,884.0,$884.00,USD,884.0,Pre-Owned,,,,,https://www.ebay.com/itm/227474306943,David Yurman,Sterling Silver,https://www.ebay.com/b/David-Yurman/bn_21823139?Brand=David%2520Yurman&Metal=Sterling%2520Silver&mag=1&rt=nc
David Yurman Streamline Bangle Bracelet Sterling Silver 9mm,849.0,$849.00,USD,849.0,Pre-Owned,,,,,https://www.ebay.com/itm/287075594158,David Yurman,Sterling Silver,https://www.ebay.com/b/David-Yurman/bn_21823139?Brand=David%2520Yurman&Metal=Sterling%2520Silver&mag=1&rt=nc
"David Yurman Wellesley Long Sterling Silver Diamond Necklace 36"" w/ Box",1749.99,"$1,749.99",USD,1749.99,Pre-Owned,,,,,https://www.ebay.com/itm/298547914102,David Yurman,Sterling Silver,https://www.ebay.com/b/David-Yurman/bn_21823139?Brand=David%2520Yurman&Metal=Sterling%2520Silver&mag=1&rt=nc
David Yurman Sterling Silver And 18kt Gold Wide Crossover Cuff,225.27,$225.27,USD,225.27,Pre-Owned,,,,,https://www.ebay.com/itm/820013484710,David Yurman,Sterling Silver,https://www.ebay.com/b/David-Yurman/bn_21823139?Brand=David%2520Yurman&Metal=Sterling%2520Silver&mag=1&rt=nc
"David Yurman Sterling Silver 8mm Amethyst  Spiritual Bead Claw Bracelet 8.5""",225.0,$225.00,USD,225.0,Pre-Owned,,,,,https://www.ebay.com/itm/820015181564,David Yurman,Sterling Silver,https://www.ebay.com/b/David-Yurman/bn_21823139?Brand=David%2520Yurman&Metal=Sterling%2520Silver&mag=1&rt=nc
"David Yurman Sterling Silver 8mm Lapis Lazuli  Spiritual Bead Claw Bracelet 8.5""",250.0,$250.00,USD,250.0,Pre-Owned,,,,,https://www.ebay.com/itm/820015183496,David Yurman,Sterling Silver,https://www.ebay.com/b/David-Yurman/bn_21823139?Brand=David%2520Yurman&Metal=Sterling%2520Silver&mag=1&rt=nc
DAVID YURMAN  7mm  Renaissance Bracelet  PRE-OWNED sterling Silver 18K gold,650.0,$650.00,USD,650.0,Pre-Owned,,,,,https://www.ebay.com/itm/257676028005,David Yurman,Sterling Silver,https://www.ebay.com/b/David-Yurman/bn_21823139?Brand=David%2520Yurman&Metal=Sterling%2520Silver&mag=1&rt=nc
"David Yurman Sterling Silver 925 Titanium Box Chain 22"" UNISEX Subtle Statement",650.0,$650.00,USD,650.0,New (Other),,,,,https://www.ebay.com/itm/377421710659,David Yurman,Sterling Silver,https://www.ebay.com/b/David-Yurman/bn_21823139?Brand=David%2520Yurman&Metal=Sterling%2520Silver&mag=1&rt=nc
"David Yurman Sterling Silver & 14K Gold Cable Link Chain Pendant Necklace 17""",1995.0,"$1,995.00",USD,1995.0,Pre-Owned,,,,,https://www.ebay.com/itm/358822343100,David Yurman,Sterling Silver,https://www.ebay.com/b/David-Yurman/bn_21823139?Brand=David%2520Yurman&Metal=Sterling%2520Silver&mag=1&rt=nc
David Yurman 14K Gold Sterling Silver Cable Accent Cuff Bracelet 43.84g Box,945.99,$945.99,USD,945.99,Pre-Owned,,,,,https://www.ebay.com/itm/800423522041,David Yurman,Sterling Silver,https://www.ebay.com/b/David-Yurman/bn_21823139?Brand=David%2520Yurman&Metal=Sterling%2520Silver&mag=1&rt=nc
David Yurman Sterling Silver Cable Cuff Bracelet 14K Gold X Two-Tone,495.0,$495.00,USD,495.0,Pre-Owned,,,,,https://www.ebay.com/itm/800375287097,David Yurman,Sterling Silver,https://www.ebay.com/b/David-Yurman/bn_21823139?Brand=David%2520Yurman&Metal=Sterling%2520Silver&mag=1&rt=nc
DAVID YURMAN STERLING SILVER 925 RUBY MEMENTO MORI BEAD BRACELET,649.0,$649.00,USD,649.0,New (Other),,,,,https://www.ebay.com/itm/158170263243,David Yurman,Sterling Silver,https://www.ebay.com/b/David-Yurman/bn_21823139?Brand=David%2520Yurman&Metal=Sterling%2520Silver&mag=1&rt=nc
David Yurman Sterling Silver & 14K Gold Cable Cuff Bracelet with Blue Topaz,449.0,$449.00,USD,449.0,Pre-Owned,,,,,https://www.ebay.com/itm/178373959991,David Yurman,Sterling Silver,https://www.ebay.com/b/David-Yurman/bn_21823139?Brand=David%2520Yurman&Metal=Sterling%2520Silver&mag=1&rt=nc
David Yurman Sterling Silver & 14k Yellow Gold 16” Wheat Chain Necklace 8mm,1100.0,"$1,100.00",USD,1100.0,Pre-Owned,,,,,https://www.ebay.com/itm/267738009187,David Yurman,Sterling Silver,https://www.ebay.com/b/David-Yurman/bn_21823139?Brand=David%2520Yurman&Metal=Sterling%2520Silver&mag=1&rt=nc
David Yurman Petite Albion® Ring Sterling Silver with Prasiolite & Diamonds sz 6,400.0,$400.00,USD,400.0,Pre-Owned,,,,,https://www.ebay.com/itm/298542864758,David Yurman,Sterling Silver,https://www.ebay.com/b/David-Yurman/bn_21823139?Brand=David%2520Yurman&Metal=Sterling%2520Silver&mag=1&rt=nc
Authentic David Yurman Cable Heart Ring Pave Diamond Sterling Silver Size 6,450.0,$450.00,USD,450.0,Pre-Owned,,,,,https://www.ebay.com/itm/267743172306,David Yurman,Sterling Silver,https://www.ebay.com/b/David-Yurman/bn_21823139?Brand=David%2520Yurman&Metal=Sterling%2520Silver&mag=1&rt=nc
David Yurman Sterling Silver 11mm Albion Red Garnet & Diamond S 8.25,259.0,$259.00,USD,259.0,Pre-Owned,,,,,https://www.ebay.com/itm/198499808751,David Yurman,Sterling Silver,https://www.ebay.com/b/David-Yurman/bn_21823139?Brand=David%2520Yurman&Metal=Sterling%2520Silver&mag=1&rt=nc
David Yurman Infinity Knot Diamond Stud 925 Sterling Silver Vintage Earrings,180.0,$180.00,USD,180.0,Pre-Owned,,,,,https://www.ebay.com/itm/178413232911,David Yurman,Sterling Silver,https://www.ebay.com/b/David-Yurman/bn_21823139?Brand=David%2520Yurman&Metal=Sterling%2520Silver&mag=1&rt=nc
David Yurman 18K Yellow Gold Streamline Tag Necklace,235.0,$235.00,USD,235.0,Pre-Owned,,,,,https://www.ebay.com/itm/398280719727,David Yurman,Yellow Gold,https://www.ebay.com/b/David-Yurman/bn_21823139?Brand=David%2520Yurman&Metal=Yellow%2520Gold&mag=1&rt=nc
"15.5"" David Yurman 925 Silver & 14k Yellow Gold Metro Cable Collar Necklace",425.0,$425.00,USD,425.0,Pre-Owned,,,,,https://www.ebay.com/itm/297941758779,David Yurman,Yellow Gold,https://www.ebay.com/b/David-Yurman/bn_21823139?Brand=David%2520Yurman&Metal=Yellow%2520Gold&mag=1&rt=nc
DAVID YURMAN 7MM CABLE CLASSIC COLLECTION BRACELET BLUE TOPAZ YELLOW GOLD,349.99,$349.99,USD,349.99,Pre-Owned,,,,,https://www.ebay.com/itm/178371122395,David Yurman,Yellow Gold,https://www.ebay.com/b/David-Yurman/bn_21823139?Brand=David%2520Yurman&Metal=Yellow%2520Gold&mag=1&rt=nc
"David Yurman CROSSOVER TWO ROW RINGSterling Silver with 14K Yellow Gold, 7.4mm",349.0,$349.00,USD,349.0,New (Other),,,,,https://www.ebay.com/itm/318137313520,David Yurman,Yellow Gold,https://www.ebay.com/b/David-Yurman/bn_21823139?Brand=David%2520Yurman&Metal=Yellow%2520Gold&mag=1&rt=nc
david yurman 18k yellow gold bracelet,222.36,$222.36,USD,222.36,Pre-Owned,,,,,https://www.ebay.com/itm/820013460795,David Yurman,Yellow Gold,https://www.ebay.com/b/David-Yurman/bn_21823139?Brand=David%2520Yurman&Metal=Yellow%2520Gold&mag=1&rt=nc
David Yurman 18K Yellow Gold 7mm Cable Bracelet with Diamonds,225.06,$225.06,USD,225.06,Pre-Owned,,,,,https://www.ebay.com/itm/178415937193,David Yurman,Yellow Gold,https://www.ebay.com/b/David-Yurman/bn_21823139?Brand=David%2520Yurman&Metal=Yellow%2520Gold&mag=1&rt=nc
"David Yurman 18K Yellow Gold Cable Heart Pendant Box Chain Necklace 16""",228.5,$228.50,USD,228.5,New (Other),,,,,https://www.ebay.com/itm/800517016069,David Yurman,Yellow Gold,https://www.ebay.com/b/David-Yurman/bn_21823139?Brand=David%2520Yurman&Metal=Yellow%2520Gold&mag=1&rt=nc
David Yurman 18K Yellow Gold Streamline Tag Necklace,228.5,$228.50,USD,228.5,Pre-Owned,,,,,https://www.ebay.com/itm/800522887811,David Yurman,Yellow Gold,https://www.ebay.com/b/David-Yurman/bn_21823139?Brand=David%2520Yurman&Metal=Yellow%2520Gold&mag=1&rt=nc
David Yurman 7mm Cable 18K Yellow Gold Bracelet,225.11,$225.11,USD,225.11,Pre-Owned,,,,,https://www.ebay.com/itm/158183202969,David Yurman,Yellow Gold,https://www.ebay.com/b/David-Yurman/bn_21823139?Brand=David%2520Yurman&Metal=Yellow%2520Gold&mag=1&rt=nc
David Yurman 18K Yellow Gold 7mm Cable Bracelet with Diamonds,225.51,$225.51,USD,225.51,Pre-Owned,,,,,https://www.ebay.com/itm/287528072412,David Yurman,Yellow Gold,https://www.ebay.com/b/David-Yurman/bn_21823139?Brand=David%2520Yurman&Metal=Yellow%2520Gold&mag=1&rt=nc
David Yurman Heart Pendant Necklace in 18K Yellow Gold,221.82,$221.82,USD,221.82,Pre-Owned,,,,,https://www.ebay.com/itm/147508077393,David Yurman,Yellow Gold,https://www.ebay.com/b/David-Yurman/bn_21823139?Brand=David%2520Yurman&Metal=Yellow%2520Gold&mag=1&rt=nc
David Yurman 18k Yellow Gold Streamline Tag Diamond Pendan Necklace,232.79,$232.79,USD,232.79,Pre-Owned,,,,,https://www.ebay.com/itm/158193723903,David Yurman,Yellow Gold,https://www.ebay.com/b/David-Yurman/bn_21823139?Brand=David%2520Yurman&Metal=Yellow%2520Gold&mag=1&rt=nc
David Yurman Yellow Gold & Sterling Silver Wheat Bracelet,225.99,$225.99,USD,225.99,Pre-Owned,,,,,https://www.ebay.com/itm/377414585339,David Yurman,Yellow Gold,https://www.ebay.com/b/David-Yurman/bn_21823139?Brand=David%2520Yurman&Metal=Yellow%2520Gold&mag=1&rt=nc
David Yurman Sterling Silver 14k Yellow Gold Cable Buckle Ring Size 6   .17,324.95,$324.95,USD,324.95,Pre-Owned,,,,,https://www.ebay.com/itm/227270187364,David Yurman,Yellow Gold,https://www.ebay.com/b/David-Yurman/bn_21823139?Brand=David%2520Yurman&Metal=Yellow%2520Gold&mag=1&rt=nc
"David Yurman 925/ 14Karat Yellow Gold Citrine  ""Cookie"" Necklace, 16' Length",295.0,$295.00,USD,295.0,Pre-Owned,,,,,https://www.ebay.com/itm/117321988444,David Yurman,Yellow Gold,https://www.ebay.com/b/David-Yurman/bn_21823139?Brand=David%2520Yurman&Metal=Yellow%2520Gold&mag=1&rt=nc
David Yurman 4mm Cable Buckle bracelet 925 And 18K Yellow Gold  Size LARGE,325.0,$325.00,USD,325.0,Pre-Owned,,,,,https://www.ebay.com/itm/287438517421,David Yurman,Yellow Gold,https://www.ebay.com/b/David-Yurman/bn_21823139?Brand=David%2520Yurman&Metal=Yellow%2520Gold&mag=1&rt=nc
"David Yurman 18K Yellow Gold Cable Heart Pendant Box Chain Necklace 16""",230.0,$230.00,USD,230.0,Pre-Owned,,,,,https://www.ebay.com/itm/188785756205,David Yurman,Yellow Gold,https://www.ebay.com/b/David-Yurman/bn_21823139?Brand=David%2520Yurman&Metal=Yellow%2520Gold&mag=1&rt=nc
David Yurman Cable Cookie Classic Heart Necklace 18k Yellow Gold,224.68,$224.68,USD,224.68,Pre-Owned,,,,,https://www.ebay.com/itm/168612850130,David Yurman,Yellow Gold,https://www.ebay.com/b/David-Yurman/bn_21823139?Brand=David%2520Yurman&Metal=Yellow%2520Gold&mag=1&rt=nc
"David Yurman 18K Yellow Gold Cable Heart Pendant Box Chain Necklace 16""",232.5,$232.50,USD,232.5,Pre-Owned,,,,,https://www.ebay.com/itm/407140870551,David Yurman,Yellow Gold,https://www.ebay.com/b/David-Yurman/bn_21823139?Brand=David%2520Yurman&Metal=Yellow%2520Gold&mag=1&rt=nc
David Yurman 18K Yellow Gold Cable Heart Pendant Necklace,231.0,$231.00,USD,231.0,Pre-Owned,,,,,https://www.ebay.com/itm/407140876549,David Yurman,Yellow Gold,https://www.ebay.com/b/David-Yurman/bn_21823139?Brand=David%2520Yurman&Metal=Yellow%2520Gold&mag=1&rt=nc
David Yurman 18K Yellow Gold Mens Box Chain Necklace 1.7mm 20” $2500+,2269.0,"$2,269.00",USD,2269.0,Pre-Owned,,,,,https://www.ebay.com/itm/206488332797,David Yurman,Yellow Gold,https://www.ebay.com/b/David-Yurman/bn_21823139?Brand=David%2520Yurman&Metal=Yellow%2520Gold&mag=1&rt=nc
DAVID YURMAN 18K YELLOW GOLD PAVEFLEX DIAMOND NECKLACE,16000.0,"$16,000.00",USD,16000.0,Pre-Owned,,,,,https://www.ebay.com/itm/117337372796,David Yurman,Yellow Gold,https://www.ebay.com/b/David-Yurman/bn_21823139?Brand=David%2520Yurman&Metal=Yellow%2520Gold&mag=1&rt=nc
DAVID YURMAN 18K 750 YELLOW GOLD CABLE FLEX® BRACELET,2395.0,"$2,395.00",USD,2395.0,New (Other),,,,,https://www.ebay.com/itm/158076198999,David Yurman,Yellow Gold,https://www.ebay.com/b/David-Yurman/bn_21823139?Brand=David%2520Yurman&Metal=Yellow%2520Gold&mag=1&rt=nc
David Yurman 18k Yellow Gold Diamond Cable Edge Bracelet,7900.0,"$7,900.00",USD,7900.0,Brand New,,,,,https://www.ebay.com/itm/128021754796,David Yurman,Yellow Gold,https://www.ebay.com/b/David-Yurman/bn_21823139?Brand=David%2520Yurman&Metal=Yellow%2520Gold&mag=1&rt=nc
David Yurman Crossover Cuff Bracelet w/ 18K Yellow Gold - Medium,232.0,$232.00,USD,232.0,New (Other),,,,,https://www.ebay.com/itm/178405660588,David Yurman,Yellow Gold,https://www.ebay.com/b/David-Yurman/bn_21823139?Brand=David%2520Yurman&Metal=Yellow%2520Gold&mag=1&rt=nc
David Yurman Chevron Tag 18K Yellow Gold Dog Tag Pendant,225.18,$225.18,USD,225.18,Pre-Owned,,,,,https://www.ebay.com/itm/407140875156,David Yurman,Yellow Gold,https://www.ebay.com/b/David-Yurman/bn_21823139?Brand=David%2520Yurman&Metal=Yellow%2520Gold&mag=1&rt=nc
David Yurman Chevron Tag in 18K Yellow Gold with Diamonds,220.0,$220.00,USD,220.0,Pre-Owned,,,,,https://www.ebay.com/itm/407150749903,David Yurman,Yellow Gold,https://www.ebay.com/b/David-Yurman/bn_21823139?Brand=David%2520Yurman&Metal=Yellow%2520Gold&mag=1&rt=nc
David Yurman Buckle Bracelet 18K Yellow Gold Size Medium,222.05,$222.05,USD,222.05,Pre-Owned,,,,,https://www.ebay.com/itm/287522187143,David Yurman,Yellow Gold,https://www.ebay.com/b/David-Yurman/bn_21823139?Brand=David%2520Yurman&Metal=Yellow%2520Gold&mag=1&rt=nc
"David Yurman Ring X Cable 2mm , 14k Yellow Gold,Sterling Silver Size. 5.5",280.0,$280.00,USD,280.0,Pre-Owned,,,,,https://www.ebay.com/itm/158139712889,David Yurman,Yellow Gold,https://www.ebay.com/b/David-Yurman/bn_21823139?Brand=David%2520Yurman&Metal=Yellow%2520Gold&mag=1&rt=nc
David Yurman 4mm Cable 925 Sterling Silver Pearls and 18K Yellow Gold Bracelet,299.0,$299.00,USD,299.0,Pre-Owned,,,,,https://www.ebay.com/itm/257658788432,David Yurman,Yellow Gold,https://www.ebay.com/b/David-Yurman/bn_21823139?Brand=David%2520Yurman&Metal=Yellow%2520Gold&mag=1&rt=nc
David Yurman 7mm Cable Sterling Silver Peridot and 14K Yellow Gold Bracelet M,193.61,$193.61,USD,193.61,Pre-Owned,,,,,https://www.ebay.com/itm/318732343042,David Yurman,Yellow Gold,https://www.ebay.com/b/David-Yurman/bn_21823139?Brand=David%2520Yurman&Metal=Yellow%2520Gold&mag=1&rt=nc
David Yurman 4mm Cable Sterling Silver and 18k Yellow Gold X Station Bracelet,299.0,$299.00,USD,299.0,Pre-Owned,,,,,https://www.ebay.com/itm/257680377700,David Yurman,Yellow Gold,https://www.ebay.com/b/David-Yurman/bn_21823139?Brand=David%2520Yurman&Metal=Yellow%2520Gold&mag=1&rt=nc
"David Yurman two-tone Crossover/Cable-style bracelet, sterling and yellow gold",500.0,$500.00,USD,500.0,Brand New,,,,,https://www.ebay.com/itm/298593250073,David Yurman,Yellow Gold,https://www.ebay.com/b/David-Yurman/bn_21823139?Brand=David%2520Yurman&Metal=Yellow%2520Gold&mag=1&rt=nc
DAVID YURMAN 7mm Bracelet in 18K Yellow Gold and Diamonds,226.75,$226.75,USD,226.75,Pre-Owned,,,,,https://www.ebay.com/itm/227473922987,David Yurman,Yellow Gold,https://www.ebay.com/b/David-Yurman/bn_21823139?Brand=David%2520Yurman&Metal=Yellow%2520Gold&mag=1&rt=nc
"David Yurman Oval Cable Chain Bracelet , 12mm Silver And 18K Yellow Gold",225.0,$225.00,USD,225.0,Pre-Owned,,,,,https://www.ebay.com/itm/820008625862,David Yurman,Yellow Gold,https://www.ebay.com/b/David-Yurman/bn_21823139?Brand=David%2520Yurman&Metal=Yellow%2520Gold&mag=1&rt=nc
DAVID YURMAN 7mm Buckle Bracelet in 18K Yellow Gold and Diamonds,225.63,$225.63,USD,225.63,Pre-Owned,,,,,https://www.ebay.com/itm/178411927305,David Yurman,Yellow Gold,https://www.ebay.com/b/David-Yurman/bn_21823139?Brand=David%2520Yurman&Metal=Yellow%2520Gold&mag=1&rt=nc
David Yurman Petite Helena 3 Row Ring Sterling Silver with 18K Yellow Gold,225.0,$225.00,USD,225.0,Pre-Owned,,,,,https://www.ebay.com/itm/188799633216,David Yurman,Yellow Gold,https://www.ebay.com/b/David-Yurman/bn_21823139?Brand=David%2520Yurman&Metal=Yellow%2520Gold&mag=1&rt=nc
David Yurman Diamond & 18k Yellow Gold Dog Tag Chain Necklace,227.13,$227.13,USD,227.13,Pre-Owned,,,,,https://www.ebay.com/itm/407140681547,David Yurman,Yellow Gold,https://www.ebay.com/b/David-Yurman/bn_21823139?Brand=David%2520Yurman&Metal=Yellow%2520Gold&mag=1&rt=nc
David Yurman 18k Yellow Gold Chevron Cross,550.0,$550.00,USD,550.0,Pre-Owned,,,,,https://www.ebay.com/itm/227473499530,David Yurman,Yellow Gold,https://www.ebay.com/b/David-Yurman/bn_21823139?Brand=David%2520Yurman&Metal=Yellow%2520Gold&mag=1&rt=nc
David Yurman 4mm Cable 925 Sterling Silver Peridot and 18K Yellow Gold Bracelet,299.0,$299.00,USD,299.0,Pre-Owned,,,,,https://www.ebay.com/itm/198542128713,David Yurman,Yellow Gold,https://www.ebay.com/b/David-Yurman/bn_21823139?Brand=David%2520Yurman&Metal=Yellow%2520Gold&mag=1&rt=nc
David yurman Crossover Cuff Bracelet in Sterling Silver with 18K Yellow Gold,225.14,$225.14,USD,225.14,Pre-Owned,,,,,https://www.ebay.com/itm/398294950479,David Yurman,Yellow Gold,https://www.ebay.com/b/David-Yurman/bn_21823139?Brand=David%2520Yurman&Metal=Yellow%2520Gold&mag=1&rt=nc
DAVID YURMAN 7mm Bracelet in 18K Yellow Gold and Diamonds,235.0,$235.00,USD,235.0,Pre-Owned,,,,,https://www.ebay.com/itm/206494911537,David Yurman,Yellow Gold,https://www.ebay.com/b/David-Yurman/bn_21823139?Brand=David%2520Yurman&Metal=Yellow%2520Gold&mag=1&rt=nc
David Yurman Starburst Pendant 18K Yellow Gold with Full Pavé Diamonds,229.85,$229.85,USD,229.85,Pre-Owned,,,,,https://www.ebay.com/itm/237003103415,David Yurman,Yellow Gold,https://www.ebay.com/b/David-Yurman/bn_21823139?Brand=David%2520Yurman&Metal=Yellow%2520Gold&mag=1&rt=nc
David  Yurman 7mm Silver Pearls and 18K Yellow Gold Bracelet,232.44,$232.44,USD,232.44,Pre-Owned,,,,,https://www.ebay.com/itm/206497594668,David Yurman,Yellow Gold,https://www.ebay.com/b/David-Yurman/bn_21823139?Brand=David%2520Yurman&Metal=Yellow%2520Gold&mag=1&rt=nc
David Yurman Petite Helena Wrap Three Row Ring 18K Yellow Gold w/Pave Diamonds,225.0,$225.00,USD,225.0,Pre-Owned,,,,,https://www.ebay.com/itm/377414641189,David Yurman,Yellow Gold,https://www.ebay.com/b/David-Yurman/bn_21823139?Brand=David%2520Yurman&Metal=Yellow%2520Gold&mag=1&rt=nc
David Yurman Signed Yellow Gold Cable Cuff Bracelet with Diamond Ends,226.32,$226.32,USD,226.32,Pre-Owned,,,,,https://www.ebay.com/itm/407150348531,David Yurman,Yellow Gold,https://www.ebay.com/b/David-Yurman/bn_21823139?Brand=David%2520Yurman&Metal=Yellow%2520Gold&mag=1&rt=nc
David Yurman Petite Helena 3 Row Ring Sterling Silver with 18K Yellow Gold,225.18,$225.18,USD,225.18,Pre-Owned,,,,,https://www.ebay.com/itm/128024343666,David Yurman,Yellow Gold,https://www.ebay.com/b/David-Yurman/bn_21823139?Brand=David%2520Yurman&Metal=Yellow%2520Gold&mag=1&rt=nc
David Yurman Signed Yellow Gold Cable Cuff Bracelet with Diamond Ends,226.05,$226.05,USD,226.05,Pre-Owned,,,,,https://www.ebay.com/itm/318742733039,David Yurman,Yellow Gold,https://www.ebay.com/b/David-Yurman/bn_21823139?Brand=David%2520Yurman&Metal=Yellow%2520Gold&mag=1&rt=nc
David Yurman Signed Yellow Gold Cable Cuff Bracelet with Diamond Ends,228.0,$228.00,USD,228.0,Pre-Owned,,,,,https://www.ebay.com/itm/407150630828,David Yurman,Yellow Gold,https://www.ebay.com/b/David-Yurman/bn_21823139?Brand=David%2520Yurman&Metal=Yellow%2520Gold&mag=1&rt=nc
David Yurman Signed 18K Yellow Gold Cable Cuff Bracelet w/ Pavé Diamond Ends,236.42,$236.42,USD,236.42,Pre-Owned,,,,,https://www.ebay.com/itm/336744981901,David Yurman,Yellow Gold,https://www.ebay.com/b/David-Yurman/bn_21823139?Brand=David%2520Yurman&Metal=Yellow%2520Gold&mag=1&rt=nc
David Yurman Starburst Pendant 18K Yellow Gold with Full Pavé Diamonds,227.09,$227.09,USD,227.09,Pre-Owned,,,,,https://www.ebay.com/itm/298591864016,David Yurman,Yellow Gold,https://www.ebay.com/b/David-Yurman/bn_21823139?Brand=David%2520Yurman&Metal=Yellow%2520Gold&mag=1&rt=nc
David Yurman 18k Yellow gold diamond starburst pendant necklace,235.0,$235.00,USD,235.0,Pre-Owned,,,,,https://www.ebay.com/itm/358916469051,David Yurman,Yellow Gold,https://www.ebay.com/b/David-Yurman/bn_21823139?Brand=David%2520Yurman&Metal=Yellow%2520Gold&mag=1&rt=nc
David Yurman 4mm Classic Cable Bracelet 18k Yellow Gold With Diamonds,225.0,$225.00,USD,225.0,Pre-Owned,,,,,https://www.ebay.com/itm/800500839527,David Yurman,Yellow Gold,https://www.ebay.com/b/David-Yurman/bn_21823139?Brand=David%2520Yurman&Metal=Yellow%2520Gold&mag=1&rt=nc
David Yurman 18k Yellow Gold White Diamond Initial Disc Pendant Cable Necklace,1200.0,"$1,200.00",USD,1200.0,Brand New,,,,,https://www.ebay.com/itm/318725036996,David Yurman,Yellow Gold,https://www.ebay.com/b/David-Yurman/bn_21823139?Brand=David%2520Yurman&Metal=Yellow%2520Gold&mag=1&rt=nc
David yurman Crossover Cuff Bracelet in Sterling Silver with 18K Yellow Gold,231.0,$231.00,USD,231.0,Pre-Owned,,,,,https://www.ebay.com/itm/407121445191,David Yurman,Yellow Gold,https://www.ebay.com/b/David-Yurman/bn_21823139?Brand=David%2520Yurman&Metal=Yellow%2520Gold&mag=1&rt=nc
David Yurman Starburst Diamond 18K Yellow Gold Necklace Pavé Setting,231.28,$231.28,USD,231.28,New (Other),,,,,https://www.ebay.com/itm/206494828504,David Yurman,Yellow Gold,https://www.ebay.com/b/David-Yurman/bn_21823139?Brand=David%2520Yurman&Metal=Yellow%2520Gold&mag=1&rt=nc
David Yurman Sterling 14k Yellow Gold 5mm Classic Cable Hook Bangle Bracelet 6.5,226.03,$226.03,USD,226.03,Pre-Owned,,,,,https://www.ebay.com/itm/358920586958,David Yurman,Yellow Gold,https://www.ebay.com/b/David-Yurman/bn_21823139?Brand=David%2520Yurman&Metal=Yellow%2520Gold&mag=1&rt=nc
David Yurman Large Oval Papyrus Ring w/18K Yellow Gold. Size 6.5.,550.0,$550.00,USD,550.0,Pre-Owned,,,,,https://www.ebay.com/itm/257684814762,David Yurman,Yellow Gold,https://www.ebay.com/b/David-Yurman/bn_21823139?Brand=David%2520Yurman&Metal=Yellow%2520Gold&mag=1&rt=nc
David Yurman 925 Sterling Silver - 14K Yellow Gold Double  X Cable Cuff Bracelet,225.03,$225.03,USD,225.03,Pre-Owned,,,,,https://www.ebay.com/itm/377422366665,David Yurman,Yellow Gold,https://www.ebay.com/b/David-Yurman/bn_21823139?Brand=David%2520Yurman&Metal=Yellow%2520Gold&mag=1&rt=nc
Fabulous 18k Yellow Gold David Yurman Lemon Citrine Noblesse Ring sz 8.5,1300.0,"$1,300.00",USD,1300.0,Pre-Owned,,,,,https://www.ebay.com/itm/206485890246,David Yurman,Yellow Gold,https://www.ebay.com/b/David-Yurman/bn_21823139?Brand=David%2520Yurman&Metal=Yellow%2520Gold&mag=1&rt=nc
David Yurman Oval Link Chain Bracelet in 18K Yellow Gold 8.25 inch size,225.08,$225.08,USD,225.08,Pre-Owned,,,,,https://www.ebay.com/itm/137627476226,David Yurman,Yellow Gold,https://www.ebay.com/b/David-Yurman/bn_21823139?Brand=David%2520Yurman&Metal=Yellow%2520Gold&mag=1&rt=nc
David Yurman Sterling Silver/18K Yellow Gold Renaissance Hematite Garnet Pendant,750.0,$750.00,USD,750.0,Pre-Owned,,,,,https://www.ebay.com/itm/257684955817,David Yurman,Yellow Gold,https://www.ebay.com/b/David-Yurman/bn_21823139?Brand=David%2520Yurman&Metal=Yellow%2520Gold&mag=1&rt=nc
"David Yurman Box Chain Necklace 18K Yellow Gold, 2.7mm, 22 in",4500.0,"$4,500.00",USD,4500.0,New (Other),,,,,https://www.ebay.com/itm/318674060937,David Yurman,Yellow Gold,https://www.ebay.com/b/David-Yurman/bn_21823139?Brand=David%2520Yurman&Metal=Yellow%2520Gold&mag=1&rt=nc
"David Yurman Chevron Tag 18K Yellow Gold with Diamonds, 27mm",5000.0,"$5,000.00",USD,5000.0,New (Other),,,,,https://www.ebay.com/itm/318674099035,David Yurman,Yellow Gold,https://www.ebay.com/b/David-Yurman/bn_21823139?Brand=David%2520Yurman&Metal=Yellow%2520Gold&mag=1&rt=nc
David Yurman Sterling Silver with 18K Yellow Gold & Black Diamond Ring – Size 12,1700.0,"$1,700.00",USD,1700.0,Pre-Owned,,,,,https://www.ebay.com/itm/188798661199,David Yurman,Yellow Gold,https://www.ebay.com/b/David-Yurman/bn_21823139?Brand=David%2520Yurman&Metal=Yellow%2520Gold&mag=1&rt=nc
David Yurman 26mm Maritime Anchor Amulet 18K Brushed Yellow Gold,1895.0,"$1,895.00",USD,1895.0,Brand New,,,,,https://www.ebay.com/itm/398293127872,David Yurman,Yellow Gold,https://www.ebay.com/b/David-Yurman/bn_21823139?Brand=David%2520Yurman&Metal=Yellow%2520Gold&mag=1&rt=nc
David Yurman Cable Silver Bracelet  Sterling Silver with 18K Yellow Gold 4mm,490.0,$490.00,USD,490.0,New (Other),,,,,https://www.ebay.com/itm/366599754874,David Yurman,Yellow Gold,https://www.ebay.com/b/David-Yurman/bn_21823139?Brand=David%2520Yurman&Metal=Yellow%2520Gold&mag=1&rt=nc
David Yurman 18k Yellow Gold Diamonds Buckle Cablespira Bracelet $4600 New,3995.0,"$3,995.00",USD,3995.0,New (Other),,,,,https://www.ebay.com/itm/147442969974,David Yurman,Yellow Gold,https://www.ebay.com/b/David-Yurman/bn_21823139?Brand=David%2520Yurman&Metal=Yellow%2520Gold&mag=1&rt=nc
"David Yurman 18K Yellow Gold Madison Chain Link Bracelet, 6mm",4025.0,"$4,025.00",USD,4025.0,Pre-Owned,,,,,https://www.ebay.com/itm/336723947794,David Yurman,Yellow Gold,https://www.ebay.com/b/David-Yurman/bn_21823139?Brand=David%2520Yurman&Metal=Yellow%2520Gold&mag=1&rt=nc
David Yurman Shipwreck Coin Amulet in 18K Yellow Gold,1150.0,"$1,150.00",USD,1150.0,Pre-Owned,,,,,https://www.ebay.com/itm/287526917933,David Yurman,Yellow Gold,https://www.ebay.com/b/David-Yurman/bn_21823139?Brand=David%2520Yurman&Metal=Yellow%2520Gold&mag=1&rt=nc
David Yurman Sculpted Cable Micro Huggie Hoop Earrings 18k Yellow Gold 10.7 mm,749.99,$749.99,USD,749.99,Pre-Owned,,,,,https://www.ebay.com/itm/257680367360,David Yurman,Yellow Gold,https://www.ebay.com/b/David-Yurman/bn_21823139?Brand=David%2520Yurman&Metal=Yellow%2520Gold&mag=1&rt=nc
David Yurman 35x25.5 mm Roman Cross Amulet 18K Yellow Gold Pavé Black Diamonds,2995.0,"$2,995.00",USD,2995.0,Brand New,,,,,https://www.ebay.com/itm/398289251269,David Yurman,Yellow Gold,https://www.ebay.com/b/David-Yurman/bn_21823139?Brand=David%2520Yurman&Metal=Yellow%2520Gold&mag=1&rt=nc
David Yurman 18K Yellow Gold Pavé Diamond Heart Pendant Necklace,816.0,$816.00,USD,816.0,Pre-Owned,,,,,https://www.ebay.com/itm/407146968804,David Yurman,Yellow Gold,https://www.ebay.com/b/David-Yurman/bn_21823139?Brand=David%2520Yurman&Metal=Yellow%2520Gold&mag=1&rt=nc
David Yurman 18k Yellow Gold 2.7mm Box Chain 19.25” $4600,3255.0,"$3,255.00",USD,3255.0,Pre-Owned,,,,,https://www.ebay.com/itm/206488444442,David Yurman,Yellow Gold,https://www.ebay.com/b/David-Yurman/bn_21823139?Brand=David%2520Yurman&Metal=Yellow%2520Gold&mag=1&rt=nc
DAVID YURMAN Solari 18K Yellow Gold & Diamond Stud Earrings,2400.0,"$2,400.00",USD,2400.0,Pre-Owned,,,,,https://www.ebay.com/itm/307130432475,David Yurman,Yellow Gold,https://www.ebay.com/b/David-Yurman/bn_21823139?Brand=David%2520Yurman&Metal=Yellow%2520Gold&mag=1&rt=nc
David Yurman 18K Yellow Gold Diamond Plate Necklace 16-18”,1525.0,"$1,525.00",USD,1525.0,Pre-Owned,,,,,https://www.ebay.com/itm/206479030327,David Yurman,Yellow Gold,https://www.ebay.com/b/David-Yurman/bn_21823139?Brand=David%2520Yurman&Metal=Yellow%2520Gold&mag=1&rt=nc
David Yurman Cable Chain Bracelet Sterling Silver & Yellow Gold Two-Tone,950.0,$950.00,USD,950.0,Pre-Owned,,,,,https://www.ebay.com/itm/257669991204,David Yurman,Yellow Gold,https://www.ebay.com/b/David-Yurman/bn_21823139?Brand=David%2520Yurman&Metal=Yellow%2520Gold&mag=1&rt=nc
David Yurman Waves Dagger Amulet in 18K Yellow Gold and Diamonds,2095.0,"$2,095.00",USD,2095.0,Pre-Owned,,,,,https://www.ebay.com/itm/287501269554,David Yurman,Yellow Gold,https://www.ebay.com/b/David-Yurman/bn_21823139?Brand=David%2520Yurman&Metal=Yellow%2520Gold&mag=1&rt=nc
David Yurman Renaissance Ring in 18K Yellow Gold with Pearls and Diamonds Size 6,995.0,$995.00,USD,995.0,Pre-Owned,,,,,https://www.ebay.com/itm/287501598141,David Yurman,Yellow Gold,https://www.ebay.com/b/David-Yurman/bn_21823139?Brand=David%2520Yurman&Metal=Yellow%2520Gold&mag=1&rt=nc
"David Yurman Crossover Bracelet in Silver & 18k Yellow Gold - 3mm - 6 3/4""",624.99,$624.99,USD,624.99,Pre-Owned,,,,,https://www.ebay.com/itm/158125075807,David Yurman,Yellow Gold,https://www.ebay.com/b/David-Yurman/bn_21823139?Brand=David%2520Yurman&Metal=Yellow%2520Gold&mag=1&rt=nc
David Yurman Silver 18k Yellow Gold Diamond Smokey Quartz 16mm Albion Ring Sz 7,750.0,$750.00,USD,750.0,Pre-Owned,,,,,https://www.ebay.com/itm/336745608601,David Yurman,Yellow Gold,https://www.ebay.com/b/David-Yurman/bn_21823139?Brand=David%2520Yurman&Metal=Yellow%2520Gold&mag=1&rt=nc
"David Yurman Blue Topaz Figaro Necklace 16"" Sterling Silver & 18K Yellow Gold",449.0,$449.00,USD,449.0,Pre-Owned,,,,,https://www.ebay.com/itm/278254253645,David Yurman,Yellow Gold,https://www.ebay.com/b/David-Yurman/bn_21823139?Brand=David%2520Yurman&Metal=Yellow%2520Gold&mag=1&rt=nc
David Yurman 18K Yellow Gold Mens Box Chain Necklace 1.7mm 22.5” $2700+,2525.0,"$2,525.00",USD,2525.0,Brand New,,,,,https://www.ebay.com/itm/206488732254,David Yurman,Yellow Gold,https://www.ebay.com/b/David-Yurman/bn_21823139?Brand=David%2520Yurman&Metal=Yellow%2520Gold&mag=1&rt=nc
David Yurman 18 Karat Yellow Gold Bangle Twisted Rope Design,1750.0,"$1,750.00",USD,1750.0,Pre-Owned,,,,,https://www.ebay.com/itm/800383108978,David Yurman,Yellow Gold,https://www.ebay.com/b/David-Yurman/bn_21823139?Brand=David%2520Yurman&Metal=Yellow%2520Gold&mag=1&rt=nc
David Yurman Bel Aire Box Chain Bracelet in 18 Karat Yellow Gold,3425.0,"$3,425.00",USD,3425.0,Pre-Owned,,,,,https://www.ebay.com/itm/137582343007,David Yurman,Yellow Gold,https://www.ebay.com/b/David-Yurman/bn_21823139?Brand=David%2520Yurman&Metal=Yellow%2520Gold&mag=1&rt=nc
David Yurman 18 Karat Yellow Gold Bangle Rope Outside High Polish Inside,1730.0,"$1,730.00",USD,1730.0,Pre-Owned,,,,,https://www.ebay.com/itm/800409917952,David Yurman,Yellow Gold,https://www.ebay.com/b/David-Yurman/bn_21823139?Brand=David%2520Yurman&Metal=Yellow%2520Gold&mag=1&rt=nc
David Yurman 18K Yellow Gold Heart Amulet Pendant + 14K Unbranded Neckla,2090.0,"$2,090.00",USD,2090.0,Pre-Owned,,,,,https://www.ebay.com/itm/206460300877,David Yurman,Yellow Gold,https://www.ebay.com/b/David-Yurman/bn_21823139?Brand=David%2520Yurman&Metal=Yellow%2520Gold&mag=1&rt=nc
David Yurman 18k Yellow Gold Fluted Chain Bracelet 7.5mm Chain L 8.5” 31g $12K+,6775.0,"$6,775.00",USD,6775.0,Pre-Owned,,,,,https://www.ebay.com/itm/206387406727,David Yurman,Yellow Gold,https://www.ebay.com/b/David-Yurman/bn_21823139?Brand=David%2520Yurman&Metal=Yellow%2520Gold&mag=1&rt=nc
David Yurman 18k Yellow Gold Cable Cuff Bracelet Citrine & Diamond,4000.0,"$4,000.00",USD,4000.0,New (Other),,,,,https://www.ebay.com/itm/168568539262,David Yurman,Yellow Gold,https://www.ebay.com/b/David-Yurman/bn_21823139?Brand=David%2520Yurman&Metal=Yellow%2520Gold&mag=1&rt=nc
David Yurman Pavé Hoop Earrings 18K Yellow Gold Diamond 19mm Butterfly,2000.0,"$2,000.00",USD,2000.0,Brand New,,,,,https://www.ebay.com/itm/377386340660,David Yurman,Yellow Gold,https://www.ebay.com/b/David-Yurman/bn_21823139?Brand=David%2520Yurman&Metal=Yellow%2520Gold&mag=1&rt=nc
David Yurman Petite Helena Wrap Band Ring 18K Yellow Gold With Diamonds Size 6,1150.0,"$1,150.00",USD,1150.0,Pre-Owned,,,,,https://www.ebay.com/itm/237008416216,David Yurman,Yellow Gold,https://www.ebay.com/b/David-Yurman/bn_21823139?Brand=David%2520Yurman&Metal=Yellow%2520Gold&mag=1&rt=nc
David Yurman 18K Yellow Gold Memento Mori Skull Amulet 16mm $1850+,1525.0,"$1,525.00",USD,1525.0,Pre-Owned,,,,,https://www.ebay.com/itm/206483489542,David Yurman,Yellow Gold,https://www.ebay.com/b/David-Yurman/bn_21823139?Brand=David%2520Yurman&Metal=Yellow%2520Gold&mag=1&rt=nc
"DAVID YURMAN 18k Yellow Gold Rolled Box Link Necklace 1.7mm - 18"" - 6.0 Grams",2399.99,"$2,399.99",USD,2399.99,Pre-Owned,,,,,https://www.ebay.com/itm/227471644710,David Yurman,Yellow Gold,https://www.ebay.com/b/David-Yurman/bn_21823139?Brand=David%2520Yurman&Metal=Yellow%2520Gold&mag=1&rt=nc
David Yurman 18k Yellow Gold and diamond pave flex bracelet size m $7900 value,7000.0,"$7,000.00",USD,7000.0,Pre-Owned,,,,,https://www.ebay.com/itm/298528313637,David Yurman,Yellow Gold,https://www.ebay.com/b/David-Yurman/bn_21823139?Brand=David%2520Yurman&Metal=Yellow%2520Gold&mag=1&rt=nc
David Yurman Octagonal Amulet in 18K Yellow Gold with Black Onyx,995.0,$995.00,USD,995.0,Pre-Owned,,,,,https://www.ebay.com/itm/287477035417,David Yurman,Yellow Gold,https://www.ebay.com/b/David-Yurman/bn_21823139?Brand=David%2520Yurman&Metal=Yellow%2520Gold&mag=1&rt=nc
David Yurman 18K Yellow Gold 11mm Quatrefoil Amulet Pendant with Diamonds,950.0,$950.00,USD,950.0,Pre-Owned,,,,,https://www.ebay.com/itm/168548877062,David Yurman,Yellow Gold,https://www.ebay.com/b/David-Yurman/bn_21823139?Brand=David%2520Yurman&Metal=Yellow%2520Gold&mag=1&rt=nc
"VTG David Yurman 17"" Oval Link Chain Necklace Sterling Silver & 18K Yellow Gold",2750.0,"$2,750.00",USD,2750.0,Pre-Owned,,,,,https://www.ebay.com/itm/298562246822,David Yurman,Yellow Gold,https://www.ebay.com/b/David-Yurman/bn_21823139?Brand=David%2520Yurman&Metal=Yellow%2520Gold&mag=1&rt=nc
David Yurman Cablespira 18k Yellow Gold & Diamond Domes Flex Bracelet $3700 New,3095.0,"$3,095.00",USD,3095.0,New (Other),,,,,https://www.ebay.com/itm/147422791785,David Yurman,Yellow Gold,https://www.ebay.com/b/David-Yurman/bn_21823139?Brand=David%2520Yurman&Metal=Yellow%2520Gold&mag=1&rt=nc
"David Yurman 18k (750) 2.7mm 22in,  29 Grams Yellow Gold",7875.0,"$7,875.00",USD,7875.0,Pre-Owned,,,,,https://www.ebay.com/itm/168575952224,David Yurman,Yellow Gold,https://www.ebay.com/b/David-Yurman/bn_21823139?Brand=David%2520Yurman&Metal=Yellow%2520Gold&mag=1&rt=nc
"David Yurman Cable Collectives Pave Plate Necklace 18K Yellow Gold Diamond 18""",1500.0,"$1,500.00",USD,1500.0,Pre-Owned,,,,,https://www.ebay.com/itm/267756469470,David Yurman,Yellow Gold,https://www.ebay.com/b/David-Yurman/bn_21823139?Brand=David%2520Yurman&Metal=Yellow%2520Gold&mag=1&rt=nc
David Yurman Claw Amulet in 18K Yellow Gold with Emeralds,4200.0,"$4,200.00",USD,4200.0,Pre-Owned,,,,,https://www.ebay.com/itm/287477026204,David Yurman,Yellow Gold,https://www.ebay.com/b/David-Yurman/bn_21823139?Brand=David%2520Yurman&Metal=Yellow%2520Gold&mag=1&rt=nc
David Yurman Petite Pavé Diamond Hoop Huggie Earrings 18K Yellow Gold 19mm,2000.0,"$2,000.00",USD,2000.0,Pre-Owned,,,,,https://www.ebay.com/itm/377399498853,David Yurman,Yellow Gold,https://www.ebay.com/b/David-Yurman/bn_21823139?Brand=David%2520Yurman&Metal=Yellow%2520Gold&mag=1&rt=nc
44mm David Yurman 18k Yellow Gold Waves Dagger Amulet… Comes With DY Box,810.0,$810.00,USD,810.0,Pre-Owned,,,,,https://www.ebay.com/itm/127951683555,David Yurman,Yellow Gold,https://www.ebay.com/b/David-Yurman/bn_21823139?Brand=David%2520Yurman&Metal=Yellow%2520Gold&mag=1&rt=nc
David Yurman Forged Carbon Waves Pendant 18K Yellow Gold & Sterling Silver Chain,3400.0,"$3,400.00",USD,3400.0,Brand New,,,,,https://www.ebay.com/itm/117335553348,David Yurman,Yellow Gold,https://www.ebay.com/b/David-Yurman/bn_21823139?Brand=David%2520Yurman&Metal=Yellow%2520Gold&mag=1&rt=nc
David Yurman Cable Buckle Bracelet 8mm Sterling Silver & 14K Yellow Gold 585 - M,2400.0,"$2,400.00",USD,2400.0,Pre-Owned,,,,,https://www.ebay.com/itm/128023644522,David Yurman,Yellow Gold,https://www.ebay.com/b/David-Yurman/bn_21823139?Brand=David%2520Yurman&Metal=Yellow%2520Gold&mag=1&rt=nc
David Yurman 18k Yellow Gold 0.22Ctw Natural Diamond Cablespira Bangle $5800,3995.0,"$3,995.00",USD,3995.0,Pre-Owned,,,,,https://www.ebay.com/itm/147456627168,David Yurman,Yellow Gold,https://www.ebay.com/b/David-Yurman/bn_21823139?Brand=David%2520Yurman&Metal=Yellow%2520Gold&mag=1&rt=nc
David Yurman 18K Yellow Gold Diamond  Starburst Earrings $1250+ 7.5mm,1060.0,"$1,060.00",USD,1060.0,Pre-Owned,,,,,https://www.ebay.com/itm/206263951700,David Yurman,Yellow Gold,https://www.ebay.com/b/David-Yurman/bn_21823139?Brand=David%2520Yurman&Metal=Yellow%2520Gold&mag=1&rt=nc
David Yurman Cable Hoop Earrings in 18K Yellow Gold 30mm,1795.0,"$1,795.00",USD,1795.0,Pre-Owned,,,,,https://www.ebay.com/itm/287501427335,David Yurman,Yellow Gold,https://www.ebay.com/b/David-Yurman/bn_21823139?Brand=David%2520Yurman&Metal=Yellow%2520Gold&mag=1&rt=nc
David Yurman 18k Yellow Gold Cablespira Flex Bracelet $2950 Retail,2450.0,"$2,450.00",USD,2450.0,Pre-Owned,,,,,https://www.ebay.com/itm/147440796208,David Yurman,Yellow Gold,https://www.ebay.com/b/David-Yurman/bn_21823139?Brand=David%2520Yurman&Metal=Yellow%2520Gold&mag=1&rt=nc
David Yurman 18K Yellow Gold Faceted Triangle Band Ring 6mm Size 10.25,1849.0,"$1,849.00",USD,1849.0,Pre-Owned,,,,,https://www.ebay.com/itm/336739371091,David Yurman,Yellow Gold,https://www.ebay.com/b/David-Yurman/bn_21823139?Brand=David%2520Yurman&Metal=Yellow%2520Gold&mag=1&rt=nc
David Yurman 18k Yellow Gold Box Chain Necklace 1.7mm 16 17 18” Adjustable,2390.0,"$2,390.00",USD,2390.0,Brand New,,,,,https://www.ebay.com/itm/206406411256,David Yurman,Yellow Gold,https://www.ebay.com/b/David-Yurman/bn_21823139?Brand=David%2520Yurman&Metal=Yellow%2520Gold&mag=1&rt=nc
"David Yurman 18K Yellow Gold & Silver Necklace Oval 16""",2750.0,"$2,750.00",USD,2750.0,Pre-Owned,,,,,https://www.ebay.com/itm/318570729126,David Yurman,Yellow Gold,https://www.ebay.com/b/David-Yurman/bn_21823139?Brand=David%2520Yurman&Metal=Yellow%2520Gold&mag=1&rt=nc
David Yurman 18 Karat Yellow Gold Bangle Twisted Wire Outside High Polish Inside,1800.0,"$1,800.00",USD,1800.0,Pre-Owned,,,,,https://www.ebay.com/itm/800418770504,David Yurman,Yellow Gold,https://www.ebay.com/b/David-Yurman/bn_21823139?Brand=David%2520Yurman&Metal=Yellow%2520Gold&mag=1&rt=nc
David Yurman 18k Yellow Gold Chatelaine Blue Topaz Ring,950.0,$950.00,USD,950.0,Pre-Owned,,,,,https://www.ebay.com/itm/188717947062,David Yurman,Yellow Gold,https://www.ebay.com/b/David-Yurman/bn_21823139?Brand=David%2520Yurman&Metal=Yellow%2520Gold&mag=1&rt=nc
David Yurman 18K Yellow Gold Cable Edge Bracelet 5.5mm 7.25” Total 32g,5920.0,"$5,920.00",USD,5920.0,Brand New,,,,,https://www.ebay.com/itm/206040473811,David Yurman,Yellow Gold,https://www.ebay.com/b/David-Yurman/bn_21823139?Brand=David%2520Yurman&Metal=Yellow%2520Gold&mag=1&rt=nc
David Yurman 18k Yellow Gold Pave Diamond Crossover Mini Hoop Earrings,2950.0,"$2,950.00",USD,2950.0,Pre-Owned,,,,,https://www.ebay.com/itm/267752671698,David Yurman,Yellow Gold,https://www.ebay.com/b/David-Yurman/bn_21823139?Brand=David%2520Yurman&Metal=Yellow%2520Gold&mag=1&rt=nc
David Yurman Evil Eye Amulet Pendant 18K Yellow Gold with Emerald 14.5mm,1895.0,"$1,895.00",USD,1895.0,Pre-Owned,,,,,https://www.ebay.com/itm/287485640014,David Yurman,Yellow Gold,https://www.ebay.com/b/David-Yurman/bn_21823139?Brand=David%2520Yurman&Metal=Yellow%2520Gold&mag=1&rt=nc
David Yurman Cablespira X 14K Yellow Gold 6MM CT Diamond Cuff Bangle Bracelet,2880.0,"$2,880.00",USD,2880.0,Pre-Owned,,,,,https://www.ebay.com/itm/147488982154,David Yurman,Yellow Gold,https://www.ebay.com/b/David-Yurman/bn_21823139?Brand=David%2520Yurman&Metal=Yellow%2520Gold&mag=1&rt=nc
David Yurman Cable Loop Band Ring Sterling Silver with 18k Yellow Gold,289.0,$289.00,USD,289.0,Pre-Owned,,,,,https://www.ebay.com/itm/377108563128,David Yurman,Yellow Gold,https://www.ebay.com/b/David-Yurman/bn_21823139?Brand=David%2520Yurman&Metal=Yellow%2520Gold&mag=1&rt=nc
DAVID YURMAN 7MM CABLE CLASSIC COLLECTION BRACELET PRASIOLITE YELLOW GOLD,350.0,$350.00,USD,350.0,Pre-Owned,,,,,https://www.ebay.com/itm/178358423090,David Yurman,Yellow Gold,https://www.ebay.com/b/David-Yurman/bn_21823139?Brand=David%2520Yurman&Metal=Yellow%2520Gold&mag=1&rt=nc
Cartier Love Round Ring 18k Yellow Gold 5.5 mm Band,1400.0,"$1,400.00",USD,1400.0,Pre-Owned,,,,,https://www.ebay.com/itm/227477384248,Cartier,Yellow Gold,https://www.ebay.com/b/Cartier-Yellow-Gold-Fine-Jewelry/4196/bn_2194152
Cartier 18k Yellow Gold Clash de Cartier Small Model Ring Size 55,2899.52,"$2,899.52",USD,2899.52,Pre-Owned,,,,,https://www.ebay.com/itm/377398803694,Cartier,Yellow Gold,https://www.ebay.com/b/Cartier-Yellow-Gold-Fine-Jewelry/4196/bn_2194152
Cartier Happy Birthday 18k Yellow Gold Band Ring EU 53 US 6.5,1207.0,"$1,207.00",USD,1207.0,Pre-Owned,,,,,https://www.ebay.com/itm/398245051525,Cartier,Yellow Gold,https://www.ebay.com/b/Cartier-Yellow-Gold-Fine-Jewelry/4196/bn_2194152
Cartier love ring yellow gold pre owned Size 50 Small Model,1000.0,"$1,000.00",USD,1000.0,Pre-Owned,,,,,https://www.ebay.com/itm/406706159762,Cartier,Yellow Gold,https://www.ebay.com/b/Cartier-Yellow-Gold-Fine-Jewelry/4196/bn_2194152
Auth. Cartier Juste un Clou 18k Yellow Gold Ring Size 55 w/ Box & Certificate,1325.0,"$1,325.00",USD,1325.0,Pre-Owned,,,,,https://www.ebay.com/itm/236985321600,Cartier,Yellow Gold,https://www.ebay.com/b/Cartier-Yellow-Gold-Fine-Jewelry/4196/bn_2194152
Cartier Love 18K Yellow Gold Wedding Band Ring,1200.0,"$1,200.00",USD,1200.0,Pre-Owned,,,,,https://www.ebay.com/itm/158093827912,Cartier,Yellow Gold,https://www.ebay.com/b/Cartier-Yellow-Gold-Fine-Jewelry/4196/bn_2194152
Cartier Chain Link Bracelet K18 Yellow Gold,845.5,$845.50,USD,845.5,Pre-Owned,,,,,https://www.ebay.com/itm/188773182621,Cartier,Yellow Gold,https://www.ebay.com/b/Cartier-Yellow-Gold-Fine-Jewelry/4196/bn_2194152
Cartier Love Bracelet Small Size 16 Yellow Gold With Box Just Polished,4850.0,"$4,850.00",USD,4850.0,Pre-Owned,,,,,https://www.ebay.com/itm/168586250647,Cartier,Yellow Gold,https://www.ebay.com/b/Cartier-Yellow-Gold-Fine-Jewelry/4196/bn_2194152
Cartier Love  Bracelet 18k Yellow Gold Classic,6900.0,"$6,900.00",USD,6900.0,Pre-Owned,,,,,https://www.ebay.com/itm/278206064868,Cartier,Yellow Gold,https://www.ebay.com/b/Cartier-Yellow-Gold-Fine-Jewelry/4196/bn_2194152
Cartier LOVE 18k Yellow Gold Bracelet Bangle Classic 6MM Sz 18 Boxes COA Receipt,6495.0,"$6,495.00",USD,6495.0,Pre-Owned,,,,,https://www.ebay.com/itm/188622938606,Cartier,Yellow Gold,https://www.ebay.com/b/Cartier-Yellow-Gold-Fine-Jewelry/4196/bn_2194152
Cartier 18k 750 Yellow Gold Love Band Ring Classic Model Size 65,1380.0,"$1,380.00",USD,1380.0,Pre-Owned,,,,,https://www.ebay.com/itm/206395654561,Cartier,Yellow Gold,https://www.ebay.com/b/Cartier-Yellow-Gold-Fine-Jewelry/4196/bn_2194152
NIB 18k Yellow Gold Cartier Love Unlimited Bracelet Size 14 Box COA SOLD OUT,11995.0,"$11,995.00",USD,11995.0,Brand New,,,,,https://www.ebay.com/itm/198530772464,Cartier,Yellow Gold,https://www.ebay.com/b/Cartier-Yellow-Gold-Fine-Jewelry/4196/bn_2194152
Cartier Panther Ring 18k Yellow Gold Cartier  Sz-61   US  Sz-9.5,3500.0,"$3,500.00",USD,3500.0,Pre-Owned,,,,,https://www.ebay.com/itm/117312943764,Cartier,Yellow Gold,https://www.ebay.com/b/Cartier-Yellow-Gold-Fine-Jewelry/4196/bn_2194152
Cartier Love 3 Diamonds 5.5mm 18k Yellow Gold Band Size 7.5/56 Ring,2995.0,"$2,995.00",USD,2995.0,Pre-Owned,,,,,https://www.ebay.com/itm/168509160019,Cartier,Yellow Gold,https://www.ebay.com/b/Cartier-Yellow-Gold-Fine-Jewelry/4196/bn_2194152
Cartier Trinity Ring 18k White Gold Rose Gold Yellow Gold Size 55,2100.0,"$2,100.00",USD,2100.0,Pre-Owned,,,,,https://www.ebay.com/itm/316967225607,Cartier,Yellow Gold,https://www.ebay.com/b/Cartier-Yellow-Gold-Fine-Jewelry/4196/bn_2194152
Cartier Santos Medium 18K Yellow Gold Necklace,10000.0,"$10,000.00",USD,10000.0,Pre-Owned,,,,,https://www.ebay.com/itm/407089309502,Cartier,Yellow Gold,https://www.ebay.com/b/Cartier-Yellow-Gold-Fine-Jewelry/4196/bn_2194152
Cartier Love Bracelet 18k Yellow Gold - Open Cuff - Size 17 With Box & Cert,5750.0,"$5,750.00",USD,5750.0,Pre-Owned,,,,,https://www.ebay.com/itm/267751444642,Cartier,Yellow Gold,https://www.ebay.com/b/Cartier-Yellow-Gold-Fine-Jewelry/4196/bn_2194152
Cartier Necklace Chain 18K Yellow Gold  Yellow Gold 18K 18-karat gold 750Y,1606.0,"$1,606.00",USD,1606.0,Pre-Owned,,,,,https://www.ebay.com/itm/407121542329,Cartier,Yellow Gold,https://www.ebay.com/b/Cartier-Yellow-Gold-Fine-Jewelry/4196/bn_2194152
Cartier Love Ring Classic Model 18k Yellow Gold Size 52,1800.0,"$1,800.00",USD,1800.0,Pre-Owned,,,,,https://www.ebay.com/itm/407149076849,Cartier,Yellow Gold,https://www.ebay.com/b/Cartier-Yellow-Gold-Fine-Jewelry/4196/bn_2194152
Cartier LOVE Pendant Necklace 18K Yellow Gold B7014200 Open Circle Chain,3150.0,"$3,150.00",USD,3150.0,Pre-Owned,,,,,https://www.ebay.com/itm/137602534032,Cartier,Yellow Gold,https://www.ebay.com/b/Cartier-Yellow-Gold-Fine-Jewelry/4196/bn_2194152
Cartier 18K Yellow Gold Brushed Love Bracelet Size 22,7000.0,"$7,000.00",USD,7000.0,Pre-Owned,,,,,https://www.ebay.com/itm/406915596471,Cartier,Yellow Gold,https://www.ebay.com/b/Cartier-Yellow-Gold-Fine-Jewelry/4196/bn_2194152
"Cartier Juste un Clou Ring, Small Model – 18K Yellow Gold – NEW, NEVER WORN",1400.0,"$1,400.00",USD,1400.0,Brand New,,,,,https://www.ebay.com/itm/407149312306,Cartier,Yellow Gold,https://www.ebay.com/b/Cartier-Yellow-Gold-Fine-Jewelry/4196/bn_2194152
Cartier Clash de Cartier Small Model Band Ring 18K Yellow Gold Size 63,2750.0,"$2,750.00",USD,2750.0,Pre-Owned,,,,,https://www.ebay.com/itm/137606517841,Cartier,Yellow Gold,https://www.ebay.com/b/Cartier-Yellow-Gold-Fine-Jewelry/4196/bn_2194152
Cartier Love Band 18K Yellow Gold 4.5 (48mm),1300.0,"$1,300.00",USD,1300.0,Pre-Owned,,,,,https://www.ebay.com/itm/318729929605,Cartier,Yellow Gold,https://www.ebay.com/b/Cartier-Yellow-Gold-Fine-Jewelry/4196/bn_2194152
Cartier 18k Yellow Gold Love Bangle Bracelet Size 20,4500.0,"$4,500.00",USD,4500.0,Pre-Owned,,,,,https://www.ebay.com/itm/336740322314,Cartier,Yellow Gold,https://www.ebay.com/b/Cartier-Yellow-Gold-Fine-Jewelry/4196/bn_2194152
Cartier Signed 18K Yellow Gold Spike Studded Band Ring Size 7 4mm,3400.0,"$3,400.00",USD,3400.0,Pre-Owned,,,,,https://www.ebay.com/itm/257679173837,Cartier,Yellow Gold,https://www.ebay.com/b/Cartier-Yellow-Gold-Fine-Jewelry/4196/bn_2194152
Cartier Love Ring 18K Yellow Gold Band Ring Size 60 3.5mm Width MPN 324DMA,1500.0,"$1,500.00",USD,1500.0,Pre-Owned,,,,,https://www.ebay.com/itm/377418969954,Cartier,Yellow Gold,https://www.ebay.com/b/Cartier-Yellow-Gold-Fine-Jewelry/4196/bn_2194152
Cartier LOVE Bracelet – Classic Model – 18K Yellow Gold – Size 17,6200.0,"$6,200.00",USD,6200.0,Pre-Owned,,,,,https://www.ebay.com/itm/147509092482,Cartier,Yellow Gold,https://www.ebay.com/b/Cartier-Yellow-Gold-Fine-Jewelry/4196/bn_2194152
Authentic Cartier Love Ring 18K Yellow Gold 3 Diamonds Band Size 54 / US 7,2690.0,"$2,690.00",USD,2690.0,Pre-Owned,,,,,https://www.ebay.com/itm/188783932138,Cartier,Yellow Gold,https://www.ebay.com/b/Cartier-Yellow-Gold-Fine-Jewelry/4196/bn_2194152
18K 750 Solid Yellow Gold Cartier Band Ring,2090.0,"$2,090.00",USD,2090.0,Pre-Owned,,,,,https://www.ebay.com/itm/336647677492,Cartier,Yellow Gold,https://www.ebay.com/b/Cartier-Yellow-Gold-Fine-Jewelry/4196/bn_2194152
"Cartier Men’s Ring, Yellow Gold, White Gold, Rose Gold, Size 59",2000.0,"$2,000.00",USD,2000.0,Pre-Owned,,,,,https://www.ebay.com/itm/397391222278,Cartier,Yellow Gold,https://www.ebay.com/b/Cartier-Yellow-Gold-Fine-Jewelry/4196/bn_2194152
Cartier Love Ring classic 18K Yellow Gold 3 diamonds Size 53 5.5mm Signed,3000.0,"$3,000.00",USD,3000.0,New (Other),,,,,https://www.ebay.com/itm/407059417028,Cartier,Yellow Gold,https://www.ebay.com/b/Cartier-Yellow-Gold-Fine-Jewelry/4196/bn_2194152
Cartier Love Ring in 18K Yellow Gold (750)  - Size 64mm (10.5) / 6.9g,1650.0,"$1,650.00",USD,1650.0,Pre-Owned,,,,,https://www.ebay.com/itm/298590454133,Cartier,Yellow Gold,https://www.ebay.com/b/Cartier-Yellow-Gold-Fine-Jewelry/4196/bn_2194152
"Cartier nail JUSTE UN CLOU BRACELET, CLASSIC MODEL in Yellow Gold",7100.0,"$7,100.00",USD,7100.0,Pre-Owned,,,,,https://www.ebay.com/itm/147508972638,Cartier,Yellow Gold,https://www.ebay.com/b/Cartier-Yellow-Gold-Fine-Jewelry/4196/bn_2194152
CARTIER   Ring Three colors #55 K18 Yellow Gold K18 White Gold US size 7,525.0,$525.00,USD,525.0,Pre-Owned,,,,,https://www.ebay.com/itm/267754998765,Cartier,Yellow Gold,https://www.ebay.com/b/Cartier-Yellow-Gold-Fine-Jewelry/4196/bn_2194152
Cartier Juste Un Clou 18K Yellow Gold Thin Ring - Size 59 / US 7.75 - 3.6g/2.4dw,1199.99,"$1,199.99",USD,1199.99,Pre-Owned,,,,,https://www.ebay.com/itm/287503378646,Cartier,Yellow Gold,https://www.ebay.com/b/Cartier-Yellow-Gold-Fine-Jewelry/4196/bn_2194152
Cartier Amulette 18K Yellow Gold White Mother‑of‑Pearl Bracelet No Accessories,1199.0,"$1,199.00",USD,1199.0,Pre-Owned,,,,,https://www.ebay.com/itm/800414947346,Cartier,Yellow Gold,https://www.ebay.com/b/Cartier-Yellow-Gold-Fine-Jewelry/4196/bn_2194152
Cartier Juste un Clou Ring 18k Yellow Gold Diamond Pavé Size 52,4500.0,"$4,500.00",USD,4500.0,Pre-Owned,,,,,https://www.ebay.com/itm/287495470334,Cartier,Yellow Gold,https://www.ebay.com/b/Cartier-Yellow-Gold-Fine-Jewelry/4196/bn_2194152
Cartier Love Ring Classic Model 18K Yellow Gold Size 54 w/ Box,1895.0,"$1,895.00",USD,1895.0,Pre-Owned,,,,,https://www.ebay.com/itm/398092382164,Cartier,Yellow Gold,https://www.ebay.com/b/Cartier-Yellow-Gold-Fine-Jewelry/4196/bn_2194152
Vintage Cartier Stella 1992 18k Yellow Gold Burnish Diamond Band Ring Size 52,3498.0,"$3,498.00",USD,3498.0,Pre-Owned,,,,,https://www.ebay.com/itm/188557261170,Cartier,Yellow Gold,https://www.ebay.com/b/Cartier-Yellow-Gold-Fine-Jewelry/4196/bn_2194152
Cartier Ring 18k Yellow Gold Onyx with Diamond 4.8 mm Band,999.0,$999.00,USD,999.0,Pre-Owned,,,,,https://www.ebay.com/itm/327305005215,Cartier,Yellow Gold,https://www.ebay.com/b/Cartier-Yellow-Gold-Fine-Jewelry/4196/bn_2194152
18K YELLOW GOLD CARTIER JUST ON CLOU RING_145805,1200.0,"$1,200.00",USD,1200.0,Pre-Owned,,,,,https://www.ebay.com/itm/307122110627,Cartier,Yellow Gold,https://www.ebay.com/b/Cartier-Yellow-Gold-Fine-Jewelry/4196/bn_2194152
Cartier Juste Un Clou Ring Classic Model Diamonds 18K Yellow Gold 750 Au Size 60,3699.0,"$3,699.00",USD,3699.0,Pre-Owned,,,,,https://www.ebay.com/itm/206498705237,Cartier,Yellow Gold,https://www.ebay.com/b/Cartier-Yellow-Gold-Fine-Jewelry/4196/bn_2194152
Cartier 18K Yellow Gold Small Juste Un Clou Ring Size 52 with Docs and Box,1250.0,"$1,250.00",USD,1250.0,Pre-Owned,,,,,https://www.ebay.com/itm/236943508643,Cartier,Yellow Gold,https://www.ebay.com/b/Cartier-Yellow-Gold-Fine-Jewelry/4196/bn_2194152
Clash de Cartier 18k Yellow Gold 6.3mm Wide Band Ring Size 58,2999.99,"$2,999.99",USD,2999.99,Pre-Owned,,,,,https://www.ebay.com/itm/278270140687,Cartier,Yellow Gold,https://www.ebay.com/b/Cartier-Yellow-Gold-Fine-Jewelry/4196/bn_2194152
Cartier vintage ruby emerald sapphire 18k yellow gold ring,6500.0,"$6,500.00",USD,6500.0,Pre-Owned,,,,,https://www.ebay.com/itm/287525506652,Cartier,Yellow Gold,https://www.ebay.com/b/Cartier-Yellow-Gold-Fine-Jewelry/4196/bn_2194152
CARTIER Gemini Zodiac 18k Yellow Gold Crystal Rare Collectable 1970s Pendant,34900.0,"$34,900.00",USD,34900.0,New (Other),,,,,https://www.ebay.com/itm/206498783197,Cartier,Yellow Gold,https://www.ebay.com/b/Cartier-Yellow-Gold-Fine-Jewelry/4196/bn_2194152
Authentic Cartier Love CUFF In 18k Yellow Gold,5470.0,"$5,470.00",USD,5470.0,Pre-Owned,,,,,https://www.ebay.com/itm/336735746895,Cartier,Yellow Gold,https://www.ebay.com/b/Cartier-Yellow-Gold-Fine-Jewelry/4196/bn_2194152
Cartier Juste un Clou Classic Nail Bracelet 18K Yellow Gold Size 18,3700.0,"$3,700.00",USD,3700.0,Pre-Owned,,,,,https://www.ebay.com/itm/227424326702,Cartier,Yellow Gold,https://www.ebay.com/b/Cartier-Yellow-Gold-Fine-Jewelry/4196/bn_2194152
Cartier 18K Yellow Gold Juste Un Clou Ring Small Model Size 55 W/Papers,1400.0,"$1,400.00",USD,1400.0,Pre-Owned,,,,,https://www.ebay.com/itm/168606561136,Cartier,Yellow Gold,https://www.ebay.com/b/Cartier-Yellow-Gold-Fine-Jewelry/4196/bn_2194152
"Cartier Love Ring Classic Model 18K Yellow Gold, SZ 7, 5.5MM (YAE) (PSH044520)",1249.99,"$1,249.99",USD,1249.99,Pre-Owned,,,,,https://www.ebay.com/itm/366573195999,Cartier,Yellow Gold,https://www.ebay.com/b/Cartier-Yellow-Gold-Fine-Jewelry/4196/bn_2194152
Cartier LOVE 18K Yellow Gold Thin Band Ring - Size 7 (C31036520),1750.0,"$1,750.00",USD,1750.0,Pre-Owned,,,,,https://www.ebay.com/itm/377401719293,Cartier,Yellow Gold,https://www.ebay.com/b/Cartier-Yellow-Gold-Fine-Jewelry/4196/bn_2194152
Cartier Love Ring Band Classic Model Pave Diamond 18K Yellow Gold Size 52 / US 6,5475.0,"$5,475.00",USD,5475.0,Pre-Owned,,,,,https://www.ebay.com/itm/366554984332,Cartier,Yellow Gold,https://www.ebay.com/b/Cartier-Yellow-Gold-Fine-Jewelry/4196/bn_2194152
Cartier Juste un Clou 18k Yellow Gold Bracelet Classic Model Size 18,5990.0,"$5,990.00",USD,5990.0,Pre-Owned,,,,,https://www.ebay.com/itm/278281018183,Cartier,Yellow Gold,https://www.ebay.com/b/Cartier-Yellow-Gold-Fine-Jewelry/4196/bn_2194152
"Cartier Love 18K Yellow Gold Band Ring Size 56 mm, (US 7.5) No Stone Model Love",1800.0,"$1,800.00",USD,1800.0,Pre-Owned,,,,,https://www.ebay.com/itm/206434028738,Cartier,Yellow Gold,https://www.ebay.com/b/Cartier-Yellow-Gold-Fine-Jewelry/4196/bn_2194152
Cartier Le Must de Cartier 18K Yellow Gold Band Ring Signed 7mm,1500.0,"$1,500.00",USD,1500.0,Pre-Owned,,,,,https://www.ebay.com/itm/800386650928,Cartier,Yellow Gold,https://www.ebay.com/b/Cartier-Yellow-Gold-Fine-Jewelry/4196/bn_2194152
Cartier Panthere ring in 18k yellow gold with green tsavorite eyes and onyx nose,25875.0,"$25,875.00",USD,25875.0,Pre-Owned,,,,,https://www.ebay.com/itm/227479873512,Cartier,Yellow Gold,https://www.ebay.com/b/Cartier-Yellow-Gold-Fine-Jewelry/4196/bn_2194152
CARTIER Juste un Clou Bracelet - Size 17 - 18K Yellow Gold,3995.0,"$3,995.00",USD,3995.0,Pre-Owned,,,,,https://www.ebay.com/itm/227444509019,Cartier,Yellow Gold,https://www.ebay.com/b/Cartier-Yellow-Gold-Fine-Jewelry/4196/bn_2194152
Cartier Mini Love Yellow gold US#5 EU#49 Ring,817.0,$817.00,USD,817.0,Pre-Owned,,,,,https://www.ebay.com/itm/137398159213,Cartier,Yellow Gold,https://www.ebay.com/b/Cartier-Yellow-Gold-Fine-Jewelry/4196/bn_2194152
Cartier Love 3 Diamonds 18k Yellow Gold Classic Model Ring Size 52,3000.0,"$3,000.00",USD,3000.0,Pre-Owned,,,,,https://www.ebay.com/itm/178289743188,Cartier,Yellow Gold,https://www.ebay.com/b/Cartier-Yellow-Gold-Fine-Jewelry/4196/bn_2194152
Ecrou de Cartier Bracelet - Size 17 18K Yellow Gold,7150.0,"$7,150.00",USD,7150.0,Pre-Owned,,,,,https://www.ebay.com/itm/206430784143,Cartier,Yellow Gold,https://www.ebay.com/b/Cartier-Yellow-Gold-Fine-Jewelry/4196/bn_2194152
Vintage 18K Yellow Gold CARTIER Ring Beaded Band  Blue Green Enamel Sz 8 Pretty,2795.0,"$2,795.00",USD,2795.0,Pre-Owned,,,,,https://www.ebay.com/itm/158004273737,Cartier,Yellow Gold,https://www.ebay.com/b/Cartier-Yellow-Gold-Fine-Jewelry/4196/bn_2194152
Cartier Love 18k Yellow Gold Size 17 Bangle Bracelet,6251.0,"$6,251.00",USD,6251.0,Pre-Owned,,,,,https://www.ebay.com/itm/278228946836,Cartier,Yellow Gold,https://www.ebay.com/b/Cartier-Yellow-Gold-Fine-Jewelry/4196/bn_2194152
14k Yellow Gold Huggie Earrings Nail Design .5 In 1/2 not juste en clou Cartier,595.0,$595.00,USD,595.0,Pre-Owned,,,,,https://www.ebay.com/itm/358918581372,Cartier,Yellow Gold,https://www.ebay.com/b/Cartier-Yellow-Gold-Fine-Jewelry/4196/bn_2194152
Cartier 18K Yellow Gold Love Earrings,4000.0,"$4,000.00",USD,4000.0,Pre-Owned,,,,,https://www.ebay.com/itm/407145114648,Cartier,Yellow Gold,https://www.ebay.com/b/Cartier-Yellow-Gold-Fine-Jewelry/4196/bn_2194152
Cartier Love Bracelet 18K Yellow Gold Vintage Old Screw System Box Papers 30g,6000.0,"$6,000.00",USD,6000.0,Pre-Owned,,,,,https://www.ebay.com/itm/287515635289,Cartier,Yellow Gold,https://www.ebay.com/b/Cartier-Yellow-Gold-Fine-Jewelry/4196/bn_2194152
CARTIER Love 2 Diamonds Pendant and Love Bracelet On Chain Set 18K Yellow Gold,5432.0,"$5,432.00",USD,5432.0,Pre-Owned,,,,,https://www.ebay.com/itm/158045413204,Cartier,Yellow Gold,https://www.ebay.com/b/Cartier-Yellow-Gold-Fine-Jewelry/4196/bn_2194152
AUTHENTIC CARTIER 18K YELLOW GOLD 4 DIAMONDS CLASSIC MODEL BRACELET SIZE 19,12000.0,"$12,000.00",USD,12000.0,Pre-Owned,,,,,https://www.ebay.com/itm/298593169036,Cartier,Yellow Gold,https://www.ebay.com/b/Cartier-Yellow-Gold-Fine-Jewelry/4196/bn_2194152
Cartier 18k Yellow Gold Juste Un Clou Small Model Bangle Bracelet Size 18,3525.0,"$3,525.00",USD,3525.0,Pre-Owned,,,,,https://www.ebay.com/itm/278225910103,Cartier,Yellow Gold,https://www.ebay.com/b/Cartier-Yellow-Gold-Fine-Jewelry/4196/bn_2194152
"Very Rare CARTIER Walking Elephant band/Ring in 18k White & Yellow Gold, Size 58",5295.0,"$5,295.00",USD,5295.0,Pre-Owned,,,,,https://www.ebay.com/itm/188308492300,Cartier,Yellow Gold,https://www.ebay.com/b/Cartier-Yellow-Gold-Fine-Jewelry/4196/bn_2194152
Authentic Clash de Cartier Double Row 18K Yellow Gold Ring,4499.0,"$4,499.00",USD,4499.0,Pre-Owned,,,,,https://www.ebay.com/itm/397862048025,Cartier,Yellow Gold,https://www.ebay.com/b/Cartier-Yellow-Gold-Fine-Jewelry/4196/bn_2194152
Cartier Love Classic 3 Diamond Ring 18k Yellow Gold Size 52,3299.0,"$3,299.00",USD,3299.0,Pre-Owned,,,,,https://www.ebay.com/itm/800070582147,Cartier,Yellow Gold,https://www.ebay.com/b/Cartier-Yellow-Gold-Fine-Jewelry/4196/bn_2194152
"Cartier  18k Yellow Gold Bangle Bracelet, No Stone",82.0,$82.00,USD,82.0,Pre-Owned,,,,,https://www.ebay.com/itm/800493617414,Cartier,Yellow Gold,https://www.ebay.com/b/Cartier-Yellow-Gold-Fine-Jewelry/4196/bn_2194152
Cartier Classic Love 18K Yellow Gold Ring Size 57 Signed 5.5mm,1800.0,"$1,800.00",USD,1800.0,Pre-Owned,,,,,https://www.ebay.com/itm/366551236152,Cartier,Yellow Gold,https://www.ebay.com/b/Cartier-Yellow-Gold-Fine-Jewelry/4196/bn_2194152
Cartier Panthère de Cartier Ring 18k Yellow Gold Tsavorite with Onyx,4400.0,"$4,400.00",USD,4400.0,Pre-Owned,,,,,https://www.ebay.com/itm/318700430675,Cartier,Yellow Gold,https://www.ebay.com/b/Cartier-Yellow-Gold-Fine-Jewelry/4196/bn_2194152
***Discontinued*** Cartier Love Large Ring 18k Yellow Gold Size 51,4837.5,"$4,837.50",USD,4837.5,Pre-Owned,,,,,https://www.ebay.com/itm/307091909067,Cartier,Yellow Gold,https://www.ebay.com/b/Cartier-Yellow-Gold-Fine-Jewelry/4196/bn_2194152
Cartier LOVE Bracelet – Classic Model – 18K Yellow Gold – Size 17,6800.0,"$6,800.00",USD,6800.0,Pre-Owned,,,,,https://www.ebay.com/itm/147509004022,Cartier,Yellow Gold,https://www.ebay.com/b/Cartier-Yellow-Gold-Fine-Jewelry/4196/bn_2194152
Cartier Love Bracelet Small 18K Yellow Gold 17cm Ref. CRB6081517 Set w/Box&P,5880.0,"$5,880.00",USD,5880.0,Pre-Owned,,,,,https://www.ebay.com/itm/147460876700,Cartier,Yellow Gold,https://www.ebay.com/b/Cartier-Yellow-Gold-Fine-Jewelry/4196/bn_2194152
Cartier Yellow Gold Nail Bracelet - Juste Un Clou - Size 16 - With Box & Cert,4000.0,"$4,000.00",USD,4000.0,Pre-Owned,,,,,https://www.ebay.com/itm/267751452660,Cartier,Yellow Gold,https://www.ebay.com/b/Cartier-Yellow-Gold-Fine-Jewelry/4196/bn_2194152
Cartier Love Ring Classic- 18k 750 Yellow Gold Band - US Size 8.5 EURO 58,1400.0,"$1,400.00",USD,1400.0,Pre-Owned,,,,,https://www.ebay.com/itm/198547156446,Cartier,Yellow Gold,https://www.ebay.com/b/Cartier-Yellow-Gold-Fine-Jewelry/4196/bn_2194152
Cartier 18k Yellow Gold 10 Diamond Love Bracelet ( no Screwdriver included),9999.99,"$9,999.99",USD,9999.99,Pre-Owned,,,,,https://www.ebay.com/itm/137537014281,Cartier,Yellow Gold,https://www.ebay.com/b/Cartier-Yellow-Gold-Fine-Jewelry/4196/bn_2194152
Cartier 18k Yellow Gold Nail Ring Sz 58 Classic Juste un Clou Box & Cert RG5082,2684.16,"$2,684.16",USD,2684.16,Pre-Owned,,,,,https://www.ebay.com/itm/377134543479,Cartier,Yellow Gold,https://www.ebay.com/b/Cartier-Yellow-Gold-Fine-Jewelry/4196/bn_2194152
Cartier 18K Yellow Gold Love Ring Size 56,1800.0,"$1,800.00",USD,1800.0,Pre-Owned,,,,,https://www.ebay.com/itm/407106956968,Cartier,Yellow Gold,https://www.ebay.com/b/Cartier-Yellow-Gold-Fine-Jewelry/4196/bn_2194152
Cartier Mini Love Yellow gold Earring,1829.0,"$1,829.00",USD,1829.0,Pre-Owned,,,,,https://www.ebay.com/itm/137349168261,Cartier,Yellow Gold,https://www.ebay.com/b/Cartier-Yellow-Gold-Fine-Jewelry/4196/bn_2194152
Cartier Love Ring Band 18K Yellow Gold Au750 Signed 5.5mm Size 4.75 BNW930,1095.0,"$1,095.00",USD,1095.0,Pre-Owned,,,,,https://www.ebay.com/itm/257617413228,Cartier,Yellow Gold,https://www.ebay.com/b/Cartier-Yellow-Gold-Fine-Jewelry/4196/bn_2194152
CARTIER Trinity Ring  7 Bands 18k Yellow Gold Rose Gold White Gold US 6,1899.0,"$1,899.00",USD,1899.0,Pre-Owned,,,,,https://www.ebay.com/itm/336656401712,Cartier,Yellow Gold,https://www.ebay.com/b/Cartier-Yellow-Gold-Fine-Jewelry/4196/bn_2194152
CARTIER  LANIERES DIAMOND 18K YELLOW GOLD RING SIZE 50 W/BOX - R11262,5750.0,"$5,750.00",USD,5750.0,Pre-Owned,,,,,https://www.ebay.com/itm/206395811161,Cartier,Yellow Gold,https://www.ebay.com/b/Cartier-Yellow-Gold-Fine-Jewelry/4196/bn_2194152
Cartier 18K Yellow Gold Signet  Style Ring,5500.0,"$5,500.00",USD,5500.0,Pre-Owned,,,,,https://www.ebay.com/itm/188485542476,Cartier,Yellow Gold,https://www.ebay.com/b/Cartier-Yellow-Gold-Fine-Jewelry/4196/bn_2194152
Cartier Love Bracelet Size 17 Yellow Gold 6 Diamonds Box & Papers,6500.0,"$6,500.00",USD,6500.0,Pre-Owned,,,,,https://www.ebay.com/itm/287398871295,Cartier,Yellow Gold,https://www.ebay.com/b/Cartier-Yellow-Gold-Fine-Jewelry/4196/bn_2194152
NEW- Cartier Love Necklace with Pendant 18k Yellow Gold and two Diamonds,2799.0,"$2,799.00",USD,2799.0,Brand New,,,,,https://www.ebay.com/itm/336555841729,Cartier,Yellow Gold,https://www.ebay.com/b/Cartier-Yellow-Gold-Fine-Jewelry/4196/bn_2194152
Cartier Love Ring 18k Yellow Gold 5.5 mm Size 54,1950.0,"$1,950.00",USD,1950.0,Pre-Owned,,,,,https://www.ebay.com/itm/188431390414,Cartier,Yellow Gold,https://www.ebay.com/b/Cartier-Yellow-Gold-Fine-Jewelry/4196/bn_2194152
CARTIER Mini Love Ring 18K Yellow Gold Used unisex Size 64/US size 10.75,1200.0,"$1,200.00",USD,1200.0,Pre-Owned,,,,,https://www.ebay.com/itm/267753312641,Cartier,Yellow Gold,https://www.ebay.com/b/Cartier-Yellow-Gold-Fine-Jewelry/4196/bn_2194152
RARE Cartier Love 18K Yellow Gold 11 mm Wide Band Ring Size 12.5 / 69 - 14.8 g,4499.99,"$4,499.99",USD,4499.99,Pre-Owned,,,,,https://www.ebay.com/itm/800359424707,Cartier,Yellow Gold,https://www.ebay.com/b/Cartier-Yellow-Gold-Fine-Jewelry/4196/bn_2194152
Cartier Nouvelle Vague Ring 18k Yellow Gold Crossover Band Size 54 (US 6.75),3200.0,"$3,200.00",USD,3200.0,Pre-Owned,,,,,https://www.ebay.com/itm/178075501143,Cartier,Yellow Gold,https://www.ebay.com/b/Cartier-Yellow-Gold-Fine-Jewelry/4196/bn_2194152
❤️ Cartier Small Model Band Ring 18K Yellow Gold Size 4 3/4. (NIB),899.99,$899.99,USD,899.99,New (Other),,,,,https://www.ebay.com/itm/158181382055,Cartier,Yellow Gold,https://www.ebay.com/b/Cartier-Yellow-Gold-Fine-Jewelry/4196/bn_2194152
Cartier Love 18K Yellow Gold Ring Size 61,1640.0,"$1,640.00",USD,1640.0,Pre-Owned,,,,,https://www.ebay.com/itm/128012698879,Cartier,Yellow Gold,https://www.ebay.com/b/Cartier-Yellow-Gold-Fine-Jewelry/4196/bn_2194152
Rare Auth Cartier Chain Necklace 42cm 18K 750 Yellow Gold,3436.68,"$3,436.68",USD,3436.68,Pre-Owned,,,,,https://www.ebay.com/itm/188688411716,Cartier,Yellow Gold,https://www.ebay.com/b/Cartier-Yellow-Gold-Fine-Jewelry/4196/bn_2194152
Cartier Ellipse 18k Yellow Gold Sapphire Solitaire Ring C1992 Size US6.25,2995.0,"$2,995.00",USD,2995.0,Pre-Owned,,,,,https://www.ebay.com/itm/206125857023,Cartier,Yellow Gold,https://www.ebay.com/b/Cartier-Yellow-Gold-Fine-Jewelry/4196/bn_2194152
AUTHENTIC CARTIER 18K YELLOW GOLD 4 DIAMONDS CLASSIC MODEL BRACELET SIZE 17,11800.0,"$11,800.00",USD,11800.0,Pre-Owned,,,,,https://www.ebay.com/itm/298593208177,Cartier,Yellow Gold,https://www.ebay.com/b/Cartier-Yellow-Gold-Fine-Jewelry/4196/bn_2194152
"Cartier Love Bracelet, Classic Model, 18K Yellow Gold, Size 17",6000.0,"$6,000.00",USD,6000.0,Pre-Owned,,,,,https://www.ebay.com/itm/287518936337,Cartier,Yellow Gold,https://www.ebay.com/b/Cartier-Yellow-Gold-Fine-Jewelry/4196/bn_2194152
Cartier Mini Love Ring 18K Yellow Gold 750 size48 4.5(US) 90335678,859.87,$859.87,USD,859.87,Pre-Owned,,,,,https://www.ebay.com/itm/267754546784,Cartier,Yellow Gold,https://www.ebay.com/b/Cartier-Yellow-Gold-Fine-Jewelry/4196/bn_2194152
Authentic Cartier Love 18K Yellow Gold Bracelet Small Size 19 With Certificate,6550.0,"$6,550.00",USD,6550.0,Pre-Owned,,,,,https://www.ebay.com/itm/278263120623,Cartier,Yellow Gold,https://www.ebay.com/b/Cartier-Yellow-Gold-Fine-Jewelry/4196/bn_2194152
"CARTIER LOVE BAND RING 750 18K YELLOW GOLD SIZE 61 WITH BOXES, COA & BAG",1950.0,"$1,950.00",USD,1950.0,Pre-Owned,,,,,https://www.ebay.com/itm/206258902567,Cartier,Yellow Gold,https://www.ebay.com/b/Cartier-Yellow-Gold-Fine-Jewelry/4196/bn_2194152
18k Yellow Gold Cartier Love Unlimited Ring Sz 62 (10) Purchase Receipt SOLD OUT,3699.0,"$3,699.00",USD,3699.0,Pre-Owned,,,,,https://www.ebay.com/itm/198530772468,Cartier,Yellow Gold,https://www.ebay.com/b/Cartier-Yellow-Gold-Fine-Jewelry/4196/bn_2194152
Vintage Cartier 18K Yellow Gold 1/8 Oz Ingot Bar Charm Pendant Signed Rare Find,2499.0,"$2,499.00",USD,2499.0,Pre-Owned,,,,,https://www.ebay.com/itm/287503714879,Cartier,Yellow Gold,https://www.ebay.com/b/Cartier-Yellow-Gold-Fine-Jewelry/4196/bn_2194152
CARTIER Men’s 18K Yellow Gold Santos Dumont Ring Size 59/8.75,5978.0,"$5,978.00",USD,5978.0,Pre-Owned,,,,,https://www.ebay.com/itm/257686225626,Cartier,Yellow Gold,https://www.ebay.com/b/Cartier-Yellow-Gold-Fine-Jewelry/4196/bn_2194152
CARTIER 18KT GOLD BRACELET WITH WHITE & YELLOW GOLD DIAMOND LOOPS!,1999.99,"$1,999.99",USD,1999.99,Pre-Owned,,,,,https://www.ebay.com/itm/358642589408,Cartier,Yellow Gold,https://www.ebay.com/b/Cartier-Yellow-Gold-Fine-Jewelry/4196/bn_2194152
CARTIER Panthere de Onyx Tsavorite Garnet Yellow Gold Ring 53,7500.0,"$7,500.00",USD,7500.0,Pre-Owned,,,,,https://www.ebay.com/itm/188779681996,Cartier,Yellow Gold,https://www.ebay.com/b/Cartier-Yellow-Gold-Fine-Jewelry/4196/bn_2194152
Cartier Classic LOVE 18k Yellow Gold 5.5mm Band Ring Size 58 US 8.25,1799.99,"$1,799.99",USD,1799.99,Pre-Owned,,,,,https://www.ebay.com/itm/306982528490,Cartier,Yellow Gold,https://www.ebay.com/b/Cartier-Yellow-Gold-Fine-Jewelry/4196/bn_2194152
Vintage Cartier Panthere Diamond Silverium Black Silver 18K Yellow Gold Pendant,16000.0,"$16,000.00",USD,16000.0,Pre-Owned,,,,,https://www.ebay.com/itm/298588899618,Cartier,Yellow Gold,https://www.ebay.com/b/Cartier-Yellow-Gold-Fine-Jewelry/4196/bn_2194152
"Cartier 18K Yellow Gold Rectangle Ingot Bar Pendant Charm – Signed, No Stone",8900.0,"$8,900.00",USD,8900.0,Pre-Owned,,,,,https://www.ebay.com/itm/800298621991,Cartier,Yellow Gold,https://www.ebay.com/b/Cartier-Yellow-Gold-Fine-Jewelry/4196/bn_2194152
Cartier Stella Yellow gold Sapphire US#5.5 EU#50-51 Ring,1560.0,"$1,560.00",USD,1560.0,Pre-Owned,,,,,https://www.ebay.com/itm/137576321848,Cartier,Yellow Gold,https://www.ebay.com/b/Cartier-Yellow-Gold-Fine-Jewelry/4196/bn_2194152
Cartier Baby Love Pendant Necklace 18K Yellow Gold,2500.0,"$2,500.00",USD,2500.0,Pre-Owned,,,,,https://www.ebay.com/itm/298573127715,Cartier,Yellow Gold,https://www.ebay.com/b/Cartier-Yellow-Gold-Fine-Jewelry/4196/bn_2194152
Clash de CARTIER OTO591 Small Bangle Bracelet 33.9g Au 750 18k Yellow Gold - 19,8999.95,"$8,999.95",USD,8999.95,Pre-Owned,,,,,https://www.ebay.com/itm/398197054676,Cartier,Yellow Gold,https://www.ebay.com/b/Cartier-Yellow-Gold-Fine-Jewelry/4196/bn_2194152
Cartier Juste Un Clou Ring Small Model 18K Yellow Gold Size 49 w/Box Certificat,1259.1,"$1,259.10",USD,1259.1,Pre-Owned,,,,,https://www.ebay.com/itm/287402108003,Cartier,Yellow Gold,https://www.ebay.com/b/Cartier-Yellow-Gold-Fine-Jewelry/4196/bn_2194152
Cartier Tresse Flexible Bracelet 18K Yellow Gold 7.4 Inches Long 1990s,11554.0,"$11,554.00",USD,11554.0,Pre-Owned,,,,,https://www.ebay.com/itm/158048190316,Cartier,Yellow Gold,https://www.ebay.com/b/Cartier-Yellow-Gold-Fine-Jewelry/4196/bn_2194152
Cartier Juste Un Clou Nail Bracelet 18K Yellow Gold Size 15,3999.95,"$3,999.95",USD,3999.95,Pre-Owned,,,,,https://www.ebay.com/itm/307018197254,Cartier,Yellow Gold,https://www.ebay.com/b/Cartier-Yellow-Gold-Fine-Jewelry/4196/bn_2194152
Cartier 18k 750 Yellow Gold Love Band Ring Classic Model Size 59,1480.0,"$1,480.00",USD,1480.0,Pre-Owned,,,,,https://www.ebay.com/itm/206409609977,Cartier,Yellow Gold,https://www.ebay.com/b/Cartier-Yellow-Gold-Fine-Jewelry/4196/bn_2194152
CARTIER PARIS GAY FRERES 18k Yellow Gold & Diamond Bone Cuff 1970s Vintage,7500.0,"$7,500.00",USD,7500.0,Pre-Owned,,,,,https://www.ebay.com/itm/327288939492,Cartier,Yellow Gold,https://www.ebay.com/b/Cartier-Yellow-Gold-Fine-Jewelry/4196/bn_2194152
CARTIER RETRO 1950s 14k Yellow Gold Woven Screw Back Earrings,2950.0,"$2,950.00",USD,2950.0,Pre-Owned,,,,,https://www.ebay.com/itm/327194022448,Cartier,Yellow Gold,https://www.ebay.com/b/Cartier-Yellow-Gold-Fine-Jewelry/4196/bn_2194152
Cartier love ring 18k white gold with one Diamond mini excellent and condition,1500.0,"$1,500.00",USD,1500.0,Pre-Owned,,,,,https://www.ebay.com/itm/168603956671,Cartier,White Gold,https://www.ebay.com/b/Cartier-White-Gold-Fine-Jewelry/4196/bn_2194640
Cartier Love Bracelet Small Model 18K White Gold Screw Motif Bangle Size 16,4950.0,"$4,950.00",USD,4950.0,Pre-Owned,,,,,https://www.ebay.com/itm/398290161885,Cartier,White Gold,https://www.ebay.com/b/Cartier-White-Gold-Fine-Jewelry/4196/bn_2194640
Authentic Cartier 18k White Gold Amouret  Trinity Ring 12.58g,2200.0,"$2,200.00",USD,2200.0,Pre-Owned,,,,,https://www.ebay.com/itm/257547169032,Cartier,White Gold,https://www.ebay.com/b/Cartier-White-Gold-Fine-Jewelry/4196/bn_2194640
Cartier 18k Tank Francaise Ring Size 11.5 in White Gold with Cartier Packaging,1450.0,"$1,450.00",USD,1450.0,Pre-Owned,,,,,https://www.ebay.com/itm/198558844156,Cartier,White Gold,https://www.ebay.com/b/Cartier-White-Gold-Fine-Jewelry/4196/bn_2194640
"Cartier Juste un Clou Classic 18k White Gold, Size 17 (Full Set)",7000.0,"$7,000.00",USD,7000.0,Pre-Owned,,,,,https://www.ebay.com/itm/128006210853,Cartier,White Gold,https://www.ebay.com/b/Cartier-White-Gold-Fine-Jewelry/4196/bn_2194640
Cartier Love Ring Polished 18k White Gold 6.05 mm Band Size 7,2100.0,"$2,100.00",USD,2100.0,Pre-Owned,,,,,https://www.ebay.com/itm/287505665809,Cartier,White Gold,https://www.ebay.com/b/Cartier-White-Gold-Fine-Jewelry/4196/bn_2194640
"Cartier LOVE Bracelet Classic Model Size 19 White Gold 18K, Box + Papers",5950.0,"$5,950.00",USD,5950.0,Pre-Owned,,,,,https://www.ebay.com/itm/820009905825,Cartier,White Gold,https://www.ebay.com/b/Cartier-White-Gold-Fine-Jewelry/4196/bn_2194640
"Cartier Love Bracelet Classic 18K White Gold, Size 18 (Full Set)",6500.0,"$6,500.00",USD,6500.0,Pre-Owned,,,,,https://www.ebay.com/itm/128006200210,Cartier,White Gold,https://www.ebay.com/b/Cartier-White-Gold-Fine-Jewelry/4196/bn_2194640
Cartier Love Bracelet 17  18Kt White Gold,5000.0,"$5,000.00",USD,5000.0,Pre-Owned,,,,,https://www.ebay.com/itm/137617626307,Cartier,White Gold,https://www.ebay.com/b/Cartier-White-Gold-Fine-Jewelry/4196/bn_2194640
Cartier Love Bracelet 18k White Gold Unisex Adult,3500.0,"$3,500.00",USD,3500.0,Pre-Owned,,,,,https://www.ebay.com/itm/188724435336,Cartier,White Gold,https://www.ebay.com/b/Cartier-White-Gold-Fine-Jewelry/4196/bn_2194640
Cartier 18K White Gold Love Ring w/ One Diamond Box Papers Size 62 -E6,1100.0,"$1,100.00",USD,1100.0,Pre-Owned,,,,,https://www.ebay.com/itm/398278423117,Cartier,White Gold,https://www.ebay.com/b/Cartier-White-Gold-Fine-Jewelry/4196/bn_2194640
Cartier Vintage C de Cartier 18k White Gold Ring size 50,800.0,$800.00,USD,800.0,Pre-Owned,,,,,https://www.ebay.com/itm/198550332683,Cartier,White Gold,https://www.ebay.com/b/Cartier-White-Gold-Fine-Jewelry/4196/bn_2194640
Cartier Juste un Clou White Gold,1900.0,"$1,900.00",USD,1900.0,Pre-Owned,,,,,https://www.ebay.com/itm/800124174017,Cartier,White Gold,https://www.ebay.com/b/Cartier-White-Gold-Fine-Jewelry/4196/bn_2194640
Authentic Cartier Mon Amour/Monumur Heart Diamond Ring 18k White Gold,1600.0,"$1,600.00",USD,1600.0,Pre-Owned,,,,,https://www.ebay.com/itm/406958181295,Cartier,White Gold,https://www.ebay.com/b/Cartier-White-Gold-Fine-Jewelry/4196/bn_2194640
Cartier 18K White Gold Band Ring Size 10 Silver Tone No Stone w/ Box,2000.0,"$2,000.00",USD,2000.0,Pre-Owned,,,,,https://www.ebay.com/itm/188538408987,Cartier,White Gold,https://www.ebay.com/b/Cartier-White-Gold-Fine-Jewelry/4196/bn_2194640
RARE Auth Cartier Trinity 18k White Gold Ring 1998 French hallmarks HEAVY 8grams,1725.0,"$1,725.00",USD,1725.0,Pre-Owned,,,,,https://www.ebay.com/itm/127833193808,Cartier,White Gold,https://www.ebay.com/b/Cartier-White-Gold-Fine-Jewelry/4196/bn_2194640
18k White Gold Cartier Love Unlimited Ring Sz 62 (10) Purchase Receipt SOLD OUT,3699.0,"$3,699.00",USD,3699.0,Pre-Owned,,,,,https://www.ebay.com/itm/336745702473,Cartier,White Gold,https://www.ebay.com/b/Cartier-White-Gold-Fine-Jewelry/4196/bn_2194640
Cartier Love Circle White gold Diamond Necklace,1829.0,"$1,829.00",USD,1829.0,Pre-Owned,,,,,https://www.ebay.com/itm/137236434689,Cartier,White Gold,https://www.ebay.com/b/Cartier-White-Gold-Fine-Jewelry/4196/bn_2194640
"Cartier 18K White Gold Love Bracelet Small Model, Size 17 w/ Certificate 2025",4800.0,"$4,800.00",USD,4800.0,Pre-Owned,,,,,https://www.ebay.com/itm/227472853694,Cartier,White Gold,https://www.ebay.com/b/Cartier-White-Gold-Fine-Jewelry/4196/bn_2194640
Cartier Love Ring 18K White Gold Size 60 EU 7g w/ Box & Pouch Authentic 750,1250.0,"$1,250.00",USD,1250.0,Pre-Owned,,,,,https://www.ebay.com/itm/358862921685,Cartier,White Gold,https://www.ebay.com/b/Cartier-White-Gold-Fine-Jewelry/4196/bn_2194640
Cartier Love Band 18k White Gold Ring Size 56,1222.0,"$1,222.00",USD,1222.0,Pre-Owned,,,,,https://www.ebay.com/itm/277771678002,Cartier,White Gold,https://www.ebay.com/b/Cartier-White-Gold-Fine-Jewelry/4196/bn_2194640
Authentic Cartier Love Ring 18K White Gold 750 Size 60 Box & Papers 2023,1200.0,"$1,200.00",USD,1200.0,Pre-Owned,,,,,https://www.ebay.com/itm/358800605802,Cartier,White Gold,https://www.ebay.com/b/Cartier-White-Gold-Fine-Jewelry/4196/bn_2194640
Cartier Juste un Clou classic 18k White Gold size 19 w/box & papers,5999.0,"$5,999.00",USD,5999.0,Pre-Owned,,,,,https://www.ebay.com/itm/800483744056,Cartier,White Gold,https://www.ebay.com/b/Cartier-White-Gold-Fine-Jewelry/4196/bn_2194640
Cartier Love ring With Diamond White Gold Size 52,1799.0,"$1,799.00",USD,1799.0,Pre-Owned,,,,,https://www.ebay.com/itm/257371712029,Cartier,White Gold,https://www.ebay.com/b/Cartier-White-Gold-Fine-Jewelry/4196/bn_2194640
CARTIER LOVE 18K WHITE GOLD CLASSIC BRACELET SIZE 16 W/ BOX & CERT- B4181,5600.0,"$5,600.00",USD,5600.0,Pre-Owned,,,,,https://www.ebay.com/itm/198521491060,Cartier,White Gold,https://www.ebay.com/b/Cartier-White-Gold-Fine-Jewelry/4196/bn_2194640
Guaranteed Authentic Cartier 18K White Gold Love Ring 5.5mm Size 52 US 6 w/ Box,1395.0,"$1,395.00",USD,1395.0,Pre-Owned,,,,,https://www.ebay.com/itm/127997413816,Cartier,White Gold,https://www.ebay.com/b/Cartier-White-Gold-Fine-Jewelry/4196/bn_2194640
Cartier Diamond 18K White Gold Love Necklace,5000.0,"$5,000.00",USD,5000.0,Pre-Owned,,,,,https://www.ebay.com/itm/407065629542,Cartier,White Gold,https://www.ebay.com/b/Cartier-White-Gold-Fine-Jewelry/4196/bn_2194640
CARTIER 18K WHITE GOLD CLASSIC LOVE RING WITH THREE DIAMONDS,2895.0,"$2,895.00",USD,2895.0,Pre-Owned,,,,,https://www.ebay.com/itm/147504079849,Cartier,White Gold,https://www.ebay.com/b/Cartier-White-Gold-Fine-Jewelry/4196/bn_2194640
Cartier LOVE Charity Bracelet 18K White Gold 750 Black Cord w/ Cartier Pouch,994.99,$994.99,USD,994.99,Pre-Owned,,,,,https://www.ebay.com/itm/287525199013,Cartier,White Gold,https://www.ebay.com/b/Cartier-White-Gold-Fine-Jewelry/4196/bn_2194640
Cartier 18K White Gold Diamond Eternity Ring Size 8 w/ Box Unisex,1150.0,"$1,150.00",USD,1150.0,Pre-Owned,,,,,https://www.ebay.com/itm/365849088921,Cartier,White Gold,https://www.ebay.com/b/Cartier-White-Gold-Fine-Jewelry/4196/bn_2194640
Cartier Meplat 18K White Gold Oval Link Bracelet 5.3mm 7.5” Au750,3200.0,"$3,200.00",USD,3200.0,Pre-Owned,,,,,https://www.ebay.com/itm/800488753756,Cartier,White Gold,https://www.ebay.com/b/Cartier-White-Gold-Fine-Jewelry/4196/bn_2194640
Cartier 18K White Gold Etincelle De Cartier Emerald Cut Diamond Ring Size 51,2500.77,"$2,500.77",USD,2500.77,Pre-Owned,,,,,https://www.ebay.com/itm/377329538457,Cartier,White Gold,https://www.ebay.com/b/Cartier-White-Gold-Fine-Jewelry/4196/bn_2194640
Cartier Love Ring 18K White  Gold 53  Size 6.5US,999.99,$999.99,USD,999.99,Pre-Owned,,,,,https://www.ebay.com/itm/267701052755,Cartier,White Gold,https://www.ebay.com/b/Cartier-White-Gold-Fine-Jewelry/4196/bn_2194640
CARTIER | White Gold LOVE Ring Size 9.5 / 9.75,1293.75,"$1,293.75",USD,1293.75,Pre-Owned,,,,,https://www.ebay.com/itm/178307062133,Cartier,White Gold,https://www.ebay.com/b/Cartier-White-Gold-Fine-Jewelry/4196/bn_2194640
Cartier Maillon Panthère 18K White Gold 12 Diamonds Ring EU55 / US7.25,2499.0,"$2,499.00",USD,2499.0,Pre-Owned,,,,,https://www.ebay.com/itm/800505632355,Cartier,White Gold,https://www.ebay.com/b/Cartier-White-Gold-Fine-Jewelry/4196/bn_2194640
Vintage art deco cartier 18k white gold tennis bracelet natural diamond,6500.0,"$6,500.00",USD,6500.0,Pre-Owned,,,,,https://www.ebay.com/itm/168616614972,Cartier,White Gold,https://www.ebay.com/b/Cartier-White-Gold-Fine-Jewelry/4196/bn_2194640
Cartier D'amour 18K White Gold Natural Diamond Solitaire Necklace (Large Model),3000.0,"$3,000.00",USD,3000.0,Pre-Owned,,,,,https://www.ebay.com/itm/147505123157,Cartier,White Gold,https://www.ebay.com/b/Cartier-White-Gold-Fine-Jewelry/4196/bn_2194640
Cartier LOVE 18K White Gold Screw Stud Earrings Pair,2399.0,"$2,399.00",USD,2399.0,Pre-Owned,,,,,https://www.ebay.com/itm/800501507865,Cartier,White Gold,https://www.ebay.com/b/Cartier-White-Gold-Fine-Jewelry/4196/bn_2194640
Cartier Maillon Panthere 18K White Gold Diamond Half-Pave Triple Row Ring,2999.0,"$2,999.00",USD,2999.0,Pre-Owned,,,,,https://www.ebay.com/itm/137275532685,Cartier,White Gold,https://www.ebay.com/b/Cartier-White-Gold-Fine-Jewelry/4196/bn_2194640
Preloved Cartier Maillon Panthere Wedding Band 18K White Gold Size:50 4.1g,949.0,$949.00,USD,949.0,Pre-Owned,,,,,https://www.ebay.com/itm/800511644998,Cartier,White Gold,https://www.ebay.com/b/Cartier-White-Gold-Fine-Jewelry/4196/bn_2194640
Cartier Solitaire 18K White Gold 0.23ct Diamond Ring EU50 / US5.25,1099.0,"$1,099.00",USD,1099.0,Pre-Owned,,,,,https://www.ebay.com/itm/800511716267,Cartier,White Gold,https://www.ebay.com/b/Cartier-White-Gold-Fine-Jewelry/4196/bn_2194640
Cartier Maillon Panthère 18K White Gold 12‑Diamond Ring Size7.5  No Accessories,2689.0,"$2,689.00",USD,2689.0,Pre-Owned,,,,,https://www.ebay.com/itm/800421336976,Cartier,White Gold,https://www.ebay.com/b/Cartier-White-Gold-Fine-Jewelry/4196/bn_2194640
"Authentic Cartier  18K White Gold Juste Un Clou Hoop Earrings, Small Model",3450.0,"$3,450.00",USD,3450.0,Pre-Owned,,,,,https://www.ebay.com/itm/147472005041,Cartier,White Gold,https://www.ebay.com/b/Cartier-White-Gold-Fine-Jewelry/4196/bn_2194640
Cartier Juste En Clou 18k White Gold Ring Diamonds 58,2800.0,"$2,800.00",USD,2800.0,Pre-Owned,,,,,https://www.ebay.com/itm/298593898315,Cartier,White Gold,https://www.ebay.com/b/Cartier-White-Gold-Fine-Jewelry/4196/bn_2194640
Authentic Cartier 18K White Gold Juste un Clou Diamond Pendant Necklace,7750.0,"$7,750.00",USD,7750.0,Pre-Owned,,,,,https://www.ebay.com/itm/147483052720,Cartier,White Gold,https://www.ebay.com/b/Cartier-White-Gold-Fine-Jewelry/4196/bn_2194640
Cartier Classic Size Juste Un Clou Bracelet 18k White Gold Size 18,8399.0,"$8,399.00",USD,8399.0,Pre-Owned,,,,,https://www.ebay.com/itm/227478831490,Cartier,White Gold,https://www.ebay.com/b/Cartier-White-Gold-Fine-Jewelry/4196/bn_2194640
Cartier LOVE Bracelet Small Model 18K White Gold Size 20 Box & Screwdriver,5495.0,"$5,495.00",USD,5495.0,Pre-Owned,,,,,https://www.ebay.com/itm/800483315390,Cartier,White Gold,https://www.ebay.com/b/Cartier-White-Gold-Fine-Jewelry/4196/bn_2194640
"CARTIER D'AMOUR BRACELET, DIAMOND, WHITE GOLD 18K SMALL BOX",800.0,$800.00,USD,800.0,Pre-Owned,,,,,https://www.ebay.com/itm/236987765133,Cartier,White Gold,https://www.ebay.com/b/Cartier-White-Gold-Fine-Jewelry/4196/bn_2194640
CARTIER   Ring Three colors #55 K18 Yellow Gold K18 White Gold US size 7,525.0,$525.00,USD,525.0,Pre-Owned,,,,,https://www.ebay.com/itm/267754998765,Cartier,White Gold,https://www.ebay.com/b/Cartier-White-Gold-Fine-Jewelry/4196/bn_2194640
Cartier Tank Francaise Ring 18K White Gold WG Size 53 US 6.5 9.6g,1730.0,"$1,730.00",USD,1730.0,Pre-Owned,,,,,https://www.ebay.com/itm/168617594462,Cartier,White Gold,https://www.ebay.com/b/Cartier-White-Gold-Fine-Jewelry/4196/bn_2194640
Cartier Love Ring Size 60 US 9 18K White Gold 750 Classic Band Authentic,949.05,$949.05,USD,949.05,Pre-Owned,,,,,https://www.ebay.com/itm/147459267864,Cartier,White Gold,https://www.ebay.com/b/Cartier-White-Gold-Fine-Jewelry/4196/bn_2194640
Cartier Love Band Ring 18K White Gold Signed Size 50 3.5mm Wide,1241.0,"$1,241.00",USD,1241.0,Pre-Owned,,,,,https://www.ebay.com/itm/800420188498,Cartier,White Gold,https://www.ebay.com/b/Cartier-White-Gold-Fine-Jewelry/4196/bn_2194640
Cartier Love Ring 18K White Gold 750 Au Classic Model 3 Diamonds Size 59,3699.99,"$3,699.99",USD,3699.99,Pre-Owned,,,,,https://www.ebay.com/itm/206498704648,Cartier,White Gold,https://www.ebay.com/b/Cartier-White-Gold-Fine-Jewelry/4196/bn_2194640
"Cartier Maillon Panthere Ring, 18K White Gold 2.5mm Size US 8 / Euro 58",799.0,$799.00,USD,799.0,Pre-Owned,,,,,https://www.ebay.com/itm/327265927464,Cartier,White Gold,https://www.ebay.com/b/Cartier-White-Gold-Fine-Jewelry/4196/bn_2194640
"Cartier Juste Un Clou Ring 18k White Gold Size 6 With Box, Never Worn",1200.0,"$1,200.00",USD,1200.0,Brand New,,,,,https://www.ebay.com/itm/406907407496,Cartier,White Gold,https://www.ebay.com/b/Cartier-White-Gold-Fine-Jewelry/4196/bn_2194640
Authentic Cartier Juste Un Clou Ring 18K White Gold Full Set Box Receipt,2500.0,"$2,500.00",USD,2500.0,Pre-Owned,,,,,https://www.ebay.com/itm/257511354381,Cartier,White Gold,https://www.ebay.com/b/Cartier-White-Gold-Fine-Jewelry/4196/bn_2194640
Cartier Mini Love White gold US#5.5 EU#50 Ring,782.0,$782.00,USD,782.0,Pre-Owned,,,,,https://www.ebay.com/itm/137587209817,Cartier,White Gold,https://www.ebay.com/b/Cartier-White-Gold-Fine-Jewelry/4196/bn_2194640
CARTIER Trinity Ring  7 Bands 18k Yellow Gold Rose Gold White Gold US 6,1899.0,"$1,899.00",USD,1899.0,Pre-Owned,,,,,https://www.ebay.com/itm/336656401712,Cartier,White Gold,https://www.ebay.com/b/Cartier-White-Gold-Fine-Jewelry/4196/bn_2194640
CARTIER 18k White Gold 6 Diamonds Band Ring w/Box Bag and Cleaner Size 3.5 -DG53,1000.0,"$1,000.00",USD,1000.0,Pre-Owned,,,,,https://www.ebay.com/itm/397410638560,Cartier,White Gold,https://www.ebay.com/b/Cartier-White-Gold-Fine-Jewelry/4196/bn_2194640
Cartier Juste un Clou Ring 18K White Gold,1680.0,"$1,680.00",USD,1680.0,Pre-Owned,,,,,https://www.ebay.com/itm/117299708461,Cartier,White Gold,https://www.ebay.com/b/Cartier-White-Gold-Fine-Jewelry/4196/bn_2194640
CARTIER 18K WHITE GOLD DIAMOND STUD EARRINGS  DIAMANTS LEGERS/D'AMOUR   BOX &COA,1850.0,"$1,850.00",USD,1850.0,Pre-Owned,,,,,https://www.ebay.com/itm/318740406222,Cartier,White Gold,https://www.ebay.com/b/Cartier-White-Gold-Fine-Jewelry/4196/bn_2194640
CARTIER 18K WHITE GOLD JUSTE UN CLOU BANGLE BRACELET SIZE 17 W/BOX &CERT - B4129,7900.0,"$7,900.00",USD,7900.0,Pre-Owned,,,,,https://www.ebay.com/itm/198476311407,Cartier,White Gold,https://www.ebay.com/b/Cartier-White-Gold-Fine-Jewelry/4196/bn_2194640
Cartier 18K White Gold Meplat Bracelet,3243.0,"$3,243.00",USD,3243.0,Pre-Owned,,,,,https://www.ebay.com/itm/286898144739,Cartier,White Gold,https://www.ebay.com/b/Cartier-White-Gold-Fine-Jewelry/4196/bn_2194640
Cartier Nouvelle Vague Ring 18k White Gold Crossover Band Size 50,2300.0,"$2,300.00",USD,2300.0,Pre-Owned,,,,,https://www.ebay.com/itm/178084068212,Cartier,White Gold,https://www.ebay.com/b/Cartier-White-Gold-Fine-Jewelry/4196/bn_2194640
"Cartier Be Love Ring Half Diamond Pink Gold (18K),White Gold (18K)... BF589968",2032.2,"$2,032.20",USD,2032.2,Pre-Owned,,,,,https://www.ebay.com/itm/336663771412,Cartier,White Gold,https://www.ebay.com/b/Cartier-White-Gold-Fine-Jewelry/4196/bn_2194640
Cartier Diamond 18k White Gold Love Bracelet Charm,1325.0,"$1,325.00",USD,1325.0,Pre-Owned,,,,,https://www.ebay.com/itm/146873541916,Cartier,White Gold,https://www.ebay.com/b/Cartier-White-Gold-Fine-Jewelry/4196/bn_2194640
"Cartier LOVE Ring, Small (Thin) Model 18K White Gold - Size 57MM (US 8)",1340.0,"$1,340.00",USD,1340.0,Brand New,,,,,https://www.ebay.com/itm/318654887628,Cartier,White Gold,https://www.ebay.com/b/Cartier-White-Gold-Fine-Jewelry/4196/bn_2194640
CARTIER LOVE 18K WHITE GOLD 6 DIAMOND RING SIZE 6 W/ BOX - R11597,4100.0,"$4,100.00",USD,4100.0,Pre-Owned,,,,,https://www.ebay.com/itm/206395761115,Cartier,White Gold,https://www.ebay.com/b/Cartier-White-Gold-Fine-Jewelry/4196/bn_2194640
CARTIER DIAMOND LOVE MINI RING 18K WHITE GOLD Size 57,1600.0,"$1,600.00",USD,1600.0,Pre-Owned,,,,,https://www.ebay.com/itm/257673168706,Cartier,White Gold,https://www.ebay.com/b/Cartier-White-Gold-Fine-Jewelry/4196/bn_2194640
CARTIER Love Bracelet - White Gold - Size 18 - 💯 AUTHENTIC,4499.0,"$4,499.00",USD,4499.0,Pre-Owned,,,,,https://www.ebay.com/itm/227452507946,Cartier,White Gold,https://www.ebay.com/b/Cartier-White-Gold-Fine-Jewelry/4196/bn_2194640
Cartier 18K White Gold 3.6mm Small Love Ring (Size 6.75),950.0,$950.00,USD,950.0,Pre-Owned,,,,,https://www.ebay.com/itm/117341466860,Cartier,White Gold,https://www.ebay.com/b/Cartier-White-Gold-Fine-Jewelry/4196/bn_2194640
Cartier 18K White Gold Wide Love Ring - Size 61,3450.0,"$3,450.00",USD,3450.0,Pre-Owned,,,,,https://www.ebay.com/itm/278243974980,Cartier,White Gold,https://www.ebay.com/b/Cartier-White-Gold-Fine-Jewelry/4196/bn_2194640
"Cartier Love Bracelet, Small Model Size 16, 18K White Gold Certificate + Receipt",5020.0,"$5,020.00",USD,5020.0,Brand New,,,,,https://www.ebay.com/itm/206167938040,Cartier,White Gold,https://www.ebay.com/b/Cartier-White-Gold-Fine-Jewelry/4196/bn_2194640
"CARTIER 18K WHITE GOLD ""LOVE""  WEDDING BAND SIZE 10, 4MM WIDE, 3.6 GRAMS",1150.0,"$1,150.00",USD,1150.0,Pre-Owned,,,,,https://www.ebay.com/itm/278204635113,Cartier,White Gold,https://www.ebay.com/b/Cartier-White-Gold-Fine-Jewelry/4196/bn_2194640
18K White Gold Cartier D'Amour Mini Model Diamond Studs,1280.0,"$1,280.00",USD,1280.0,Pre-Owned,,,,,https://www.ebay.com/itm/188386858809,Cartier,White Gold,https://www.ebay.com/b/Cartier-White-Gold-Fine-Jewelry/4196/bn_2194640
CARTIER ring happy Birthday K18 white gold #52 Logo metal only Used 908631,1675.0,"$1,675.00",USD,1675.0,Pre-Owned,,,,,https://www.ebay.com/itm/168594926744,Cartier,White Gold,https://www.ebay.com/b/Cartier-White-Gold-Fine-Jewelry/4196/bn_2194640
Cartier Santos Small White gold Bracelet,2743.0,"$2,743.00",USD,2743.0,Pre-Owned,,,,,https://www.ebay.com/itm/137456908006,Cartier,White Gold,https://www.ebay.com/b/Cartier-White-Gold-Fine-Jewelry/4196/bn_2194640
"Cartier 18k White Gold Love Pendant Necklace 17""",2303.0,"$2,303.00",USD,2303.0,Pre-Owned,,,,,https://www.ebay.com/itm/277741946311,Cartier,White Gold,https://www.ebay.com/b/Cartier-White-Gold-Fine-Jewelry/4196/bn_2194640
Cartier 18k White Gold Love Wedding Band Size 68 US 12 1/4 3.6mm Unisex,877.5,$877.50,USD,877.5,Pre-Owned,,,,,https://www.ebay.com/itm/227441140605,Cartier,White Gold,https://www.ebay.com/b/Cartier-White-Gold-Fine-Jewelry/4196/bn_2194640
Cartier Love Ring Classic Model 18K White Gold 5.5 mm Size 57 US 8 Thick Band,1295.0,"$1,295.00",USD,1295.0,Pre-Owned,,,,,https://www.ebay.com/itm/366592648263,Cartier,White Gold,https://www.ebay.com/b/Cartier-White-Gold-Fine-Jewelry/4196/bn_2194640
Cartier Love Bracelet White Gold Size 19 SM 6 Diamond ❤️💎,6595.0,"$6,595.00",USD,6595.0,Pre-Owned,,,,,https://www.ebay.com/itm/257622717297,Cartier,White Gold,https://www.ebay.com/b/Cartier-White-Gold-Fine-Jewelry/4196/bn_2194640
Cartier 18K White Gold LOVE Cuff Bracelet - Size 21,5995.0,"$5,995.00",USD,5995.0,Pre-Owned,,,,,https://www.ebay.com/itm/127915122165,Cartier,White Gold,https://www.ebay.com/b/Cartier-White-Gold-Fine-Jewelry/4196/bn_2194640
Cartier Trinity Rolling Ring  Large 18k Y Rose & White Gold Size 61 (5) vintage,2100.0,"$2,100.00",USD,2100.0,Pre-Owned,,,,,https://www.ebay.com/itm/257612416218,Cartier,White Gold,https://www.ebay.com/b/Cartier-White-Gold-Fine-Jewelry/4196/bn_2194640
CARTIER____14k White Gold Wedding Band Ring Size 9.25,778.0,$778.00,USD,778.0,Pre-Owned,,,,,https://www.ebay.com/itm/227298115357,Cartier,White Gold,https://www.ebay.com/b/Cartier-White-Gold-Fine-Jewelry/4196/bn_2194640
Cartier Love 18k White Gold Multi-Gemstone Size 17 Bangle Bracelet,8950.0,"$8,950.00",USD,8950.0,Pre-Owned,,,,,https://www.ebay.com/itm/298582728107,Cartier,White Gold,https://www.ebay.com/b/Cartier-White-Gold-Fine-Jewelry/4196/bn_2194640
Cartier Small Model 18K White Gold Love Ring Size 58,1300.0,"$1,300.00",USD,1300.0,Pre-Owned,,,,,https://www.ebay.com/itm/406263103857,Cartier,White Gold,https://www.ebay.com/b/Cartier-White-Gold-Fine-Jewelry/4196/bn_2194640
Authentic Cartier LOVE Bracelet 18K White Gold Sz 17 w/Screwdriver Orig Owner,5799.0,"$5,799.00",USD,5799.0,Pre-Owned,,,,,https://www.ebay.com/itm/298595085980,Cartier,White Gold,https://www.ebay.com/b/Cartier-White-Gold-Fine-Jewelry/4196/bn_2194640
Cartier Love Ring Classic Model 18K White Gold 5.5mm Size 54 US 6.75 Thick Band,1295.0,"$1,295.00",USD,1295.0,Pre-Owned,,,,,https://www.ebay.com/itm/366566967119,Cartier,White Gold,https://www.ebay.com/b/Cartier-White-Gold-Fine-Jewelry/4196/bn_2194640
Cartier Love Classic 5.5mm 18K White Gold Band Ring (Size 8) w/ Certificate,1465.0,"$1,465.00",USD,1465.0,Pre-Owned,,,,,https://www.ebay.com/itm/168165788518,Cartier,White Gold,https://www.ebay.com/b/Cartier-White-Gold-Fine-Jewelry/4196/bn_2194640
Cartier Be Love Ring White Gold (18K) Fashion Diamond Band Ring Si... BF594980,1521.6,"$1,521.60",USD,1521.6,Pre-Owned,,,,,https://www.ebay.com/itm/336648116273,Cartier,White Gold,https://www.ebay.com/b/Cartier-White-Gold-Fine-Jewelry/4196/bn_2194640
Cartier Love Ring 18K White Gold 3 Diamond Band  Authentic!,1999.0,"$1,999.00",USD,1999.0,Pre-Owned,,,,,https://www.ebay.com/itm/188690299630,Cartier,White Gold,https://www.ebay.com/b/Cartier-White-Gold-Fine-Jewelry/4196/bn_2194640
Cartier Love Bracelet Classic Model 18K White Gold Size 18 Full Set,5299.99,"$5,299.99",USD,5299.99,Pre-Owned,,,,,https://www.ebay.com/itm/257599062074,Cartier,White Gold,https://www.ebay.com/b/Cartier-White-Gold-Fine-Jewelry/4196/bn_2194640
Cartier Charity Love Bracelet White Gold Ceramic Diamond ❤️💎,1395.0,"$1,395.00",USD,1395.0,Pre-Owned,,,,,https://www.ebay.com/itm/257622750731,Cartier,White Gold,https://www.ebay.com/b/Cartier-White-Gold-Fine-Jewelry/4196/bn_2194640
CARTIER ring Laniere K18 white gold #49 Brand logo metal only Used 908633,1757.0,"$1,757.00",USD,1757.0,Pre-Owned,,,,,https://www.ebay.com/itm/168594925808,Cartier,White Gold,https://www.ebay.com/b/Cartier-White-Gold-Fine-Jewelry/4196/bn_2194640
Cartier Classic Size 20 White Gold Juste un Clou Nail bracelet,7000.0,"$7,000.00",USD,7000.0,Pre-Owned,,,,,https://www.ebay.com/itm/336723570787,Cartier,White Gold,https://www.ebay.com/b/Cartier-White-Gold-Fine-Jewelry/4196/bn_2194640
Cartier 18K White Gold Or Amour Et Trinity Ring Size 5.75 #25938,2395.0,"$2,395.00",USD,2395.0,Pre-Owned,,,,,https://www.ebay.com/itm/278273374341,Cartier,White Gold,https://www.ebay.com/b/Cartier-White-Gold-Fine-Jewelry/4196/bn_2194640
Cartier Love Ring Classic Model White Gold Size 54(us 6 3/4) R3,1395.75,"$1,395.75",USD,1395.75,Pre-Owned,,,,,https://www.ebay.com/itm/257441481283,Cartier,White Gold,https://www.ebay.com/b/Cartier-White-Gold-Fine-Jewelry/4196/bn_2194640
CARTIER ring love K18 white gold #60 Screw Men's/Unisex Metal Only Used 908551,2341.0,"$2,341.00",USD,2341.0,Pre-Owned,,,,,https://www.ebay.com/itm/168587031113,Cartier,White Gold,https://www.ebay.com/b/Cartier-White-Gold-Fine-Jewelry/4196/bn_2194640
Vintage Cartier Love Ring 18K White Gold Pave Diamond Mini 59 Sz 8.75 Authentic,3449.99,"$3,449.99",USD,3449.99,Pre-Owned,,,,,https://www.ebay.com/itm/267746714015,Cartier,White Gold,https://www.ebay.com/b/Cartier-White-Gold-Fine-Jewelry/4196/bn_2194640
Authentic CARTIER 18K Pink Yellow White Gold Trinity Cord Bracelet (Red),959.0,$959.00,USD,959.0,Pre-Owned,,,,,https://www.ebay.com/itm/298439131928,Cartier,White Gold,https://www.ebay.com/b/Cartier-White-Gold-Fine-Jewelry/4196/bn_2194640
CARTIER Lanieres 18K White Gold bracelet Size 16 /294986,3126.45,"$3,126.45",USD,3126.45,Pre-Owned,,,,,https://www.ebay.com/itm/236631824558,Cartier,White Gold,https://www.ebay.com/b/Cartier-White-Gold-Fine-Jewelry/4196/bn_2194640
Cartier Vendome Louis Wedding Band Ring 18k White Gold Au 750 Size 64 (US 10.75),1599.99,"$1,599.99",USD,1599.99,Pre-Owned,,,,,https://www.ebay.com/itm/206443331513,Cartier,White Gold,https://www.ebay.com/b/Cartier-White-Gold-Fine-Jewelry/4196/bn_2194640
"Pre-owned Cartier 18K White Gold/Black Onyx Tank Ring: Wt 23.28 Gm, Sz 9.5-10",2899.0,"$2,899.00",USD,2899.0,Pre-Owned,,,,,https://www.ebay.com/itm/117207624897,Cartier,White Gold,https://www.ebay.com/b/Cartier-White-Gold-Fine-Jewelry/4196/bn_2194640
Cartier Love 18k White Gold Multi Gemstone Bangle Bracelet Size 16,8950.0,"$8,950.00",USD,8950.0,Pre-Owned,,,,,https://www.ebay.com/itm/278148215463,Cartier,White Gold,https://www.ebay.com/b/Cartier-White-Gold-Fine-Jewelry/4196/bn_2194640
Cartier Love 18K White Gold Band Ring Size 52 6mm Engraved Signed 52833A,1050.0,"$1,050.00",USD,1050.0,Pre-Owned,,,,,https://www.ebay.com/itm/137604162060,Cartier,White Gold,https://www.ebay.com/b/Cartier-White-Gold-Fine-Jewelry/4196/bn_2194640
Cartier 18K White Gold Love Ring Size 69,1800.0,"$1,800.00",USD,1800.0,Pre-Owned,,,,,https://www.ebay.com/itm/406357250079,Cartier,White Gold,https://www.ebay.com/b/Cartier-White-Gold-Fine-Jewelry/4196/bn_2194640
Cartier Love Ring Small Model size 10.25 18K 750 White Gold Ring,1190.0,"$1,190.00",USD,1190.0,Pre-Owned,,,,,https://www.ebay.com/itm/188757834187,Cartier,White Gold,https://www.ebay.com/b/Cartier-White-Gold-Fine-Jewelry/4196/bn_2194640
Cartier Love Band Ring 5.5mm in 18K White Gold 6.5g - Size 54 (EU) / 6.75 (US),1139.95,"$1,139.95",USD,1139.95,Pre-Owned,,,,,https://www.ebay.com/itm/236494767556,Cartier,White Gold,https://www.ebay.com/b/Cartier-White-Gold-Fine-Jewelry/4196/bn_2194640
Cartier Tank Française Ring White Gold (18K) Fashion No Stone Band... BF595637,2160.0,"$2,160.00",USD,2160.0,Pre-Owned,,,,,https://www.ebay.com/itm/318541749042,Cartier,White Gold,https://www.ebay.com/b/Cartier-White-Gold-Fine-Jewelry/4196/bn_2194640
Cartier Love Interlocking Necklace 18K White Gold,2100.0,"$2,100.00",USD,2100.0,New (Other),,,,,https://www.ebay.com/itm/358183220176,Cartier,White Gold,https://www.ebay.com/b/Cartier-White-Gold-Fine-Jewelry/4196/bn_2194640
Cartier LOVE Au750 18K White Gold & 6 Brilliant Cut Diamond 5.3mm Band / Ring,2800.0,"$2,800.00",USD,2800.0,Pre-Owned,,,,,https://www.ebay.com/itm/227393238585,Cartier,White Gold,https://www.ebay.com/b/Cartier-White-Gold-Fine-Jewelry/4196/bn_2194640
Cartier Santos 18K White Gold Bracelet,5000.0,"$5,000.00",USD,5000.0,Pre-Owned,,,,,https://www.ebay.com/itm/406807664857,Cartier,White Gold,https://www.ebay.com/b/Cartier-White-Gold-Fine-Jewelry/4196/bn_2194640
"Cartier Love 18K White Gold Paved Diamond Band Ring, Size 65 (US 11.25 - 11.5)",6250.0,"$6,250.00",USD,6250.0,Pre-Owned,,,,,https://www.ebay.com/itm/257664753532,Cartier,White Gold,https://www.ebay.com/b/Cartier-White-Gold-Fine-Jewelry/4196/bn_2194640
Cartier 1 Diamond Love Ring 18K White Gold Size 51 (US 5.75) W/ RealReal Receipt,900.0,$900.00,USD,900.0,Pre-Owned,,,,,https://www.ebay.com/itm/407021269694,Cartier,White Gold,https://www.ebay.com/b/Cartier-White-Gold-Fine-Jewelry/4196/bn_2194640
Cartier Trinity Cord Bracelet 18K/750 Yellow Gold White Gold Pink Gold,850.0,$850.00,USD,850.0,Pre-Owned,,,,,https://www.ebay.com/itm/117232165726,Cartier,White Gold,https://www.ebay.com/b/Cartier-White-Gold-Fine-Jewelry/4196/bn_2194640
Cartier Love 18k White Gold Size 19 Bangle Bracelet,6251.0,"$6,251.00",USD,6251.0,Pre-Owned,,,,,https://www.ebay.com/itm/298308833748,Cartier,White Gold,https://www.ebay.com/b/Cartier-White-Gold-Fine-Jewelry/4196/bn_2194640
Cartier 18K Pink Yellow & White Gold Trinity Ring Size 55,1895.0,"$1,895.00",USD,1895.0,Pre-Owned,,,,,https://www.ebay.com/itm/117082683173,Cartier,White Gold,https://www.ebay.com/b/Cartier-White-Gold-Fine-Jewelry/4196/bn_2194640
CARTIER  Caresse d'Orchidée par Cartier Diamond #47 Ring K18 White Gold  La...,1660.0,"$1,660.00",USD,1660.0,Pre-Owned,,,,,https://www.ebay.com/itm/198538549901,Cartier,White Gold,https://www.ebay.com/b/Cartier-White-Gold-Fine-Jewelry/4196/bn_2194640
"Cartier Men’s Ring, Yellow Gold, White Gold, Rose Gold, Size 59",2000.0,"$2,000.00",USD,2000.0,Pre-Owned,,,,,https://www.ebay.com/itm/397391222278,Cartier,White Gold,https://www.ebay.com/b/Cartier-White-Gold-Fine-Jewelry/4196/bn_2194640
7mm CARTIER FRANCAISE 18k White Gold Ring (63) US 10.5 -  13g of GOLD,1900.0,"$1,900.00",USD,1900.0,Pre-Owned,,,,,https://www.ebay.com/itm/127979816897,Cartier,White Gold,https://www.ebay.com/b/Cartier-White-Gold-Fine-Jewelry/4196/bn_2194640
